"Member"	"ID"	"Name"	"Desc"	"4"	"5"	"6"	"7"	"8"	"9"	"10"
"0x0002 0xFFFF031D"	"0x1100"	"Device"	"Device"	"Device"	"Device"	"Device"	"Device"	"Device"	"Device"	
"0x0002 0xFFFF031D"	"0x010D"	"Device"	"Device"	"Device"	"Device"	"Device"	"Device"	"Device"	"Device"	
"0x001A 0x031DB9AB"	"0x1100"	"EnableObjects"	"EnableObjects"	"EnableObjects"	"EnableObjects"	"EnableObjects"	"EnableObjects"	"EnableObjects"	"EnableObjects"	
"0x2302 0x00005FD9"	"0x1100"	"SysEnableAll"	"SysEnableAll"	"SysEnableAll"	"SysEnableAll"	"SysEnableAll"	"SysEnableAll"	"SysEnableAll"	"SysEnableAll"	
"0x2302 0x00005FD9"	"0x010D"	"SysEnableAll"	"SysEnableAll"	"SysEnableAll"	"SysEnableAll"	"SysEnableAll"	"SysEnableAll"	"SysEnableAll"	"SysEnableAll"	
"0x2302 0x00005FD9"	"0x1101"	"Passive*Active"	"Passive*Active"	"Passive*Active"	"Passive*Active"	"Passive*Active"	"Passive*Active"	"Passive*Active"	"Passive*Active"	
"0x2311 0x0000826E"	"0x1100"	"RoomCfg"	"RoomCfg"	"RoomCfg"	"RoomCfg"	"RoomCfg"	"RoomCfg"	"RoomCfg"	"RoomCfg"	
"0x2311 0x0000826E"	"0x010D"	"GlobalCfg.RoomCfg"	"GlobalCfg.RoomCfg"	"GlobalCfg.RoomCfg"	"GlobalCfg.RoomCfg"	"GlobalCfg.RoomCfg"	"GlobalCfg.RoomCfg"	"GlobalCfg.RoomCfg"	"GlobalCfg.RoomCfg"	
"0x2311 0x0000826E"	"0x1102"	"R1#R2#R3#R4#R5#R6#R7#R8#R9#R10#R11#R12#R13#R14#R15"	"R1#R2#R3#R4#R5#R6#R7#R8#R9#R10#R11#R12#R13#R14#R15"	"R1#R2#R3#R4#R5#R6#R7#R8#R9#R10#R11#R12#R13#R14#R15"	"R1#R2#R3#R4#R5#R6#R7#R8#R9#R10#R11#R12#R13#R14#R15"	"R1#R2#R3#R4#R5#R6#R7#R8#R9#R10#R11#R12#R13#R14#R15"	"R1#R2#R3#R4#R5#R6#R7#R8#R9#R10#R11#R12#R13#R14#R15"	"R1#R2#R3#R4#R5#R6#R7#R8#R9#R10#R11#R12#R13#R14#R15"	"R1#R2#R3#R4#R5#R6#R7#R8#R9#R10#R11#R12#R13#R14#R15"	
"0x2311 0x000049F5"	"0x1100"	"SpecialCfg"	"SpecialCfg"	"SpecialCfg"	"SpecialCfg"	"SpecialCfg"	"SpecialCfg"	"SpecialCfg"	"SpecialCfg"	
"0x2311 0x000049F5"	"0x010D"	"GlobalCfg.SpecialCfg"	"GlobalCfg.SpecialCfg"	"GlobalCfg.SpecialCfg"	"GlobalCfg.SpecialCfg"	"GlobalCfg.SpecialCfg"	"GlobalCfg.SpecialCfg"	"GlobalCfg.SpecialCfg"	"GlobalCfg.SpecialCfg"	
"0x2311 0x000049F5"	"0x1102"	"Pred#SpecCT1#SpecCT2#Avla#Admin"	"Pred#SpecCT1#SpecCT2#Avla#Admin"	"Pred#SpecCT1#SpecCT2#Avla#Admin"	"Pred#SpecCT1#SpecCT2#Avla#Admin"	"Pred#SpecCT1#SpecCT2#Avla#Admin"	"Pred#SpecCT1#SpecCT2#Avla#Admin"	"Pred#SpecCT1#SpecCT2#Avla#Admin"	"Pred#SpecCT1#SpecCT2#Avla#Admin"	
"0x2302 0x00004C91"	"0x1100"	"VlvNoR01"	"VlvNoR01"	"VlvNoR01"	"VlvNoR01"	"VlvNoR01"	"VlvNoR01"	"VlvNoR01"	"VlvNoR01"	
"0x2302 0x00004C91"	"0x010D"	"VlvNoR01"	"VlvNoR01"	"VlvNoR01"	"VlvNoR01"	"VlvNoR01"	"VlvNoR01"	"VlvNoR01"	"VlvNoR01"	
"0x2302 0x00004C91"	"0x1101"	"1*2*3*4"	"1*2*3*4"	"1*2*3*4"	"1*2*3*4"	"1*2*3*4"	"1*2*3*4"	"1*2*3*4"	"1*2*3*4"	
"0x2302 0x00007CF2"	"0x1100"	"VlvNoR02"	"VlvNoR02"	"VlvNoR02"	"VlvNoR02"	"VlvNoR02"	"VlvNoR02"	"VlvNoR02"	"VlvNoR02"	
"0x2302 0x00007CF2"	"0x010D"	"VlvNoR02"	"VlvNoR02"	"VlvNoR02"	"VlvNoR02"	"VlvNoR02"	"VlvNoR02"	"VlvNoR02"	"VlvNoR02"	
"0x2302 0x00007CF2"	"0x1101"	"1*2*3*4"	"1*2*3*4"	"1*2*3*4"	"1*2*3*4"	"1*2*3*4"	"1*2*3*4"	"1*2*3*4"	"1*2*3*4"	
"0x2302 0x00006CD3"	"0x1100"	"VlvNoR03"	"VlvNoR03"	"VlvNoR03"	"VlvNoR03"	"VlvNoR03"	"VlvNoR03"	"VlvNoR03"	"VlvNoR03"	
"0x2302 0x00006CD3"	"0x010D"	"VlvNoR03"	"VlvNoR03"	"VlvNoR03"	"VlvNoR03"	"VlvNoR03"	"VlvNoR03"	"VlvNoR03"	"VlvNoR03"	
"0x2302 0x00006CD3"	"0x1101"	"1*2*3*4"	"1*2*3*4"	"1*2*3*4"	"1*2*3*4"	"1*2*3*4"	"1*2*3*4"	"1*2*3*4"	"1*2*3*4"	
"0x2302 0x00001C34"	"0x1100"	"VlvNoR04"	"VlvNoR04"	"VlvNoR04"	"VlvNoR04"	"VlvNoR04"	"VlvNoR04"	"VlvNoR04"	"VlvNoR04"	
"0x2302 0x00001C34"	"0x010D"	"VlvNoR04"	"VlvNoR04"	"VlvNoR04"	"VlvNoR04"	"VlvNoR04"	"VlvNoR04"	"VlvNoR04"	"VlvNoR04"	
"0x2302 0x00001C34"	"0x1101"	"1*2*3*4"	"1*2*3*4"	"1*2*3*4"	"1*2*3*4"	"1*2*3*4"	"1*2*3*4"	"1*2*3*4"	"1*2*3*4"	
"0x2302 0x00000C15"	"0x1100"	"VlvNoR05"	"VlvNoR05"	"VlvNoR05"	"VlvNoR05"	"VlvNoR05"	"VlvNoR05"	"VlvNoR05"	"VlvNoR05"	
"0x2302 0x00000C15"	"0x010D"	"VlvNoR05"	"VlvNoR05"	"VlvNoR05"	"VlvNoR05"	"VlvNoR05"	"VlvNoR05"	"VlvNoR05"	"VlvNoR05"	
"0x2302 0x00000C15"	"0x1101"	"1*2*3*4"	"1*2*3*4"	"1*2*3*4"	"1*2*3*4"	"1*2*3*4"	"1*2*3*4"	"1*2*3*4"	"1*2*3*4"	
"0x2302 0x00003C76"	"0x1100"	"VlvNoR06"	"VlvNoR06"	"VlvNoR06"	"VlvNoR06"	"VlvNoR06"	"VlvNoR06"	"VlvNoR06"	"VlvNoR06"	
"0x2302 0x00003C76"	"0x010D"	"VlvNoR06"	"VlvNoR06"	"VlvNoR06"	"VlvNoR06"	"VlvNoR06"	"VlvNoR06"	"VlvNoR06"	"VlvNoR06"	
"0x2302 0x00003C76"	"0x1101"	"1*2*3*4"	"1*2*3*4"	"1*2*3*4"	"1*2*3*4"	"1*2*3*4"	"1*2*3*4"	"1*2*3*4"	"1*2*3*4"	
"0x2302 0x00002C57"	"0x1100"	"VlvNoR07"	"VlvNoR07"	"VlvNoR07"	"VlvNoR07"	"VlvNoR07"	"VlvNoR07"	"VlvNoR07"	"VlvNoR07"	
"0x2302 0x00002C57"	"0x010D"	"VlvNoR07"	"VlvNoR07"	"VlvNoR07"	"VlvNoR07"	"VlvNoR07"	"VlvNoR07"	"VlvNoR07"	"VlvNoR07"	
"0x2302 0x00002C57"	"0x1101"	"1*2*3*4"	"1*2*3*4"	"1*2*3*4"	"1*2*3*4"	"1*2*3*4"	"1*2*3*4"	"1*2*3*4"	"1*2*3*4"	
"0x2302 0x0000DDB8"	"0x1100"	"VlvNoR08"	"VlvNoR08"	"VlvNoR08"	"VlvNoR08"	"VlvNoR08"	"VlvNoR08"	"VlvNoR08"	"VlvNoR08"	
"0x2302 0x0000DDB8"	"0x010D"	"VlvNoR08"	"VlvNoR08"	"VlvNoR08"	"VlvNoR08"	"VlvNoR08"	"VlvNoR08"	"VlvNoR08"	"VlvNoR08"	
"0x2302 0x0000DDB8"	"0x1101"	"1*2*3*4"	"1*2*3*4"	"1*2*3*4"	"1*2*3*4"	"1*2*3*4"	"1*2*3*4"	"1*2*3*4"	"1*2*3*4"	
"0x2302 0x0000CD99"	"0x1100"	"VlvNoR09"	"VlvNoR09"	"VlvNoR09"	"VlvNoR09"	"VlvNoR09"	"VlvNoR09"	"VlvNoR09"	"VlvNoR09"	
"0x2302 0x0000CD99"	"0x010D"	"VlvNoR09"	"VlvNoR09"	"VlvNoR09"	"VlvNoR09"	"VlvNoR09"	"VlvNoR09"	"VlvNoR09"	"VlvNoR09"	
"0x2302 0x0000CD99"	"0x1101"	"1*2*3*4"	"1*2*3*4"	"1*2*3*4"	"1*2*3*4"	"1*2*3*4"	"1*2*3*4"	"1*2*3*4"	"1*2*3*4"	
"0x2302 0x00002E1B"	"0x1100"	"VlvNoR010"	"VlvNoR010"	"VlvNoR010"	"VlvNoR010"	"VlvNoR010"	"VlvNoR010"	"VlvNoR010"	"VlvNoR010"	
"0x2302 0x00002E1B"	"0x010D"	"VlvNoR010"	"VlvNoR010"	"VlvNoR010"	"VlvNoR010"	"VlvNoR010"	"VlvNoR010"	"VlvNoR010"	"VlvNoR010"	
"0x2302 0x00002E1B"	"0x1101"	"1*2*3*4"	"1*2*3*4"	"1*2*3*4"	"1*2*3*4"	"1*2*3*4"	"1*2*3*4"	"1*2*3*4"	"1*2*3*4"	
"0x2302 0x00003E3A"	"0x1100"	"VlvNoR011"	"VlvNoR011"	"VlvNoR011"	"VlvNoR011"	"VlvNoR011"	"VlvNoR011"	"VlvNoR011"	"VlvNoR011"	
"0x2302 0x00003E3A"	"0x010D"	"VlvNoR011"	"VlvNoR011"	"VlvNoR011"	"VlvNoR011"	"VlvNoR011"	"VlvNoR011"	"VlvNoR011"	"VlvNoR011"	
"0x2302 0x00003E3A"	"0x1101"	"1*2*3*4"	"1*2*3*4"	"1*2*3*4"	"1*2*3*4"	"1*2*3*4"	"1*2*3*4"	"1*2*3*4"	"1*2*3*4"	
"0x2302 0x00000E59"	"0x1100"	"VlvNoR012"	"VlvNoR012"	"VlvNoR012"	"VlvNoR012"	"VlvNoR012"	"VlvNoR012"	"VlvNoR012"	"VlvNoR012"	
"0x2302 0x00000E59"	"0x010D"	"VlvNoR012"	"VlvNoR012"	"VlvNoR012"	"VlvNoR012"	"VlvNoR012"	"VlvNoR012"	"VlvNoR012"	"VlvNoR012"	
"0x2302 0x00000E59"	"0x1101"	"1*2*3*4"	"1*2*3*4"	"1*2*3*4"	"1*2*3*4"	"1*2*3*4"	"1*2*3*4"	"1*2*3*4"	"1*2*3*4"	
"0x2302 0x00001E78"	"0x1100"	"VlvNoR013"	"VlvNoR013"	"VlvNoR013"	"VlvNoR013"	"VlvNoR013"	"VlvNoR013"	"VlvNoR013"	"VlvNoR013"	
"0x2302 0x00001E78"	"0x010D"	"VlvNoR013"	"VlvNoR013"	"VlvNoR013"	"VlvNoR013"	"VlvNoR013"	"VlvNoR013"	"VlvNoR013"	"VlvNoR013"	
"0x2302 0x00001E78"	"0x1101"	"1*2*3*4"	"1*2*3*4"	"1*2*3*4"	"1*2*3*4"	"1*2*3*4"	"1*2*3*4"	"1*2*3*4"	"1*2*3*4"	
"0x2302 0x00006E9F"	"0x1100"	"VlvNoR014"	"VlvNoR014"	"VlvNoR014"	"VlvNoR014"	"VlvNoR014"	"VlvNoR014"	"VlvNoR014"	"VlvNoR014"	
"0x2302 0x00006E9F"	"0x010D"	"VlvNoR014"	"VlvNoR014"	"VlvNoR014"	"VlvNoR014"	"VlvNoR014"	"VlvNoR014"	"VlvNoR014"	"VlvNoR014"	
"0x2302 0x00006E9F"	"0x1101"	"1*2*3*4"	"1*2*3*4"	"1*2*3*4"	"1*2*3*4"	"1*2*3*4"	"1*2*3*4"	"1*2*3*4"	"1*2*3*4"	
"0x2302 0x00007EBE"	"0x1100"	"VlvNoR015"	"VlvNoR015"	"VlvNoR015"	"VlvNoR015"	"VlvNoR015"	"VlvNoR015"	"VlvNoR015"	"VlvNoR015"	
"0x2302 0x00007EBE"	"0x010D"	"VlvNoR015"	"VlvNoR015"	"VlvNoR015"	"VlvNoR015"	"VlvNoR015"	"VlvNoR015"	"VlvNoR015"	"VlvNoR015"	
"0x2302 0x00007EBE"	"0x1101"	"1*2*3*4"	"1*2*3*4"	"1*2*3*4"	"1*2*3*4"	"1*2*3*4"	"1*2*3*4"	"1*2*3*4"	"1*2*3*4"	
"0x001A 0x031DD1CE"	"0x1100"	"SystemObjects"	"SystemObjects"	"SystemObjects"	"SystemObjects"	"SystemObjects"	"SystemObjects"	"SystemObjects"	"SystemObjects"	
"0x0019 0x00000001"	"0x1100"	"DiagObjHandler"	"DiagObjHandler"	"DiagObjHandler"	"DiagObjHandler"	"DiagObjHandler"	"DiagObjHandler"	"DiagObjHandler"	"DiagObjHandler"	
"0x0019 0x00000001"	"0x1101"	"Last*Previous*Factory*OEMFactory*ApplicDefault*Application"	"Last*Previous*Factory*OEMFactory*ApplicDefault*Application"	"Last*Previous*Factory*OEMFactory*ApplicDefault*Application"	"Last*Previous*Factory*OEMFactory*ApplicDefault*Application"	"Last*Previous*Factory*OEMFactory*ApplicDefault*Application"	"Last*Previous*Factory*OEMFactory*ApplicDefault*Application"	"Last*Previous*Factory*OEMFactory*ApplicDefault*Application"	"Last*Previous*Factory*OEMFactory*ApplicDefault*Application"	
"0x0010 0x00000001"	"0x1100"	"SystemClock"	"SystemClock"	"SystemClock"	"SystemClock"	"SystemClock"	"SystemClock"	"SystemClock"	"SystemClock"	
"0x0024 0x00000001"	"0x1100"	"Target"	"Target"	"Target"	"Target"	"Target"	"Target"	"Target"	"Target"	
"0x0024 0x00000001"	"0x1200"	"NoFiles*FilesAvailable*Active*Busy"	"NoFiles*FilesAvailable*Active*Busy"	"NoFiles*FilesAvailable*Active*Busy"	"NoFiles*FilesAvailable*Active*Busy"	"NoFiles*FilesAvailable*Active*Busy"	"NoFiles*FilesAvailable*Active*Busy"	"NoFiles*FilesAvailable*Active*Busy"	"NoFiles*FilesAvailable*Active*Busy"	
"0x0024 0x00000001"	"0x1201"	"NoCard*ReadOnly*ReadWrite"	"NoCard*ReadOnly*ReadWrite"	"NoCard*ReadOnly*ReadWrite"	"NoCard*ReadOnly*ReadWrite"	"NoCard*ReadOnly*ReadWrite"	"NoCard*ReadOnly*ReadWrite"	"NoCard*ReadOnly*ReadWrite"	"NoCard*ReadOnly*ReadWrite"	
"0x0024 0x00000001"	"0x1202"	"None*Active*Finished*Error"	"None*Active*Finished*Error"	"None*Active*Finished*Error"	"None*Active*Finished*Error"	"None*Active*Finished*Error"	"None*Active*Finished*Error"	"None*Active*Finished*Error"	"None*Active*Finished*Error"	
"0x0024 0x00000001"	"0x1103"	"1Polarization#2Polarization#2Termination"	"1Polarization#2Polarization#2Termination"	"1Polarization#2Polarization#2Termination"	"1Polarization#2Polarization#2Termination"	"1Polarization#2Polarization#2Termination"	"1Polarization#2Polarization#2Termination"	"1Polarization#2Polarization#2Termination"	"1Polarization#2Polarization#2Termination"	
"0x0024 0x00000001"	"0x1102"	"°C"	"°C"	"°C"	"°C"	"°C"	"°C"	"°C"	"°C"	
"0x0023 0x00000001"	"0x1100"	"ProcessBus"	"ProcessBus"	"ProcessBus"	"ProcessBus"	"ProcessBus"	"ProcessBus"	"ProcessBus"	"ProcessBus"	
"0x0023 0x00000001"	"0x1200"	"OK*Init*DAA*DoubleID*BufferOverflow*Hardware"	"OK*Init*DAA*DoubleID*BufferOverflow*Hardware"	"OK*Init*DAA*DoubleID*BufferOverflow*Hardware"	"OK*Init*DAA*DoubleID*BufferOverflow*Hardware"	"OK*Init*DAA*DoubleID*BufferOverflow*Hardware"	"OK*Init*DAA*DoubleID*BufferOverflow*Hardware"	"OK*Init*DAA*DoubleID*BufferOverflow*Hardware"	"OK*Init*DAA*DoubleID*BufferOverflow*Hardware"	
"0x0022 0x00000001"	"0x1100"	"IP-Config"	"IP-Config"	"IP-Config"	"IP-Config"	"IP-Config"	"IP-Config"	"IP-Config"	"IP-Config"	
"0x0032 0x00000001"	"0x1100"	"CSL-Config"	"CSL-Config"	"CSL-Config"	"CSL-Config"	"CSL-Config"	"CSL-Config"	"CSL-Config"	"CSL-Config"	
"0x0032 0x00000001"	"0x1101"	"Disabled*Deprecated*Enabled"	"Disabled*Deprecated*Enabled"	"Disabled*Deprecated*Enabled"	"Disabled*Deprecated*Enabled"	"Disabled*Deprecated*Enabled"	"Disabled*Deprecated*Enabled"	"Disabled*Deprecated*Enabled"	"Disabled*Deprecated*Enabled"	
"0x0032 0x00000001"	"0x1200"	"OK*-*IPErr*ServerErr*InternalErr*ResponseErr"	"OK*-*IPErr*ServerErr*InternalErr*ResponseErr"	"OK*-*IPErr*ServerErr*InternalErr*ResponseErr"	"OK*-*IPErr*ServerErr*InternalErr*ResponseErr"	"OK*-*IPErr*ServerErr*InternalErr*ResponseErr"	"OK*-*IPErr*ServerErr*InternalErr*ResponseErr"	"OK*-*IPErr*ServerErr*InternalErr*ResponseErr"	"OK*-*IPErr*ServerErr*InternalErr*ResponseErr"	
"0x0032 0x00000001"	"0x1201"	"-*IPErr*Init*InitErr*Reg*RegErr*Description*Connected"	"-*IPErr*Init*InitErr*Reg*RegErr*Description*Connected"	"-*IPErr*Init*InitErr*Reg*RegErr*Description*Connected"	"-*IPErr*Init*InitErr*Reg*RegErr*Description*Connected"	"-*IPErr*Init*InitErr*Reg*RegErr*Description*Connected"	"-*IPErr*Init*InitErr*Reg*RegErr*Description*Connected"	"-*IPErr*Init*InitErr*Reg*RegErr*Description*Connected"	"-*IPErr*Init*InitErr*Reg*RegErr*Description*Connected"	
"0x0032 0x00000001"	"0x1202"	"Wait*Yes*No"	"Wait*Yes*No"	"Wait*Yes*No"	"Wait*Yes*No"	"Wait*Yes*No"	"Wait*Yes*No"	"Wait*Yes*No"	"Wait*Yes*No"	
"0x0032 0x00000001"	"0x1102"	"Domain#Time#SelfSigned#RootCA"	"Domain#Time#SelfSigned#RootCA"	"Domain#Time#SelfSigned#RootCA"	"Domain#Time#SelfSigned#RootCA"	"Domain#Time#SelfSigned#RootCA"	"Domain#Time#SelfSigned#RootCA"	"Domain#Time#SelfSigned#RootCA"	"Domain#Time#SelfSigned#RootCA"	
"0x0032 0x00000001"	"0x1103"	"RTA#TLS1.3#EnhancedLog"	"RTA#TLS1.3#EnhancedLog"	"RTA#TLS1.3#EnhancedLog"	"RTA#TLS1.3#EnhancedLog"	"RTA#TLS1.3#EnhancedLog"	"RTA#TLS1.3#EnhancedLog"	"RTA#TLS1.3#EnhancedLog"	"RTA#TLS1.3#EnhancedLog"	
"0x0038 0x00000001"	"0x1100"	"WLAN-Config"	"WLAN-Config"	"WLAN-Config"	"WLAN-Config"	"WLAN-Config"	"WLAN-Config"	"WLAN-Config"	"WLAN-Config"	
"0x0038 0x00000001"	"0x1200"	"Off*Station*AccessPoint*noDevice*notConnected"	"Off*Station*AccessPoint*noDevice*notConnected"	"Off*Station*AccessPoint*noDevice*notConnected"	"Off*Station*AccessPoint*noDevice*notConnected"	"Off*Station*AccessPoint*noDevice*notConnected"	"Off*Station*AccessPoint*noDevice*notConnected"	"Off*Station*AccessPoint*noDevice*notConnected"	"Off*Station*AccessPoint*noDevice*notConnected"	
"0x0034 0x00000001"	"0x1100"	"BACnet"	"BACnet"	"BACnet"	"BACnet"	"BACnet"	"BACnet"	"BACnet"	"BACnet"	
"0x0034 0x00000001"	"0x1200"	"Both*Transmit*Receive*No"	"Both*Transmit*Receive*No"	"Both*Transmit*Receive*No"	"Both*Transmit*Receive*No"	"Both*Transmit*Receive*No"	"Both*Transmit*Receive*No"	"Both*Transmit*Receive*No"	"Both*Transmit*Receive*No"	
"0x0034 0x00000001"	"0x1201"	"auto*ANSI/UTF-8*ISO-8859-1*UCS-2"	"auto*ANSI/UTF-8*ISO-8859-1*UCS-2"	"auto*ANSI/UTF-8*ISO-8859-1*UCS-2"	"auto*ANSI/UTF-8*ISO-8859-1*UCS-2"	"auto*ANSI/UTF-8*ISO-8859-1*UCS-2"	"auto*ANSI/UTF-8*ISO-8859-1*UCS-2"	"auto*ANSI/UTF-8*ISO-8859-1*UCS-2"	"auto*ANSI/UTF-8*ISO-8859-1*UCS-2"	
"0x0034 0x00000001"	"0x1202"	"OK*Init*NoActivePort*StacErr*Term*NoLic"	"OK*Init*NoActivePort*StacErr*Term*NoLic"	"OK*Init*NoActivePort*StacErr*Term*NoLic"	"OK*Init*NoActivePort*StacErr*Term*NoLic"	"OK*Init*NoActivePort*StacErr*Term*NoLic"	"OK*Init*NoActivePort*StacErr*Term*NoLic"	"OK*Init*NoActivePort*StacErr*Term*NoLic"	"OK*Init*NoActivePort*StacErr*Term*NoLic"	
"0x0040 0x00000001"	"0x1100"	"OPC-UA"	"OPC-UA"	"OPC-UA"	"OPC-UA"	"OPC-UA"	"OPC-UA"	"OPC-UA"	"OPC-UA"	
"0x0040 0x00000001"	"0x1200"	"Run*Init*Disabled*NoLic*InitFailed*Shutdown*Stop*NoLink"	"Run*Init*Disabled*NoLic*InitFailed*Shutdown*Stop*NoLink"	"Run*Init*Disabled*NoLic*InitFailed*Shutdown*Stop*NoLink"	"Run*Init*Disabled*NoLic*InitFailed*Shutdown*Stop*NoLink"	"Run*Init*Disabled*NoLic*InitFailed*Shutdown*Stop*NoLink"	"Run*Init*Disabled*NoLic*InitFailed*Shutdown*Stop*NoLink"	"Run*Init*Disabled*NoLic*InitFailed*Shutdown*Stop*NoLink"	"Run*Init*Disabled*NoLic*InitFailed*Shutdown*Stop*NoLink"	
"0x0041 0x00000001"	"0x1100"	"LicMngr"	"LicMngr"	"LicMngr"	"LicMngr"	"LicMngr"	"LicMngr"	"LicMngr"	"LicMngr"	
"0x0021 0x00000001"	"0x1100"	"IOExtensionBus"	"IOExtensionBus"	"IOExtensionBus"	"IOExtensionBus"	"IOExtensionBus"	"IOExtensionBus"	"IOExtensionBus"	"IOExtensionBus"	
"0x0033 0x00000001"	"0x1100"	"EventHistory"	"EventHistory"	"EventHistory"	"EventHistory"	"EventHistory"	"EventHistory"	"EventHistory"	"EventHistory"	
"0x0033 0x00000001"	"0x1101"	"Time*ObjID*Class*State"	"Time*ObjID*Class*State"	"Time*ObjID*Class*State"	"Time*ObjID*Class*State"	"Time*ObjID*Class*State"	"Time*ObjID*Class*State"	"Time*ObjID*Class*State"	"Time*ObjID*Class*State"	
"0x002E 0x00000001"	"0x1100"	"AlarmSnapshot"	"AlarmSnapshot"	"AlarmSnapshot"	"AlarmSnapshot"	"AlarmSnapshot"	"AlarmSnapshot"	"AlarmSnapshot"	"AlarmSnapshot"	
"0x002E 0x00000001"	"0x1101"	"NotUsed*Init*Free*Active*Stored"	"NotUsed*Init*Free*Active*Stored"	"NotUsed*Init*Free*Active*Stored"	"NotUsed*Init*Free*Active*Stored"	"NotUsed*Init*Free*Active*Stored"	"NotUsed*Init*Free*Active*Stored"	"NotUsed*Init*Free*Active*Stored"	"NotUsed*Init*Free*Active*Stored"	
"0x002E 0x00000001"	"0x1200"	"Time*ObjID*Class"	"Time*ObjID*Class"	"Time*ObjID*Class"	"Time*ObjID*Class"	"Time*ObjID*Class"	"Time*ObjID*Class"	"Time*ObjID*Class"	"Time*ObjID*Class"	
"0x002E 0x00000001"	"0x1201"	"Passive*Metric*Imperial"	"Passive*Metric*Imperial"	"Passive*Metric*Imperial"	"Passive*Metric*Imperial"	"Passive*Metric*Imperial"	"Passive*Metric*Imperial"	"Passive*Metric*Imperial"	"Passive*Metric*Imperial"	
"0x0027 0x00000001"	"0x1100"	"HMI"	"HMI"	"HMI"	"HMI"	"HMI"	"HMI"	"HMI"	"HMI"	
"0x0027 0x00000001"	"0x1103"	"Enable Line Suppression#n.a.#Disable backlight#Allways On"	"Enable Line Suppression#n.a.#Disable backlight#Allways On"	"Enable Line Suppression#n.a.#Disable backlight#Allways On"	"Enable Line Suppression#n.a.#Disable backlight#Allways On"	"Enable Line Suppression#n.a.#Disable backlight#Allways On"	"Enable Line Suppression#n.a.#Disable backlight#Allways On"	"Enable Line Suppression#n.a.#Disable backlight#Allways On"	"Enable Line Suppression#n.a.#Disable backlight#Allways On"	
"0x0027 0x00000001"	"0x1102"	"°C"	"°C"	"°C"	"°C"	"°C"	"°C"	"°C"	"°C"	
"0x0027 0x00000001"	"0x1101"	"0*1*2*3*4*5*6*7*8*9*10*not supported"	"0*1*2*3*4*5*6*7*8*9*10*not supported"	"0*1*2*3*4*5*6*7*8*9*10*not supported"	"0*1*2*3*4*5*6*7*8*9*10*not supported"	"0*1*2*3*4*5*6*7*8*9*10*not supported"	"0*1*2*3*4*5*6*7*8*9*10*not supported"	"0*1*2*3*4*5*6*7*8*9*10*not supported"	"0*1*2*3*4*5*6*7*8*9*10*not supported"	
"0x0028 0x00000001"	"0x1100"	"HMIPassword"	"HMIPassword"	"HMIPassword"	"HMIPassword"	"HMIPassword"	"HMIPassword"	"HMIPassword"	"HMIPassword"	
"0x002C 0x00000001"	"0x1100"	"Archive"	"Archive"	"Archive"	"Archive"	"Archive"	"Archive"	"Archive"	"Archive"	
"0x002C 0x00000001"	"0x1101"	"Invalid*Error*Stop*Running*ReConfigure"	"Invalid*Error*Stop*Running*ReConfigure"	"Invalid*Error*Stop*Running*ReConfigure"	"Invalid*Error*Stop*Running*ReConfigure"	"Invalid*Error*Stop*Running*ReConfigure"	"Invalid*Error*Stop*Running*ReConfigure"	"Invalid*Error*Stop*Running*ReConfigure"	"Invalid*Error*Stop*Running*ReConfigure"	
"0x001A 0x00006E57"	"0x1100"	"Trend"	"Trend"	"Trend"	"Trend"	"Trend"	"Trend"	"Trend"	"Trend"	
"0x002D 0x00000001"	"0x1100"	"Trend01"	"Trend01"	"Trend01"	"Trend01"	"Trend01"	"Trend01"	"Trend01"	"Trend01"	
"0x002D 0x00000001"	"0x1101"	"Free*Running*Stop*Erase*Full*Export"	"Free*Running*Stop*Erase*Full*Export"	"Free*Running*Stop*Erase*Full*Export"	"Free*Running*Stop*Erase*Full*Export"	"Free*Running*Stop*Erase*Full*Export"	"Free*Running*Stop*Erase*Full*Export"	"Free*Running*Stop*Erase*Full*Export"	"Free*Running*Stop*Erase*Full*Export"	
"0x002D 0x00000001"	"0x1200"	"Passive*Values*Configuration"	"Passive*Values*Configuration"	"Passive*Values*Configuration"	"Passive*Values*Configuration"	"Passive*Values*Configuration"	"Passive*Values*Configuration"	"Passive*Values*Configuration"	"Passive*Values*Configuration"	
"0x002D 0x00000001"	"0x1201"	"Passive*Metric*Imperial"	"Passive*Metric*Imperial"	"Passive*Metric*Imperial"	"Passive*Metric*Imperial"	"Passive*Metric*Imperial"	"Passive*Metric*Imperial"	"Passive*Metric*Imperial"	"Passive*Metric*Imperial"	
"0x002D 0x00000002"	"0x1100"	"Trend02"	"Trend02"	"Trend02"	"Trend02"	"Trend02"	"Trend02"	"Trend02"	"Trend02"	
"0x002D 0x00000002"	"0x1101"	"Free*Running*Stop*Erase*Full*Export"	"Free*Running*Stop*Erase*Full*Export"	"Free*Running*Stop*Erase*Full*Export"	"Free*Running*Stop*Erase*Full*Export"	"Free*Running*Stop*Erase*Full*Export"	"Free*Running*Stop*Erase*Full*Export"	"Free*Running*Stop*Erase*Full*Export"	"Free*Running*Stop*Erase*Full*Export"	
"0x002D 0x00000002"	"0x1200"	"Passive*Values*Configuration"	"Passive*Values*Configuration"	"Passive*Values*Configuration"	"Passive*Values*Configuration"	"Passive*Values*Configuration"	"Passive*Values*Configuration"	"Passive*Values*Configuration"	"Passive*Values*Configuration"	
"0x002D 0x00000002"	"0x1201"	"Passive*Metric*Imperial"	"Passive*Metric*Imperial"	"Passive*Metric*Imperial"	"Passive*Metric*Imperial"	"Passive*Metric*Imperial"	"Passive*Metric*Imperial"	"Passive*Metric*Imperial"	"Passive*Metric*Imperial"	
"0x002D 0x00000003"	"0x1100"	"Trend03"	"Trend03"	"Trend03"	"Trend03"	"Trend03"	"Trend03"	"Trend03"	"Trend03"	
"0x002D 0x00000003"	"0x1101"	"Free*Running*Stop*Erase*Full*Export"	"Free*Running*Stop*Erase*Full*Export"	"Free*Running*Stop*Erase*Full*Export"	"Free*Running*Stop*Erase*Full*Export"	"Free*Running*Stop*Erase*Full*Export"	"Free*Running*Stop*Erase*Full*Export"	"Free*Running*Stop*Erase*Full*Export"	"Free*Running*Stop*Erase*Full*Export"	
"0x002D 0x00000003"	"0x1200"	"Passive*Values*Configuration"	"Passive*Values*Configuration"	"Passive*Values*Configuration"	"Passive*Values*Configuration"	"Passive*Values*Configuration"	"Passive*Values*Configuration"	"Passive*Values*Configuration"	"Passive*Values*Configuration"	
"0x002D 0x00000003"	"0x1201"	"Passive*Metric*Imperial"	"Passive*Metric*Imperial"	"Passive*Metric*Imperial"	"Passive*Metric*Imperial"	"Passive*Metric*Imperial"	"Passive*Metric*Imperial"	"Passive*Metric*Imperial"	"Passive*Metric*Imperial"	
"0x002D 0x00000004"	"0x1100"	"Trend04"	"Trend04"	"Trend04"	"Trend04"	"Trend04"	"Trend04"	"Trend04"	"Trend04"	
"0x002D 0x00000004"	"0x1101"	"Free*Running*Stop*Erase*Full*Export"	"Free*Running*Stop*Erase*Full*Export"	"Free*Running*Stop*Erase*Full*Export"	"Free*Running*Stop*Erase*Full*Export"	"Free*Running*Stop*Erase*Full*Export"	"Free*Running*Stop*Erase*Full*Export"	"Free*Running*Stop*Erase*Full*Export"	"Free*Running*Stop*Erase*Full*Export"	
"0x002D 0x00000004"	"0x1200"	"Passive*Values*Configuration"	"Passive*Values*Configuration"	"Passive*Values*Configuration"	"Passive*Values*Configuration"	"Passive*Values*Configuration"	"Passive*Values*Configuration"	"Passive*Values*Configuration"	"Passive*Values*Configuration"	
"0x002D 0x00000004"	"0x1201"	"Passive*Metric*Imperial"	"Passive*Metric*Imperial"	"Passive*Metric*Imperial"	"Passive*Metric*Imperial"	"Passive*Metric*Imperial"	"Passive*Metric*Imperial"	"Passive*Metric*Imperial"	"Passive*Metric*Imperial"	
"0x002D 0x00000005"	"0x1100"	"Trend05"	"Trend05"	"Trend05"	"Trend05"	"Trend05"	"Trend05"	"Trend05"	"Trend05"	
"0x002D 0x00000005"	"0x1101"	"Free*Running*Stop*Erase*Full*Export"	"Free*Running*Stop*Erase*Full*Export"	"Free*Running*Stop*Erase*Full*Export"	"Free*Running*Stop*Erase*Full*Export"	"Free*Running*Stop*Erase*Full*Export"	"Free*Running*Stop*Erase*Full*Export"	"Free*Running*Stop*Erase*Full*Export"	"Free*Running*Stop*Erase*Full*Export"	
"0x002D 0x00000005"	"0x1200"	"Passive*Values*Configuration"	"Passive*Values*Configuration"	"Passive*Values*Configuration"	"Passive*Values*Configuration"	"Passive*Values*Configuration"	"Passive*Values*Configuration"	"Passive*Values*Configuration"	"Passive*Values*Configuration"	
"0x002D 0x00000005"	"0x1201"	"Passive*Metric*Imperial"	"Passive*Metric*Imperial"	"Passive*Metric*Imperial"	"Passive*Metric*Imperial"	"Passive*Metric*Imperial"	"Passive*Metric*Imperial"	"Passive*Metric*Imperial"	"Passive*Metric*Imperial"	
"0x002D 0x00000006"	"0x1100"	"Trend06"	"Trend06"	"Trend06"	"Trend06"	"Trend06"	"Trend06"	"Trend06"	"Trend06"	
"0x002D 0x00000006"	"0x1101"	"Free*Running*Stop*Erase*Full*Export"	"Free*Running*Stop*Erase*Full*Export"	"Free*Running*Stop*Erase*Full*Export"	"Free*Running*Stop*Erase*Full*Export"	"Free*Running*Stop*Erase*Full*Export"	"Free*Running*Stop*Erase*Full*Export"	"Free*Running*Stop*Erase*Full*Export"	"Free*Running*Stop*Erase*Full*Export"	
"0x002D 0x00000006"	"0x1200"	"Passive*Values*Configuration"	"Passive*Values*Configuration"	"Passive*Values*Configuration"	"Passive*Values*Configuration"	"Passive*Values*Configuration"	"Passive*Values*Configuration"	"Passive*Values*Configuration"	"Passive*Values*Configuration"	
"0x002D 0x00000006"	"0x1201"	"Passive*Metric*Imperial"	"Passive*Metric*Imperial"	"Passive*Metric*Imperial"	"Passive*Metric*Imperial"	"Passive*Metric*Imperial"	"Passive*Metric*Imperial"	"Passive*Metric*Imperial"	"Passive*Metric*Imperial"	
"0x002D 0x00000007"	"0x1100"	"Trend07"	"Trend07"	"Trend07"	"Trend07"	"Trend07"	"Trend07"	"Trend07"	"Trend07"	
"0x002D 0x00000007"	"0x1101"	"Free*Running*Stop*Erase*Full*Export"	"Free*Running*Stop*Erase*Full*Export"	"Free*Running*Stop*Erase*Full*Export"	"Free*Running*Stop*Erase*Full*Export"	"Free*Running*Stop*Erase*Full*Export"	"Free*Running*Stop*Erase*Full*Export"	"Free*Running*Stop*Erase*Full*Export"	"Free*Running*Stop*Erase*Full*Export"	
"0x002D 0x00000007"	"0x1200"	"Passive*Values*Configuration"	"Passive*Values*Configuration"	"Passive*Values*Configuration"	"Passive*Values*Configuration"	"Passive*Values*Configuration"	"Passive*Values*Configuration"	"Passive*Values*Configuration"	"Passive*Values*Configuration"	
"0x002D 0x00000007"	"0x1201"	"Passive*Metric*Imperial"	"Passive*Metric*Imperial"	"Passive*Metric*Imperial"	"Passive*Metric*Imperial"	"Passive*Metric*Imperial"	"Passive*Metric*Imperial"	"Passive*Metric*Imperial"	"Passive*Metric*Imperial"	
"0x002D 0x00000008"	"0x1100"	"Trend08"	"Trend08"	"Trend08"	"Trend08"	"Trend08"	"Trend08"	"Trend08"	"Trend08"	
"0x002D 0x00000008"	"0x1101"	"Free*Running*Stop*Erase*Full*Export"	"Free*Running*Stop*Erase*Full*Export"	"Free*Running*Stop*Erase*Full*Export"	"Free*Running*Stop*Erase*Full*Export"	"Free*Running*Stop*Erase*Full*Export"	"Free*Running*Stop*Erase*Full*Export"	"Free*Running*Stop*Erase*Full*Export"	"Free*Running*Stop*Erase*Full*Export"	
"0x002D 0x00000008"	"0x1200"	"Passive*Values*Configuration"	"Passive*Values*Configuration"	"Passive*Values*Configuration"	"Passive*Values*Configuration"	"Passive*Values*Configuration"	"Passive*Values*Configuration"	"Passive*Values*Configuration"	"Passive*Values*Configuration"	
"0x002D 0x00000008"	"0x1201"	"Passive*Metric*Imperial"	"Passive*Metric*Imperial"	"Passive*Metric*Imperial"	"Passive*Metric*Imperial"	"Passive*Metric*Imperial"	"Passive*Metric*Imperial"	"Passive*Metric*Imperial"	"Passive*Metric*Imperial"	
"0x002D 0x00000009"	"0x1100"	"Trend09"	"Trend09"	"Trend09"	"Trend09"	"Trend09"	"Trend09"	"Trend09"	"Trend09"	
"0x002D 0x00000009"	"0x1101"	"Free*Running*Stop*Erase*Full*Export"	"Free*Running*Stop*Erase*Full*Export"	"Free*Running*Stop*Erase*Full*Export"	"Free*Running*Stop*Erase*Full*Export"	"Free*Running*Stop*Erase*Full*Export"	"Free*Running*Stop*Erase*Full*Export"	"Free*Running*Stop*Erase*Full*Export"	"Free*Running*Stop*Erase*Full*Export"	
"0x002D 0x00000009"	"0x1200"	"Passive*Values*Configuration"	"Passive*Values*Configuration"	"Passive*Values*Configuration"	"Passive*Values*Configuration"	"Passive*Values*Configuration"	"Passive*Values*Configuration"	"Passive*Values*Configuration"	"Passive*Values*Configuration"	
"0x002D 0x00000009"	"0x1201"	"Passive*Metric*Imperial"	"Passive*Metric*Imperial"	"Passive*Metric*Imperial"	"Passive*Metric*Imperial"	"Passive*Metric*Imperial"	"Passive*Metric*Imperial"	"Passive*Metric*Imperial"	"Passive*Metric*Imperial"	
"0x002D 0x0000000A"	"0x1100"	"Trend10"	"Trend10"	"Trend10"	"Trend10"	"Trend10"	"Trend10"	"Trend10"	"Trend10"	
"0x002D 0x0000000A"	"0x1101"	"Free*Running*Stop*Erase*Full*Export"	"Free*Running*Stop*Erase*Full*Export"	"Free*Running*Stop*Erase*Full*Export"	"Free*Running*Stop*Erase*Full*Export"	"Free*Running*Stop*Erase*Full*Export"	"Free*Running*Stop*Erase*Full*Export"	"Free*Running*Stop*Erase*Full*Export"	"Free*Running*Stop*Erase*Full*Export"	
"0x002D 0x0000000A"	"0x1200"	"Passive*Values*Configuration"	"Passive*Values*Configuration"	"Passive*Values*Configuration"	"Passive*Values*Configuration"	"Passive*Values*Configuration"	"Passive*Values*Configuration"	"Passive*Values*Configuration"	"Passive*Values*Configuration"	
"0x002D 0x0000000A"	"0x1201"	"Passive*Metric*Imperial"	"Passive*Metric*Imperial"	"Passive*Metric*Imperial"	"Passive*Metric*Imperial"	"Passive*Metric*Imperial"	"Passive*Metric*Imperial"	"Passive*Metric*Imperial"	"Passive*Metric*Imperial"	
"0x002D 0x0000000B"	"0x1100"	"Trend11"	"Trend11"	"Trend11"	"Trend11"	"Trend11"	"Trend11"	"Trend11"	"Trend11"	
"0x002D 0x0000000B"	"0x1101"	"Free*Running*Stop*Erase*Full*Export"	"Free*Running*Stop*Erase*Full*Export"	"Free*Running*Stop*Erase*Full*Export"	"Free*Running*Stop*Erase*Full*Export"	"Free*Running*Stop*Erase*Full*Export"	"Free*Running*Stop*Erase*Full*Export"	"Free*Running*Stop*Erase*Full*Export"	"Free*Running*Stop*Erase*Full*Export"	
"0x002D 0x0000000B"	"0x1200"	"Passive*Values*Configuration"	"Passive*Values*Configuration"	"Passive*Values*Configuration"	"Passive*Values*Configuration"	"Passive*Values*Configuration"	"Passive*Values*Configuration"	"Passive*Values*Configuration"	"Passive*Values*Configuration"	
"0x002D 0x0000000B"	"0x1201"	"Passive*Metric*Imperial"	"Passive*Metric*Imperial"	"Passive*Metric*Imperial"	"Passive*Metric*Imperial"	"Passive*Metric*Imperial"	"Passive*Metric*Imperial"	"Passive*Metric*Imperial"	"Passive*Metric*Imperial"	
"0x002D 0x0000000C"	"0x1100"	"Trend12"	"Trend12"	"Trend12"	"Trend12"	"Trend12"	"Trend12"	"Trend12"	"Trend12"	
"0x002D 0x0000000C"	"0x1101"	"Free*Running*Stop*Erase*Full*Export"	"Free*Running*Stop*Erase*Full*Export"	"Free*Running*Stop*Erase*Full*Export"	"Free*Running*Stop*Erase*Full*Export"	"Free*Running*Stop*Erase*Full*Export"	"Free*Running*Stop*Erase*Full*Export"	"Free*Running*Stop*Erase*Full*Export"	"Free*Running*Stop*Erase*Full*Export"	
"0x002D 0x0000000C"	"0x1200"	"Passive*Values*Configuration"	"Passive*Values*Configuration"	"Passive*Values*Configuration"	"Passive*Values*Configuration"	"Passive*Values*Configuration"	"Passive*Values*Configuration"	"Passive*Values*Configuration"	"Passive*Values*Configuration"	
"0x002D 0x0000000C"	"0x1201"	"Passive*Metric*Imperial"	"Passive*Metric*Imperial"	"Passive*Metric*Imperial"	"Passive*Metric*Imperial"	"Passive*Metric*Imperial"	"Passive*Metric*Imperial"	"Passive*Metric*Imperial"	"Passive*Metric*Imperial"	
"0x002D 0x0000000D"	"0x1100"	"Trend13"	"Trend13"	"Trend13"	"Trend13"	"Trend13"	"Trend13"	"Trend13"	"Trend13"	
"0x002D 0x0000000D"	"0x1101"	"Free*Running*Stop*Erase*Full*Export"	"Free*Running*Stop*Erase*Full*Export"	"Free*Running*Stop*Erase*Full*Export"	"Free*Running*Stop*Erase*Full*Export"	"Free*Running*Stop*Erase*Full*Export"	"Free*Running*Stop*Erase*Full*Export"	"Free*Running*Stop*Erase*Full*Export"	"Free*Running*Stop*Erase*Full*Export"	
"0x002D 0x0000000D"	"0x1200"	"Passive*Values*Configuration"	"Passive*Values*Configuration"	"Passive*Values*Configuration"	"Passive*Values*Configuration"	"Passive*Values*Configuration"	"Passive*Values*Configuration"	"Passive*Values*Configuration"	"Passive*Values*Configuration"	
"0x002D 0x0000000D"	"0x1201"	"Passive*Metric*Imperial"	"Passive*Metric*Imperial"	"Passive*Metric*Imperial"	"Passive*Metric*Imperial"	"Passive*Metric*Imperial"	"Passive*Metric*Imperial"	"Passive*Metric*Imperial"	"Passive*Metric*Imperial"	
"0x002D 0x0000000E"	"0x1100"	"Trend14"	"Trend14"	"Trend14"	"Trend14"	"Trend14"	"Trend14"	"Trend14"	"Trend14"	
"0x002D 0x0000000E"	"0x1101"	"Free*Running*Stop*Erase*Full*Export"	"Free*Running*Stop*Erase*Full*Export"	"Free*Running*Stop*Erase*Full*Export"	"Free*Running*Stop*Erase*Full*Export"	"Free*Running*Stop*Erase*Full*Export"	"Free*Running*Stop*Erase*Full*Export"	"Free*Running*Stop*Erase*Full*Export"	"Free*Running*Stop*Erase*Full*Export"	
"0x002D 0x0000000E"	"0x1200"	"Passive*Values*Configuration"	"Passive*Values*Configuration"	"Passive*Values*Configuration"	"Passive*Values*Configuration"	"Passive*Values*Configuration"	"Passive*Values*Configuration"	"Passive*Values*Configuration"	"Passive*Values*Configuration"	
"0x002D 0x0000000E"	"0x1201"	"Passive*Metric*Imperial"	"Passive*Metric*Imperial"	"Passive*Metric*Imperial"	"Passive*Metric*Imperial"	"Passive*Metric*Imperial"	"Passive*Metric*Imperial"	"Passive*Metric*Imperial"	"Passive*Metric*Imperial"	
"0x002D 0x0000000F"	"0x1100"	"Trend15"	"Trend15"	"Trend15"	"Trend15"	"Trend15"	"Trend15"	"Trend15"	"Trend15"	
"0x002D 0x0000000F"	"0x1101"	"Free*Running*Stop*Erase*Full*Export"	"Free*Running*Stop*Erase*Full*Export"	"Free*Running*Stop*Erase*Full*Export"	"Free*Running*Stop*Erase*Full*Export"	"Free*Running*Stop*Erase*Full*Export"	"Free*Running*Stop*Erase*Full*Export"	"Free*Running*Stop*Erase*Full*Export"	"Free*Running*Stop*Erase*Full*Export"	
"0x002D 0x0000000F"	"0x1200"	"Passive*Values*Configuration"	"Passive*Values*Configuration"	"Passive*Values*Configuration"	"Passive*Values*Configuration"	"Passive*Values*Configuration"	"Passive*Values*Configuration"	"Passive*Values*Configuration"	"Passive*Values*Configuration"	
"0x002D 0x0000000F"	"0x1201"	"Passive*Metric*Imperial"	"Passive*Metric*Imperial"	"Passive*Metric*Imperial"	"Passive*Metric*Imperial"	"Passive*Metric*Imperial"	"Passive*Metric*Imperial"	"Passive*Metric*Imperial"	"Passive*Metric*Imperial"	
"0x002D 0x00000010"	"0x1100"	"Trend16"	"Trend16"	"Trend16"	"Trend16"	"Trend16"	"Trend16"	"Trend16"	"Trend16"	
"0x002D 0x00000010"	"0x1101"	"Free*Running*Stop*Erase*Full*Export"	"Free*Running*Stop*Erase*Full*Export"	"Free*Running*Stop*Erase*Full*Export"	"Free*Running*Stop*Erase*Full*Export"	"Free*Running*Stop*Erase*Full*Export"	"Free*Running*Stop*Erase*Full*Export"	"Free*Running*Stop*Erase*Full*Export"	"Free*Running*Stop*Erase*Full*Export"	
"0x002D 0x00000010"	"0x1200"	"Passive*Values*Configuration"	"Passive*Values*Configuration"	"Passive*Values*Configuration"	"Passive*Values*Configuration"	"Passive*Values*Configuration"	"Passive*Values*Configuration"	"Passive*Values*Configuration"	"Passive*Values*Configuration"	
"0x002D 0x00000010"	"0x1201"	"Passive*Metric*Imperial"	"Passive*Metric*Imperial"	"Passive*Metric*Imperial"	"Passive*Metric*Imperial"	"Passive*Metric*Imperial"	"Passive*Metric*Imperial"	"Passive*Metric*Imperial"	"Passive*Metric*Imperial"	
"0x002D 0x00000011"	"0x1100"	"Trend17"	"Trend17"	"Trend17"	"Trend17"	"Trend17"	"Trend17"	"Trend17"	"Trend17"	
"0x002D 0x00000011"	"0x1101"	"Free*Running*Stop*Erase*Full*Export"	"Free*Running*Stop*Erase*Full*Export"	"Free*Running*Stop*Erase*Full*Export"	"Free*Running*Stop*Erase*Full*Export"	"Free*Running*Stop*Erase*Full*Export"	"Free*Running*Stop*Erase*Full*Export"	"Free*Running*Stop*Erase*Full*Export"	"Free*Running*Stop*Erase*Full*Export"	
"0x002D 0x00000011"	"0x1200"	"Passive*Values*Configuration"	"Passive*Values*Configuration"	"Passive*Values*Configuration"	"Passive*Values*Configuration"	"Passive*Values*Configuration"	"Passive*Values*Configuration"	"Passive*Values*Configuration"	"Passive*Values*Configuration"	
"0x002D 0x00000011"	"0x1201"	"Passive*Metric*Imperial"	"Passive*Metric*Imperial"	"Passive*Metric*Imperial"	"Passive*Metric*Imperial"	"Passive*Metric*Imperial"	"Passive*Metric*Imperial"	"Passive*Metric*Imperial"	"Passive*Metric*Imperial"	
"0x002D 0x00000012"	"0x1100"	"Trend18"	"Trend18"	"Trend18"	"Trend18"	"Trend18"	"Trend18"	"Trend18"	"Trend18"	
"0x002D 0x00000012"	"0x1101"	"Free*Running*Stop*Erase*Full*Export"	"Free*Running*Stop*Erase*Full*Export"	"Free*Running*Stop*Erase*Full*Export"	"Free*Running*Stop*Erase*Full*Export"	"Free*Running*Stop*Erase*Full*Export"	"Free*Running*Stop*Erase*Full*Export"	"Free*Running*Stop*Erase*Full*Export"	"Free*Running*Stop*Erase*Full*Export"	
"0x002D 0x00000012"	"0x1200"	"Passive*Values*Configuration"	"Passive*Values*Configuration"	"Passive*Values*Configuration"	"Passive*Values*Configuration"	"Passive*Values*Configuration"	"Passive*Values*Configuration"	"Passive*Values*Configuration"	"Passive*Values*Configuration"	
"0x002D 0x00000012"	"0x1201"	"Passive*Metric*Imperial"	"Passive*Metric*Imperial"	"Passive*Metric*Imperial"	"Passive*Metric*Imperial"	"Passive*Metric*Imperial"	"Passive*Metric*Imperial"	"Passive*Metric*Imperial"	"Passive*Metric*Imperial"	
"0x002D 0x00000013"	"0x1100"	"Trend19"	"Trend19"	"Trend19"	"Trend19"	"Trend19"	"Trend19"	"Trend19"	"Trend19"	
"0x002D 0x00000013"	"0x1101"	"Free*Running*Stop*Erase*Full*Export"	"Free*Running*Stop*Erase*Full*Export"	"Free*Running*Stop*Erase*Full*Export"	"Free*Running*Stop*Erase*Full*Export"	"Free*Running*Stop*Erase*Full*Export"	"Free*Running*Stop*Erase*Full*Export"	"Free*Running*Stop*Erase*Full*Export"	"Free*Running*Stop*Erase*Full*Export"	
"0x002D 0x00000013"	"0x1200"	"Passive*Values*Configuration"	"Passive*Values*Configuration"	"Passive*Values*Configuration"	"Passive*Values*Configuration"	"Passive*Values*Configuration"	"Passive*Values*Configuration"	"Passive*Values*Configuration"	"Passive*Values*Configuration"	
"0x002D 0x00000013"	"0x1201"	"Passive*Metric*Imperial"	"Passive*Metric*Imperial"	"Passive*Metric*Imperial"	"Passive*Metric*Imperial"	"Passive*Metric*Imperial"	"Passive*Metric*Imperial"	"Passive*Metric*Imperial"	"Passive*Metric*Imperial"	
"0x002D 0x00000014"	"0x1100"	"Trend20"	"Trend20"	"Trend20"	"Trend20"	"Trend20"	"Trend20"	"Trend20"	"Trend20"	
"0x002D 0x00000014"	"0x1101"	"Free*Running*Stop*Erase*Full*Export"	"Free*Running*Stop*Erase*Full*Export"	"Free*Running*Stop*Erase*Full*Export"	"Free*Running*Stop*Erase*Full*Export"	"Free*Running*Stop*Erase*Full*Export"	"Free*Running*Stop*Erase*Full*Export"	"Free*Running*Stop*Erase*Full*Export"	"Free*Running*Stop*Erase*Full*Export"	
"0x002D 0x00000014"	"0x1200"	"Passive*Values*Configuration"	"Passive*Values*Configuration"	"Passive*Values*Configuration"	"Passive*Values*Configuration"	"Passive*Values*Configuration"	"Passive*Values*Configuration"	"Passive*Values*Configuration"	"Passive*Values*Configuration"	
"0x002D 0x00000014"	"0x1201"	"Passive*Metric*Imperial"	"Passive*Metric*Imperial"	"Passive*Metric*Imperial"	"Passive*Metric*Imperial"	"Passive*Metric*Imperial"	"Passive*Metric*Imperial"	"Passive*Metric*Imperial"	"Passive*Metric*Imperial"	
"0x002D 0x00000015"	"0x1100"	"Trend21"	"Trend21"	"Trend21"	"Trend21"	"Trend21"	"Trend21"	"Trend21"	"Trend21"	
"0x002D 0x00000015"	"0x1101"	"Free*Running*Stop*Erase*Full*Export"	"Free*Running*Stop*Erase*Full*Export"	"Free*Running*Stop*Erase*Full*Export"	"Free*Running*Stop*Erase*Full*Export"	"Free*Running*Stop*Erase*Full*Export"	"Free*Running*Stop*Erase*Full*Export"	"Free*Running*Stop*Erase*Full*Export"	"Free*Running*Stop*Erase*Full*Export"	
"0x002D 0x00000015"	"0x1200"	"Passive*Values*Configuration"	"Passive*Values*Configuration"	"Passive*Values*Configuration"	"Passive*Values*Configuration"	"Passive*Values*Configuration"	"Passive*Values*Configuration"	"Passive*Values*Configuration"	"Passive*Values*Configuration"	
"0x002D 0x00000015"	"0x1201"	"Passive*Metric*Imperial"	"Passive*Metric*Imperial"	"Passive*Metric*Imperial"	"Passive*Metric*Imperial"	"Passive*Metric*Imperial"	"Passive*Metric*Imperial"	"Passive*Metric*Imperial"	"Passive*Metric*Imperial"	
"0x002D 0x00000016"	"0x1100"	"Trend22"	"Trend22"	"Trend22"	"Trend22"	"Trend22"	"Trend22"	"Trend22"	"Trend22"	
"0x002D 0x00000016"	"0x1101"	"Free*Running*Stop*Erase*Full*Export"	"Free*Running*Stop*Erase*Full*Export"	"Free*Running*Stop*Erase*Full*Export"	"Free*Running*Stop*Erase*Full*Export"	"Free*Running*Stop*Erase*Full*Export"	"Free*Running*Stop*Erase*Full*Export"	"Free*Running*Stop*Erase*Full*Export"	"Free*Running*Stop*Erase*Full*Export"	
"0x002D 0x00000016"	"0x1200"	"Passive*Values*Configuration"	"Passive*Values*Configuration"	"Passive*Values*Configuration"	"Passive*Values*Configuration"	"Passive*Values*Configuration"	"Passive*Values*Configuration"	"Passive*Values*Configuration"	"Passive*Values*Configuration"	
"0x002D 0x00000016"	"0x1201"	"Passive*Metric*Imperial"	"Passive*Metric*Imperial"	"Passive*Metric*Imperial"	"Passive*Metric*Imperial"	"Passive*Metric*Imperial"	"Passive*Metric*Imperial"	"Passive*Metric*Imperial"	"Passive*Metric*Imperial"	
"0x002D 0x00000017"	"0x1100"	"Trend23"	"Trend23"	"Trend23"	"Trend23"	"Trend23"	"Trend23"	"Trend23"	"Trend23"	
"0x002D 0x00000017"	"0x1101"	"Free*Running*Stop*Erase*Full*Export"	"Free*Running*Stop*Erase*Full*Export"	"Free*Running*Stop*Erase*Full*Export"	"Free*Running*Stop*Erase*Full*Export"	"Free*Running*Stop*Erase*Full*Export"	"Free*Running*Stop*Erase*Full*Export"	"Free*Running*Stop*Erase*Full*Export"	"Free*Running*Stop*Erase*Full*Export"	
"0x002D 0x00000017"	"0x1200"	"Passive*Values*Configuration"	"Passive*Values*Configuration"	"Passive*Values*Configuration"	"Passive*Values*Configuration"	"Passive*Values*Configuration"	"Passive*Values*Configuration"	"Passive*Values*Configuration"	"Passive*Values*Configuration"	
"0x002D 0x00000017"	"0x1201"	"Passive*Metric*Imperial"	"Passive*Metric*Imperial"	"Passive*Metric*Imperial"	"Passive*Metric*Imperial"	"Passive*Metric*Imperial"	"Passive*Metric*Imperial"	"Passive*Metric*Imperial"	"Passive*Metric*Imperial"	
"0x002D 0x00000018"	"0x1100"	"Trend24"	"Trend24"	"Trend24"	"Trend24"	"Trend24"	"Trend24"	"Trend24"	"Trend24"	
"0x002D 0x00000018"	"0x1101"	"Free*Running*Stop*Erase*Full*Export"	"Free*Running*Stop*Erase*Full*Export"	"Free*Running*Stop*Erase*Full*Export"	"Free*Running*Stop*Erase*Full*Export"	"Free*Running*Stop*Erase*Full*Export"	"Free*Running*Stop*Erase*Full*Export"	"Free*Running*Stop*Erase*Full*Export"	"Free*Running*Stop*Erase*Full*Export"	
"0x002D 0x00000018"	"0x1200"	"Passive*Values*Configuration"	"Passive*Values*Configuration"	"Passive*Values*Configuration"	"Passive*Values*Configuration"	"Passive*Values*Configuration"	"Passive*Values*Configuration"	"Passive*Values*Configuration"	"Passive*Values*Configuration"	
"0x002D 0x00000018"	"0x1201"	"Passive*Metric*Imperial"	"Passive*Metric*Imperial"	"Passive*Metric*Imperial"	"Passive*Metric*Imperial"	"Passive*Metric*Imperial"	"Passive*Metric*Imperial"	"Passive*Metric*Imperial"	"Passive*Metric*Imperial"	
"0x002D 0x00000019"	"0x1100"	"Trend25"	"Trend25"	"Trend25"	"Trend25"	"Trend25"	"Trend25"	"Trend25"	"Trend25"	
"0x002D 0x00000019"	"0x1101"	"Free*Running*Stop*Erase*Full*Export"	"Free*Running*Stop*Erase*Full*Export"	"Free*Running*Stop*Erase*Full*Export"	"Free*Running*Stop*Erase*Full*Export"	"Free*Running*Stop*Erase*Full*Export"	"Free*Running*Stop*Erase*Full*Export"	"Free*Running*Stop*Erase*Full*Export"	"Free*Running*Stop*Erase*Full*Export"	
"0x002D 0x00000019"	"0x1200"	"Passive*Values*Configuration"	"Passive*Values*Configuration"	"Passive*Values*Configuration"	"Passive*Values*Configuration"	"Passive*Values*Configuration"	"Passive*Values*Configuration"	"Passive*Values*Configuration"	"Passive*Values*Configuration"	
"0x002D 0x00000019"	"0x1201"	"Passive*Metric*Imperial"	"Passive*Metric*Imperial"	"Passive*Metric*Imperial"	"Passive*Metric*Imperial"	"Passive*Metric*Imperial"	"Passive*Metric*Imperial"	"Passive*Metric*Imperial"	"Passive*Metric*Imperial"	
"0x002D 0x0000001A"	"0x1100"	"Trend26"	"Trend26"	"Trend26"	"Trend26"	"Trend26"	"Trend26"	"Trend26"	"Trend26"	
"0x002D 0x0000001A"	"0x1101"	"Free*Running*Stop*Erase*Full*Export"	"Free*Running*Stop*Erase*Full*Export"	"Free*Running*Stop*Erase*Full*Export"	"Free*Running*Stop*Erase*Full*Export"	"Free*Running*Stop*Erase*Full*Export"	"Free*Running*Stop*Erase*Full*Export"	"Free*Running*Stop*Erase*Full*Export"	"Free*Running*Stop*Erase*Full*Export"	
"0x002D 0x0000001A"	"0x1200"	"Passive*Values*Configuration"	"Passive*Values*Configuration"	"Passive*Values*Configuration"	"Passive*Values*Configuration"	"Passive*Values*Configuration"	"Passive*Values*Configuration"	"Passive*Values*Configuration"	"Passive*Values*Configuration"	
"0x002D 0x0000001A"	"0x1201"	"Passive*Metric*Imperial"	"Passive*Metric*Imperial"	"Passive*Metric*Imperial"	"Passive*Metric*Imperial"	"Passive*Metric*Imperial"	"Passive*Metric*Imperial"	"Passive*Metric*Imperial"	"Passive*Metric*Imperial"	
"0x002D 0x0000001B"	"0x1100"	"Trend27"	"Trend27"	"Trend27"	"Trend27"	"Trend27"	"Trend27"	"Trend27"	"Trend27"	
"0x002D 0x0000001B"	"0x1101"	"Free*Running*Stop*Erase*Full*Export"	"Free*Running*Stop*Erase*Full*Export"	"Free*Running*Stop*Erase*Full*Export"	"Free*Running*Stop*Erase*Full*Export"	"Free*Running*Stop*Erase*Full*Export"	"Free*Running*Stop*Erase*Full*Export"	"Free*Running*Stop*Erase*Full*Export"	"Free*Running*Stop*Erase*Full*Export"	
"0x002D 0x0000001B"	"0x1200"	"Passive*Values*Configuration"	"Passive*Values*Configuration"	"Passive*Values*Configuration"	"Passive*Values*Configuration"	"Passive*Values*Configuration"	"Passive*Values*Configuration"	"Passive*Values*Configuration"	"Passive*Values*Configuration"	
"0x002D 0x0000001B"	"0x1201"	"Passive*Metric*Imperial"	"Passive*Metric*Imperial"	"Passive*Metric*Imperial"	"Passive*Metric*Imperial"	"Passive*Metric*Imperial"	"Passive*Metric*Imperial"	"Passive*Metric*Imperial"	"Passive*Metric*Imperial"	
"0x002D 0x0000001C"	"0x1100"	"Trend28"	"Trend28"	"Trend28"	"Trend28"	"Trend28"	"Trend28"	"Trend28"	"Trend28"	
"0x002D 0x0000001C"	"0x1101"	"Free*Running*Stop*Erase*Full*Export"	"Free*Running*Stop*Erase*Full*Export"	"Free*Running*Stop*Erase*Full*Export"	"Free*Running*Stop*Erase*Full*Export"	"Free*Running*Stop*Erase*Full*Export"	"Free*Running*Stop*Erase*Full*Export"	"Free*Running*Stop*Erase*Full*Export"	"Free*Running*Stop*Erase*Full*Export"	
"0x002D 0x0000001C"	"0x1200"	"Passive*Values*Configuration"	"Passive*Values*Configuration"	"Passive*Values*Configuration"	"Passive*Values*Configuration"	"Passive*Values*Configuration"	"Passive*Values*Configuration"	"Passive*Values*Configuration"	"Passive*Values*Configuration"	
"0x002D 0x0000001C"	"0x1201"	"Passive*Metric*Imperial"	"Passive*Metric*Imperial"	"Passive*Metric*Imperial"	"Passive*Metric*Imperial"	"Passive*Metric*Imperial"	"Passive*Metric*Imperial"	"Passive*Metric*Imperial"	"Passive*Metric*Imperial"	
"0x002D 0x0000001D"	"0x1100"	"Trend29"	"Trend29"	"Trend29"	"Trend29"	"Trend29"	"Trend29"	"Trend29"	"Trend29"	
"0x002D 0x0000001D"	"0x1101"	"Free*Running*Stop*Erase*Full*Export"	"Free*Running*Stop*Erase*Full*Export"	"Free*Running*Stop*Erase*Full*Export"	"Free*Running*Stop*Erase*Full*Export"	"Free*Running*Stop*Erase*Full*Export"	"Free*Running*Stop*Erase*Full*Export"	"Free*Running*Stop*Erase*Full*Export"	"Free*Running*Stop*Erase*Full*Export"	
"0x002D 0x0000001D"	"0x1200"	"Passive*Values*Configuration"	"Passive*Values*Configuration"	"Passive*Values*Configuration"	"Passive*Values*Configuration"	"Passive*Values*Configuration"	"Passive*Values*Configuration"	"Passive*Values*Configuration"	"Passive*Values*Configuration"	
"0x002D 0x0000001D"	"0x1201"	"Passive*Metric*Imperial"	"Passive*Metric*Imperial"	"Passive*Metric*Imperial"	"Passive*Metric*Imperial"	"Passive*Metric*Imperial"	"Passive*Metric*Imperial"	"Passive*Metric*Imperial"	"Passive*Metric*Imperial"	
"0x002D 0x0000001E"	"0x1100"	"Trend30"	"Trend30"	"Trend30"	"Trend30"	"Trend30"	"Trend30"	"Trend30"	"Trend30"	
"0x002D 0x0000001E"	"0x1101"	"Free*Running*Stop*Erase*Full*Export"	"Free*Running*Stop*Erase*Full*Export"	"Free*Running*Stop*Erase*Full*Export"	"Free*Running*Stop*Erase*Full*Export"	"Free*Running*Stop*Erase*Full*Export"	"Free*Running*Stop*Erase*Full*Export"	"Free*Running*Stop*Erase*Full*Export"	"Free*Running*Stop*Erase*Full*Export"	
"0x002D 0x0000001E"	"0x1200"	"Passive*Values*Configuration"	"Passive*Values*Configuration"	"Passive*Values*Configuration"	"Passive*Values*Configuration"	"Passive*Values*Configuration"	"Passive*Values*Configuration"	"Passive*Values*Configuration"	"Passive*Values*Configuration"	
"0x002D 0x0000001E"	"0x1201"	"Passive*Metric*Imperial"	"Passive*Metric*Imperial"	"Passive*Metric*Imperial"	"Passive*Metric*Imperial"	"Passive*Metric*Imperial"	"Passive*Metric*Imperial"	"Passive*Metric*Imperial"	"Passive*Metric*Imperial"	
"0x001A 0x0000669B"	"0x1100"	"MultiTrend"	"MultiTrend"	"MultiTrend"	"MultiTrend"	"MultiTrend"	"MultiTrend"	"MultiTrend"	"MultiTrend"	
"0x0035 0x00000001"	"0x1100"	"MultiTrend01"	"MultiTrend01"	"MultiTrend01"	"MultiTrend01"	"MultiTrend01"	"MultiTrend01"	"MultiTrend01"	"MultiTrend01"	
"0x0035 0x00000001"	"0x1101"	"Free*Running*Stop*Erase*Full*Export"	"Free*Running*Stop*Erase*Full*Export"	"Free*Running*Stop*Erase*Full*Export"	"Free*Running*Stop*Erase*Full*Export"	"Free*Running*Stop*Erase*Full*Export"	"Free*Running*Stop*Erase*Full*Export"	"Free*Running*Stop*Erase*Full*Export"	"Free*Running*Stop*Erase*Full*Export"	
"0x0035 0x00000001"	"0x1200"	"Passive*Values*Configuration"	"Passive*Values*Configuration"	"Passive*Values*Configuration"	"Passive*Values*Configuration"	"Passive*Values*Configuration"	"Passive*Values*Configuration"	"Passive*Values*Configuration"	"Passive*Values*Configuration"	
"0x0035 0x00000001"	"0x1201"	"Passive*Metric*Imperial"	"Passive*Metric*Imperial"	"Passive*Metric*Imperial"	"Passive*Metric*Imperial"	"Passive*Metric*Imperial"	"Passive*Metric*Imperial"	"Passive*Metric*Imperial"	"Passive*Metric*Imperial"	
"0x0035 0x00000002"	"0x1100"	"MultiTrend02"	"MultiTrend02"	"MultiTrend02"	"MultiTrend02"	"MultiTrend02"	"MultiTrend02"	"MultiTrend02"	"MultiTrend02"	
"0x0035 0x00000002"	"0x1101"	"Free*Running*Stop*Erase*Full*Export"	"Free*Running*Stop*Erase*Full*Export"	"Free*Running*Stop*Erase*Full*Export"	"Free*Running*Stop*Erase*Full*Export"	"Free*Running*Stop*Erase*Full*Export"	"Free*Running*Stop*Erase*Full*Export"	"Free*Running*Stop*Erase*Full*Export"	"Free*Running*Stop*Erase*Full*Export"	
"0x0035 0x00000002"	"0x1200"	"Passive*Values*Configuration"	"Passive*Values*Configuration"	"Passive*Values*Configuration"	"Passive*Values*Configuration"	"Passive*Values*Configuration"	"Passive*Values*Configuration"	"Passive*Values*Configuration"	"Passive*Values*Configuration"	
"0x0035 0x00000002"	"0x1201"	"Passive*Metric*Imperial"	"Passive*Metric*Imperial"	"Passive*Metric*Imperial"	"Passive*Metric*Imperial"	"Passive*Metric*Imperial"	"Passive*Metric*Imperial"	"Passive*Metric*Imperial"	"Passive*Metric*Imperial"	
"0x0035 0x00000003"	"0x1100"	"MultiTrend03"	"MultiTrend03"	"MultiTrend03"	"MultiTrend03"	"MultiTrend03"	"MultiTrend03"	"MultiTrend03"	"MultiTrend03"	
"0x0035 0x00000003"	"0x1101"	"Free*Running*Stop*Erase*Full*Export"	"Free*Running*Stop*Erase*Full*Export"	"Free*Running*Stop*Erase*Full*Export"	"Free*Running*Stop*Erase*Full*Export"	"Free*Running*Stop*Erase*Full*Export"	"Free*Running*Stop*Erase*Full*Export"	"Free*Running*Stop*Erase*Full*Export"	"Free*Running*Stop*Erase*Full*Export"	
"0x0035 0x00000003"	"0x1200"	"Passive*Values*Configuration"	"Passive*Values*Configuration"	"Passive*Values*Configuration"	"Passive*Values*Configuration"	"Passive*Values*Configuration"	"Passive*Values*Configuration"	"Passive*Values*Configuration"	"Passive*Values*Configuration"	
"0x0035 0x00000003"	"0x1201"	"Passive*Metric*Imperial"	"Passive*Metric*Imperial"	"Passive*Metric*Imperial"	"Passive*Metric*Imperial"	"Passive*Metric*Imperial"	"Passive*Metric*Imperial"	"Passive*Metric*Imperial"	"Passive*Metric*Imperial"	
"0x0035 0x00000004"	"0x1100"	"MultiTrend04"	"MultiTrend04"	"MultiTrend04"	"MultiTrend04"	"MultiTrend04"	"MultiTrend04"	"MultiTrend04"	"MultiTrend04"	
"0x0035 0x00000004"	"0x1101"	"Free*Running*Stop*Erase*Full*Export"	"Free*Running*Stop*Erase*Full*Export"	"Free*Running*Stop*Erase*Full*Export"	"Free*Running*Stop*Erase*Full*Export"	"Free*Running*Stop*Erase*Full*Export"	"Free*Running*Stop*Erase*Full*Export"	"Free*Running*Stop*Erase*Full*Export"	"Free*Running*Stop*Erase*Full*Export"	
"0x0035 0x00000004"	"0x1200"	"Passive*Values*Configuration"	"Passive*Values*Configuration"	"Passive*Values*Configuration"	"Passive*Values*Configuration"	"Passive*Values*Configuration"	"Passive*Values*Configuration"	"Passive*Values*Configuration"	"Passive*Values*Configuration"	
"0x0035 0x00000004"	"0x1201"	"Passive*Metric*Imperial"	"Passive*Metric*Imperial"	"Passive*Metric*Imperial"	"Passive*Metric*Imperial"	"Passive*Metric*Imperial"	"Passive*Metric*Imperial"	"Passive*Metric*Imperial"	"Passive*Metric*Imperial"	
"0x0035 0x00000005"	"0x1100"	"MultiTrend05"	"MultiTrend05"	"MultiTrend05"	"MultiTrend05"	"MultiTrend05"	"MultiTrend05"	"MultiTrend05"	"MultiTrend05"	
"0x0035 0x00000005"	"0x1101"	"Free*Running*Stop*Erase*Full*Export"	"Free*Running*Stop*Erase*Full*Export"	"Free*Running*Stop*Erase*Full*Export"	"Free*Running*Stop*Erase*Full*Export"	"Free*Running*Stop*Erase*Full*Export"	"Free*Running*Stop*Erase*Full*Export"	"Free*Running*Stop*Erase*Full*Export"	"Free*Running*Stop*Erase*Full*Export"	
"0x0035 0x00000005"	"0x1200"	"Passive*Values*Configuration"	"Passive*Values*Configuration"	"Passive*Values*Configuration"	"Passive*Values*Configuration"	"Passive*Values*Configuration"	"Passive*Values*Configuration"	"Passive*Values*Configuration"	"Passive*Values*Configuration"	
"0x0035 0x00000005"	"0x1201"	"Passive*Metric*Imperial"	"Passive*Metric*Imperial"	"Passive*Metric*Imperial"	"Passive*Metric*Imperial"	"Passive*Metric*Imperial"	"Passive*Metric*Imperial"	"Passive*Metric*Imperial"	"Passive*Metric*Imperial"	
"0x0035 0x00000006"	"0x1100"	"MultiTrend06"	"MultiTrend06"	"MultiTrend06"	"MultiTrend06"	"MultiTrend06"	"MultiTrend06"	"MultiTrend06"	"MultiTrend06"	
"0x0035 0x00000006"	"0x1101"	"Free*Running*Stop*Erase*Full*Export"	"Free*Running*Stop*Erase*Full*Export"	"Free*Running*Stop*Erase*Full*Export"	"Free*Running*Stop*Erase*Full*Export"	"Free*Running*Stop*Erase*Full*Export"	"Free*Running*Stop*Erase*Full*Export"	"Free*Running*Stop*Erase*Full*Export"	"Free*Running*Stop*Erase*Full*Export"	
"0x0035 0x00000006"	"0x1200"	"Passive*Values*Configuration"	"Passive*Values*Configuration"	"Passive*Values*Configuration"	"Passive*Values*Configuration"	"Passive*Values*Configuration"	"Passive*Values*Configuration"	"Passive*Values*Configuration"	"Passive*Values*Configuration"	
"0x0035 0x00000006"	"0x1201"	"Passive*Metric*Imperial"	"Passive*Metric*Imperial"	"Passive*Metric*Imperial"	"Passive*Metric*Imperial"	"Passive*Metric*Imperial"	"Passive*Metric*Imperial"	"Passive*Metric*Imperial"	"Passive*Metric*Imperial"	
"0x0035 0x00000007"	"0x1100"	"MultiTrend07"	"MultiTrend07"	"MultiTrend07"	"MultiTrend07"	"MultiTrend07"	"MultiTrend07"	"MultiTrend07"	"MultiTrend07"	
"0x0035 0x00000007"	"0x1101"	"Free*Running*Stop*Erase*Full*Export"	"Free*Running*Stop*Erase*Full*Export"	"Free*Running*Stop*Erase*Full*Export"	"Free*Running*Stop*Erase*Full*Export"	"Free*Running*Stop*Erase*Full*Export"	"Free*Running*Stop*Erase*Full*Export"	"Free*Running*Stop*Erase*Full*Export"	"Free*Running*Stop*Erase*Full*Export"	
"0x0035 0x00000007"	"0x1200"	"Passive*Values*Configuration"	"Passive*Values*Configuration"	"Passive*Values*Configuration"	"Passive*Values*Configuration"	"Passive*Values*Configuration"	"Passive*Values*Configuration"	"Passive*Values*Configuration"	"Passive*Values*Configuration"	
"0x0035 0x00000007"	"0x1201"	"Passive*Metric*Imperial"	"Passive*Metric*Imperial"	"Passive*Metric*Imperial"	"Passive*Metric*Imperial"	"Passive*Metric*Imperial"	"Passive*Metric*Imperial"	"Passive*Metric*Imperial"	"Passive*Metric*Imperial"	
"0x0035 0x00000008"	"0x1100"	"MultiTrend08"	"MultiTrend08"	"MultiTrend08"	"MultiTrend08"	"MultiTrend08"	"MultiTrend08"	"MultiTrend08"	"MultiTrend08"	
"0x0035 0x00000008"	"0x1101"	"Free*Running*Stop*Erase*Full*Export"	"Free*Running*Stop*Erase*Full*Export"	"Free*Running*Stop*Erase*Full*Export"	"Free*Running*Stop*Erase*Full*Export"	"Free*Running*Stop*Erase*Full*Export"	"Free*Running*Stop*Erase*Full*Export"	"Free*Running*Stop*Erase*Full*Export"	"Free*Running*Stop*Erase*Full*Export"	
"0x0035 0x00000008"	"0x1200"	"Passive*Values*Configuration"	"Passive*Values*Configuration"	"Passive*Values*Configuration"	"Passive*Values*Configuration"	"Passive*Values*Configuration"	"Passive*Values*Configuration"	"Passive*Values*Configuration"	"Passive*Values*Configuration"	
"0x0035 0x00000008"	"0x1201"	"Passive*Metric*Imperial"	"Passive*Metric*Imperial"	"Passive*Metric*Imperial"	"Passive*Metric*Imperial"	"Passive*Metric*Imperial"	"Passive*Metric*Imperial"	"Passive*Metric*Imperial"	"Passive*Metric*Imperial"	
"0x0035 0x00000009"	"0x1100"	"MultiTrend09"	"MultiTrend09"	"MultiTrend09"	"MultiTrend09"	"MultiTrend09"	"MultiTrend09"	"MultiTrend09"	"MultiTrend09"	
"0x0035 0x00000009"	"0x1101"	"Free*Running*Stop*Erase*Full*Export"	"Free*Running*Stop*Erase*Full*Export"	"Free*Running*Stop*Erase*Full*Export"	"Free*Running*Stop*Erase*Full*Export"	"Free*Running*Stop*Erase*Full*Export"	"Free*Running*Stop*Erase*Full*Export"	"Free*Running*Stop*Erase*Full*Export"	"Free*Running*Stop*Erase*Full*Export"	
"0x0035 0x00000009"	"0x1200"	"Passive*Values*Configuration"	"Passive*Values*Configuration"	"Passive*Values*Configuration"	"Passive*Values*Configuration"	"Passive*Values*Configuration"	"Passive*Values*Configuration"	"Passive*Values*Configuration"	"Passive*Values*Configuration"	
"0x0035 0x00000009"	"0x1201"	"Passive*Metric*Imperial"	"Passive*Metric*Imperial"	"Passive*Metric*Imperial"	"Passive*Metric*Imperial"	"Passive*Metric*Imperial"	"Passive*Metric*Imperial"	"Passive*Metric*Imperial"	"Passive*Metric*Imperial"	
"0x0035 0x0000000A"	"0x1100"	"MultiTrend10"	"MultiTrend10"	"MultiTrend10"	"MultiTrend10"	"MultiTrend10"	"MultiTrend10"	"MultiTrend10"	"MultiTrend10"	
"0x0035 0x0000000A"	"0x1101"	"Free*Running*Stop*Erase*Full*Export"	"Free*Running*Stop*Erase*Full*Export"	"Free*Running*Stop*Erase*Full*Export"	"Free*Running*Stop*Erase*Full*Export"	"Free*Running*Stop*Erase*Full*Export"	"Free*Running*Stop*Erase*Full*Export"	"Free*Running*Stop*Erase*Full*Export"	"Free*Running*Stop*Erase*Full*Export"	
"0x0035 0x0000000A"	"0x1200"	"Passive*Values*Configuration"	"Passive*Values*Configuration"	"Passive*Values*Configuration"	"Passive*Values*Configuration"	"Passive*Values*Configuration"	"Passive*Values*Configuration"	"Passive*Values*Configuration"	"Passive*Values*Configuration"	
"0x0035 0x0000000A"	"0x1201"	"Passive*Metric*Imperial"	"Passive*Metric*Imperial"	"Passive*Metric*Imperial"	"Passive*Metric*Imperial"	"Passive*Metric*Imperial"	"Passive*Metric*Imperial"	"Passive*Metric*Imperial"	"Passive*Metric*Imperial"	
"0x001A 0x031D780B"	"0x1100"	"ComExtension"	"ComExtension"	"ComExtension"	"ComExtension"	"ComExtension"	"ComExtension"	"ComExtension"	"ComExtension"	
"0x0100 0x00000001"	"0x1100"	"Module:0"	"Module:0"	"Module:0"	"Module:0"	"Module:0"	"Module:0"	"Module:0"	"Module:0"	
"0x0100 0x00000001"	"0x1200"	"OK*Hardware*Init*Memory*ID*COVReg*Other"	"OK*Hardware*Init*Memory*ID*COVReg*Other"	"OK*Hardware*Init*Memory*ID*COVReg*Other"	"OK*Hardware*Init*Memory*ID*COVReg*Other"	"OK*Hardware*Init*Memory*ID*COVReg*Other"	"OK*Hardware*Init*Memory*ID*COVReg*Other"	"OK*Hardware*Init*Memory*ID*COVReg*Other"	"OK*Hardware*Init*Memory*ID*COVReg*Other"	
"0x0100 0x00000002"	"0x1100"	"Module:1"	"Module:1"	"Module:1"	"Module:1"	"Module:1"	"Module:1"	"Module:1"	"Module:1"	
"0x0100 0x00000002"	"0x1200"	"OK*Hardware*Init*Memory*ID*COVReg*Other"	"OK*Hardware*Init*Memory*ID*COVReg*Other"	"OK*Hardware*Init*Memory*ID*COVReg*Other"	"OK*Hardware*Init*Memory*ID*COVReg*Other"	"OK*Hardware*Init*Memory*ID*COVReg*Other"	"OK*Hardware*Init*Memory*ID*COVReg*Other"	"OK*Hardware*Init*Memory*ID*COVReg*Other"	"OK*Hardware*Init*Memory*ID*COVReg*Other"	
"0x0100 0x00000003"	"0x1100"	"Module:2"	"Module:2"	"Module:2"	"Module:2"	"Module:2"	"Module:2"	"Module:2"	"Module:2"	
"0x0100 0x00000003"	"0x1200"	"OK*Hardware*Init*Memory*ID*COVReg*Other"	"OK*Hardware*Init*Memory*ID*COVReg*Other"	"OK*Hardware*Init*Memory*ID*COVReg*Other"	"OK*Hardware*Init*Memory*ID*COVReg*Other"	"OK*Hardware*Init*Memory*ID*COVReg*Other"	"OK*Hardware*Init*Memory*ID*COVReg*Other"	"OK*Hardware*Init*Memory*ID*COVReg*Other"	"OK*Hardware*Init*Memory*ID*COVReg*Other"	
"0x0020 0x00000001"	"0x1100"	"Diagnostic"	"Diagnostic"	"Diagnostic"	"Diagnostic"	"Diagnostic"	"Diagnostic"	"Diagnostic"	"Diagnostic"	
"0x0020 0x00000001"	"0x1200"	"Passive*Partial*Full"	"Passive*Partial*Full"	"Passive*Partial*Full"	"Passive*Partial*Full"	"Passive*Partial*Full"	"Passive*Partial*Full"	"Passive*Partial*Full"	"Passive*Partial*Full"	
"0x0020 0x00000001"	"0x1102"	"Archive#Scheduler#COM#EnableObjects"	"Archive#Scheduler#COM#EnableObjects"	"Archive#Scheduler#COM#EnableObjects"	"Archive#Scheduler#COM#EnableObjects"	"Archive#Scheduler#COM#EnableObjects"	"Archive#Scheduler#COM#EnableObjects"	"Archive#Scheduler#COM#EnableObjects"	"Archive#Scheduler#COM#EnableObjects"	
"0x0020 0x00000001"	"0x1201"	"Power*Command*Watchdog*Unexpected"	"Power*Command*Watchdog*Unexpected"	"Power*Command*Watchdog*Unexpected"	"Power*Command*Watchdog*Unexpected"	"Power*Command*Watchdog*Unexpected"	"Power*Command*Watchdog*Unexpected"	"Power*Command*Watchdog*Unexpected"	"Power*Command*Watchdog*Unexpected"	
"0x0020 0x00000001"	"0x1103"	"NoRestartOnSave#NA"	"NoRestartOnSave#NA"	"NoRestartOnSave#NA"	"NoRestartOnSave#NA"	"NoRestartOnSave#NA"	"NoRestartOnSave#NA"	"NoRestartOnSave#NA"	"NoRestartOnSave#NA"	
"0x2309 '0x031D\HW'"	"0x1100"	"HW"	"HW"	"HW"	"HW"	"HW"	"HW"	"HW"	"HW"	
"0x2309 '0x031D\HW'"	"0x010D"	"HW"	"HW"	"HW"	"HW"	"HW"	"HW"	"HW"	"HW"	
"0x2308 'HW\M0'"	"0x1100"	"M0"	"M0"	"M0"	"M0"	"M0"	"M0"	"M0"	"M0"	
"0x2308 'HW\M0'"	"0x010D"	"M0"	"M0"	"M0"	"M0"	"M0"	"M0"	"M0"	"M0"	
"0xA018 'HW\POL6x8'"	"0x1100"	"POL6x8"	"POL6x8"	"POL6x8"	"POL6x8"	"POL6x8"	"POL6x8"	"POL6x8"	"POL6x8"	
"0xA018 'HW\POL6x8'"	"0x010D"	"POL6x8"	"POL6x8"	"POL6x8"	"POL6x8"	"POL6x8"	"POL6x8"	"POL6x8"	"POL6x8"	
"0xA018 'HW\POL6x8'"	"0x1101"	"Idle*Pos*ForceOpen*ForceClose*EmergClose*ReleaseHW"	"Idle*Pos*ForceOpen*ForceClose*EmergClose*ReleaseHW"	"Idle*Pos*ForceOpen*ForceClose*EmergClose*ReleaseHW"	"Idle*Pos*ForceOpen*ForceClose*EmergClose*ReleaseHW"	"Idle*Pos*ForceOpen*ForceClose*EmergClose*ReleaseHW"	"Idle*Pos*ForceOpen*ForceClose*EmergClose*ReleaseHW"	"Idle*Pos*ForceOpen*ForceClose*EmergClose*ReleaseHW"	"Idle*Pos*ForceOpen*ForceClose*EmergClose*ReleaseHW"	
"0xA018 'HW\POL6x8'"	"0x1102"	"mA"	"mA"	"mA"	"mA"	"mA"	"mA"	"mA"	"mA"	
"0xA018 'HW\POL6x8'"	"0x1103"	"1/s"	"1/s"	"1/s"	"1/s"	"1/s"	"1/s"	"1/s"	"1/s"	
"0xA018 'HW\POL6x8'"	"0x1210"	"Hz"	"Hz"	"Hz"	"Hz"	"Hz"	"Hz"	"Hz"	"Hz"	
"0xA018 'HW\POL6x8'"	"0x1211"	"NoLineBreakDetection#AlternativeCurrentSetpoint#FastDecay#CurrentlessDirDelay"	"NoLineBreakDetection#AlternativeCurrentSetpoint#FastDecay#CurrentlessDirDelay"	"NoLineBreakDetection#AlternativeCurrentSetpoint#FastDecay#CurrentlessDirDelay"	"NoLineBreakDetection#AlternativeCurrentSetpoint#FastDecay#CurrentlessDirDelay"	"NoLineBreakDetection#AlternativeCurrentSetpoint#FastDecay#CurrentlessDirDelay"	"NoLineBreakDetection#AlternativeCurrentSetpoint#FastDecay#CurrentlessDirDelay"	"NoLineBreakDetection#AlternativeCurrentSetpoint#FastDecay#CurrentlessDirDelay"	"NoLineBreakDetection#AlternativeCurrentSetpoint#FastDecay#CurrentlessDirDelay"	
"0xA018 'HW\POL6x8'"	"0x1200"	"Full*Half*Micro"	"Full*Half*Micro"	"Full*Half*Micro"	"Full*Half*Micro"	"Full*Half*Micro"	"Full*Half*Micro"	"Full*Half*Micro"	"Full*Half*Micro"	
"0x2308 'HW\M1'"	"0x1100"	"M1"	"M1"	"M1"	"M1"	"M1"	"M1"	"M1"	"M1"	
"0x2308 'HW\M1'"	"0x010D"	"M1"	"M1"	"M1"	"M1"	"M1"	"M1"	"M1"	"M1"	
"0xA00D 'HW\M1.POL955'"	"0x1100"	"POL955"	"POL955"	"POL955"	"POL955"	"POL955"	"POL955"	"POL955"	"POL955"	
"0xA00D 'HW\M1.POL955'"	"0x010D"	"M1.POL955"	"M1.POL955"	"M1.POL955"	"M1.POL955"	"M1.POL955"	"M1.POL955"	"M1.POL955"	"M1.POL955"	
"0x2308 'HW\M2'"	"0x1100"	"M2"	"M2"	"M2"	"M2"	"M2"	"M2"	"M2"	"M2"	
"0x2308 'HW\M2'"	"0x010D"	"M2"	"M2"	"M2"	"M2"	"M2"	"M2"	"M2"	"M2"	
"0xA00D 'HW\M2.POL955'"	"0x1100"	"POL955"	"POL955"	"POL955"	"POL955"	"POL955"	"POL955"	"POL955"	"POL955"	
"0xA00D 'HW\M2.POL955'"	"0x010D"	"M2.POL955"	"M2.POL955"	"M2.POL955"	"M2.POL955"	"M2.POL955"	"M2.POL955"	"M2.POL955"	"M2.POL955"	
"0x2308 'HW\M3'"	"0x1100"	"M3"	"M3"	"M3"	"M3"	"M3"	"M3"	"M3"	"M3"	
"0x2308 'HW\M3'"	"0x010D"	"M3"	"M3"	"M3"	"M3"	"M3"	"M3"	"M3"	"M3"	
"0xA00D 'HW\M3.POL955'"	"0x1100"	"POL955"	"POL955"	"POL955"	"POL955"	"POL955"	"POL955"	"POL955"	"POL955"	
"0xA00D 'HW\M3.POL955'"	"0x010D"	"M3.POL955"	"M3.POL955"	"M3.POL955"	"M3.POL955"	"M3.POL955"	"M3.POL955"	"M3.POL955"	"M3.POL955"	
"0x2308 'HW\M4'"	"0x1100"	"M4"	"M4"	"M4"	"M4"	"M4"	"M4"	"M4"	"M4"	
"0x2308 'HW\M4'"	"0x010D"	"M4"	"M4"	"M4"	"M4"	"M4"	"M4"	"M4"	"M4"	
"0xA00D 'HW\M4.POL955'"	"0x1100"	"POL955"	"POL955"	"POL955"	"POL955"	"POL955"	"POL955"	"POL955"	"POL955"	
"0xA00D 'HW\M4.POL955'"	"0x010D"	"M4.POL955"	"M4.POL955"	"M4.POL955"	"M4.POL955"	"M4.POL955"	"M4.POL955"	"M4.POL955"	"M4.POL955"	
"0x2308 'HW\M5'"	"0x1100"	"M5"	"M5"	"M5"	"M5"	"M5"	"M5"	"M5"	"M5"	
"0x2308 'HW\M5'"	"0x010D"	"M5"	"M5"	"M5"	"M5"	"M5"	"M5"	"M5"	"M5"	
"0xA00D 'HW\M5.POL955'"	"0x1100"	"POL955"	"POL955"	"POL955"	"POL955"	"POL955"	"POL955"	"POL955"	"POL955"	
"0xA00D 'HW\M5.POL955'"	"0x010D"	"M5.POL955"	"M5.POL955"	"M5.POL955"	"M5.POL955"	"M5.POL955"	"M5.POL955"	"M5.POL955"	"M5.POL955"	
"0x2308 'HW\M6'"	"0x1100"	"M6"	"M6"	"M6"	"M6"	"M6"	"M6"	"M6"	"M6"	
"0x2308 'HW\M6'"	"0x010D"	"M6"	"M6"	"M6"	"M6"	"M6"	"M6"	"M6"	"M6"	
"0xA00D 'HW\M6.POL955'"	"0x1100"	"POL955"	"POL955"	"POL955"	"POL955"	"POL955"	"POL955"	"POL955"	"POL955"	
"0xA00D 'HW\M6.POL955'"	"0x010D"	"M6.POL955"	"M6.POL955"	"M6.POL955"	"M6.POL955"	"M6.POL955"	"M6.POL955"	"M6.POL955"	"M6.POL955"	
"0x2308 'HW\M7'"	"0x1100"	"M7"	"M7"	"M7"	"M7"	"M7"	"M7"	"M7"	"M7"	
"0x2308 'HW\M7'"	"0x010D"	"M7"	"M7"	"M7"	"M7"	"M7"	"M7"	"M7"	"M7"	
"0xA00D 'HW\M7.POL955'"	"0x1100"	"POL955"	"POL955"	"POL955"	"POL955"	"POL955"	"POL955"	"POL955"	"POL955"	
"0xA00D 'HW\M7.POL955'"	"0x010D"	"M7.POL955"	"M7.POL955"	"M7.POL955"	"M7.POL955"	"M7.POL955"	"M7.POL955"	"M7.POL955"	"M7.POL955"	
"0x2308 'HW\POL908'"	"0x1100"	"POL908"	"POL908"	"POL908"	"POL908"	"POL908"	"POL908"	"POL908"	"POL908"	
"0x2308 'HW\POL908'"	"0x010D"	"POL908"	"POL908"	"POL908"	"POL908"	"POL908"	"POL908"	"POL908"	"POL908"	
"0x2302 'HW\POL908.DHCP'"	"0x1100"	"DHCP"	"DHCP"	"DHCP"	"DHCP"	"DHCP"	"DHCP"	"DHCP"	"DHCP"	
"0x2302 'HW\POL908.DHCP'"	"0x010D"	"POL908.DHCP"	"POL908.DHCP"	"POL908.DHCP"	"POL908.DHCP"	"POL908.DHCP"	"POL908.DHCP"	"POL908.DHCP"	"POL908.DHCP"	
"0x2302 'HW\POL908.DHCP'"	"0x1101"	"Off*On"	"Off*On"	"Off*On"	"Off*On"	"Off*On"	"Off*On"	"Off*On"	"Off*On"	
"0x2304 'HW\POL908.RecipientDev1'"	"0x1100"	"RecipientDev1"	"RecipientDev1"	"RecipientDev1"	"RecipientDev1"	"RecipientDev1"	"RecipientDev1"	"RecipientDev1"	"RecipientDev1"	
"0x2304 'HW\POL908.RecipientDev1'"	"0x010D"	"POL908.RecipientDev1"	"POL908.RecipientDev1"	"POL908.RecipientDev1"	"POL908.RecipientDev1"	"POL908.RecipientDev1"	"POL908.RecipientDev1"	"POL908.RecipientDev1"	"POL908.RecipientDev1"	
"0x2304 'HW\POL908.DeviceName'"	"0x1100"	"DeviceName"	"DeviceName"	"DeviceName"	"DeviceName"	"DeviceName"	"DeviceName"	"DeviceName"	"DeviceName"	
"0x2304 'HW\POL908.DeviceName'"	"0x010D"	"POL908.DeviceName"	"POL908.DeviceName"	"POL908.DeviceName"	"POL908.DeviceName"	"POL908.DeviceName"	"POL908.DeviceName"	"POL908.DeviceName"	"POL908.DeviceName"	
"0x2304 'HW\POL908.GivenMask'"	"0x1100"	"GivenMask"	"GivenMask"	"GivenMask"	"GivenMask"	"GivenMask"	"GivenMask"	"GivenMask"	"GivenMask"	
"0x2304 'HW\POL908.GivenMask'"	"0x010D"	"POL908.GivenMask"	"POL908.GivenMask"	"POL908.GivenMask"	"POL908.GivenMask"	"POL908.GivenMask"	"POL908.GivenMask"	"POL908.GivenMask"	"POL908.GivenMask"	
"0x2304 'HW\POL908.GivenGate'"	"0x1100"	"GivenGate"	"GivenGate"	"GivenGate"	"GivenGate"	"GivenGate"	"GivenGate"	"GivenGate"	"GivenGate"	
"0x2304 'HW\POL908.GivenGate'"	"0x010D"	"POL908.GivenGate"	"POL908.GivenGate"	"POL908.GivenGate"	"POL908.GivenGate"	"POL908.GivenGate"	"POL908.GivenGate"	"POL908.GivenGate"	"POL908.GivenGate"	
"0x2304 'HW\POL908.GivenIP'"	"0x1100"	"GivenIP"	"GivenIP"	"GivenIP"	"GivenIP"	"GivenIP"	"GivenIP"	"GivenIP"	"GivenIP"	
"0x2304 'HW\POL908.GivenIP'"	"0x010D"	"POL908.GivenIP"	"POL908.GivenIP"	"POL908.GivenIP"	"POL908.GivenIP"	"POL908.GivenIP"	"POL908.GivenIP"	"POL908.GivenIP"	"POL908.GivenIP"	
"0x2304 'HW\POL908.DeviceID'"	"0x1100"	"DeviceID"	"DeviceID"	"DeviceID"	"DeviceID"	"DeviceID"	"DeviceID"	"DeviceID"	"DeviceID"	
"0x2304 'HW\POL908.DeviceID'"	"0x010D"	"POL908.DeviceID"	"POL908.DeviceID"	"POL908.DeviceID"	"POL908.DeviceID"	"POL908.DeviceID"	"POL908.DeviceID"	"POL908.DeviceID"	"POL908.DeviceID"	
"0x2300 'HW\POL908.Description'"	"0x1100"	"Description"	"Description"	"Description"	"Description"	"Description"	"Description"	"Description"	"Description"	
"0x2300 'HW\POL908.Description'"	"0x010D"	"POL908.Description"	"POL908.Description"	"POL908.Description"	"POL908.Description"	"POL908.Description"	"POL908.Description"	"POL908.Description"	"POL908.Description"	
"0x2300 'HW\POL908.Description'"	"0x1102"	""	""	""	""	""	""	""	""	
"0x2302 'HW\POL908.EnableFirewal'"	"0x1100"	"EnableFirewal"	"EnableFirewal"	"EnableFirewal"	"EnableFirewal"	"EnableFirewal"	"EnableFirewal"	"EnableFirewal"	"EnableFirewal"	
"0x2302 'HW\POL908.EnableFirewal'"	"0x010D"	"POL908.EnableFirewal"	"POL908.EnableFirewal"	"POL908.EnableFirewal"	"POL908.EnableFirewal"	"POL908.EnableFirewal"	"POL908.EnableFirewal"	"POL908.EnableFirewal"	"POL908.EnableFirewal"	
"0x2302 'HW\POL908.EnableFirewal'"	"0x1101"	"Off*On"	"Off*On"	"Off*On"	"Off*On"	"Off*On"	"Off*On"	"Off*On"	"Off*On"	
"0x2302 'HW\POL908.EnableWebserver'"	"0x1100"	"EnableWebserver"	"EnableWebserver"	"EnableWebserver"	"EnableWebserver"	"EnableWebserver"	"EnableWebserver"	"EnableWebserver"	"EnableWebserver"	
"0x2302 'HW\POL908.EnableWebserver'"	"0x010D"	"POL908.EnableWebserver"	"POL908.EnableWebserver"	"POL908.EnableWebserver"	"POL908.EnableWebserver"	"POL908.EnableWebserver"	"POL908.EnableWebserver"	"POL908.EnableWebserver"	"POL908.EnableWebserver"	
"0x2302 'HW\POL908.EnableWebserver'"	"0x1101"	"Off*On"	"Off*On"	"Off*On"	"Off*On"	"Off*On"	"Off*On"	"Off*On"	"Off*On"	
"0x2302 'HW\FirstSttUp'"	"0x1100"	"FirstSttUp"	"FirstSttUp"	"FirstSttUp"	"FirstSttUp"	"FirstSttUp"	"FirstSttUp"	"FirstSttUp"	"FirstSttUp"	
"0x2302 'HW\FirstSttUp'"	"0x010D"	"FirstSttUp"	"FirstSttUp"	"FirstSttUp"	"FirstSttUp"	"FirstSttUp"	"FirstSttUp"	"FirstSttUp"	"FirstSttUp"	
"0x2302 'HW\FirstSttUp'"	"0x1101"	"Passive*Active"	"Passive*Active"	"Passive*Active"	"Passive*Active"	"Passive*Active"	"Passive*Active"	"Passive*Active"	"Passive*Active"	
"0x2204 'HW\AplBSPVnAlm'"	"0x1100"	"AplBSPVnAlm"	"AplBSPVnAlm"	"AplBSPVnAlm"	"AplBSPVnAlm"	"AplBSPVnAlm"	"AplBSPVnAlm"	"AplBSPVnAlm"	"AplBSPVnAlm"	
"0x2204 'HW\AplBSPVnAlm'"	"0x010D"	"AplBSPVnAlm"	"AplBSPVnAlm"	"AplBSPVnAlm"	"AplBSPVnAlm"	"AplBSPVnAlm"	"AplBSPVnAlm"	"AplBSPVnAlm"	"AplBSPVnAlm"	
"0x2204 'HW\AplBSPVnAlm'"	"0x1101"	"Normal*Alarm*Auto"	"Normal*Alarm*Auto"	"Normal*Alarm*Auto"	"Normal*Alarm*Auto"	"Normal*Alarm*Auto"	"Normal*Alarm*Auto"	"Normal*Alarm*Auto"	"Normal*Alarm*Auto"	
"0x2204 'HW\BrutFrcDetAlm'"	"0x1100"	"BrutFrcDetAlm"	"BrutFrcDetAlm"	"BrutFrcDetAlm"	"BrutFrcDetAlm"	"BrutFrcDetAlm"	"BrutFrcDetAlm"	"BrutFrcDetAlm"	"BrutFrcDetAlm"	
"0x2204 'HW\BrutFrcDetAlm'"	"0x010D"	"BrutFrcDetAlm"	"BrutFrcDetAlm"	"BrutFrcDetAlm"	"BrutFrcDetAlm"	"BrutFrcDetAlm"	"BrutFrcDetAlm"	"BrutFrcDetAlm"	"BrutFrcDetAlm"	
"0x2204 'HW\BrutFrcDetAlm'"	"0x1101"	"Normal*Alarm*Auto"	"Normal*Alarm*Auto"	"Normal*Alarm*Auto"	"Normal*Alarm*Auto"	"Normal*Alarm*Auto"	"Normal*Alarm*Auto"	"Normal*Alarm*Auto"	"Normal*Alarm*Auto"	
"0x2311 'HW\BrutFrcDetChn'"	"0x1100"	"BrutFrcDetChn"	"BrutFrcDetChn"	"BrutFrcDetChn"	"BrutFrcDetChn"	"BrutFrcDetChn"	"BrutFrcDetChn"	"BrutFrcDetChn"	"BrutFrcDetChn"	
"0x2311 'HW\BrutFrcDetChn'"	"0x010D"	"BrutFrcDetChn"	"BrutFrcDetChn"	"BrutFrcDetChn"	"BrutFrcDetChn"	"BrutFrcDetChn"	"BrutFrcDetChn"	"BrutFrcDetChn"	"BrutFrcDetChn"	
"0x2311 'HW\BrutFrcDetChn'"	"0x1102"	"Ext.HMI#Int.HMI#RU#Scope#FTP#JSON#HTTP(PW)#HTTP(PIN)#ToolTCP/IP#ToolUSB"	"Ext.HMI#Int.HMI#RU#Scope#FTP#JSON#HTTP(PW)#HTTP(PIN)#ToolTCP/IP#ToolUSB"	"Ext.HMI#Int.HMI#RU#Scope#FTP#JSON#HTTP(PW)#HTTP(PIN)#ToolTCP/IP#ToolUSB"	"Ext.HMI#Int.HMI#RU#Scope#FTP#JSON#HTTP(PW)#HTTP(PIN)#ToolTCP/IP#ToolUSB"	"Ext.HMI#Int.HMI#RU#Scope#FTP#JSON#HTTP(PW)#HTTP(PIN)#ToolTCP/IP#ToolUSB"	"Ext.HMI#Int.HMI#RU#Scope#FTP#JSON#HTTP(PW)#HTTP(PIN)#ToolTCP/IP#ToolUSB"	"Ext.HMI#Int.HMI#RU#Scope#FTP#JSON#HTTP(PW)#HTTP(PIN)#ToolTCP/IP#ToolUSB"	"Ext.HMI#Int.HMI#RU#Scope#FTP#JSON#HTTP(PW)#HTTP(PIN)#ToolTCP/IP#ToolUSB"	
"0x2302 'HW\ComAlmAck'"	"0x1100"	"ComAlmAck"	"ComAlmAck"	"ComAlmAck"	"ComAlmAck"	"ComAlmAck"	"ComAlmAck"	"ComAlmAck"	"ComAlmAck"	
"0x2302 'HW\ComAlmAck'"	"0x010D"	"ComAlmAck"	"ComAlmAck"	"ComAlmAck"	"ComAlmAck"	"ComAlmAck"	"ComAlmAck"	"ComAlmAck"	"ComAlmAck"	
"0x2302 'HW\ComAlmAck'"	"0x1101"	"*Execute"	"*Execute"	"*Execute"	"*Execute"	"*Execute"	"*Execute"	"*Execute"	"*Execute"	
"0x230B 'HW\AlmPrio'"	"0x1100"	"AlmPrio"	"AlmPrio"	"AlmPrio"	"AlmPrio"	"AlmPrio"	"AlmPrio"	"AlmPrio"	"AlmPrio"	
"0x230B 'HW\AlmPrio'"	"0x010D"	"AlmPrio"	"AlmPrio"	"AlmPrio"	"AlmPrio"	"AlmPrio"	"AlmPrio"	"AlmPrio"	"AlmPrio"	
"0x230B 'HW\AlmPrio'"	"0x1101"	"PlantOff*Critical*Low*Warning*NoAlarm*EvHist*TrendNot*NA"	"PlantOff*Critical*Low*Warning*NoAlarm*EvHist*TrendNot*NA"	"PlantOff*Critical*Low*Warning*NoAlarm*EvHist*TrendNot*NA"	"PlantOff*Critical*Low*Warning*NoAlarm*EvHist*TrendNot*NA"	"PlantOff*Critical*Low*Warning*NoAlarm*EvHist*TrendNot*NA"	"PlantOff*Critical*Low*Warning*NoAlarm*EvHist*TrendNot*NA"	"PlantOff*Critical*Low*Warning*NoAlarm*EvHist*TrendNot*NA"	"PlantOff*Critical*Low*Warning*NoAlarm*EvHist*TrendNot*NA"	
"0x2308 'HW\MB_RTU1'"	"0x1100"	"MB_RTU1"	"MB_RTU1"	"MB_RTU1"	"MB_RTU1"	"MB_RTU1"	"MB_RTU1"	"MB_RTU1"	"MB_RTU1"	
"0x2308 'HW\MB_RTU1'"	"0x010D"	"MB_RTU1"	"MB_RTU1"	"MB_RTU1"	"MB_RTU1"	"MB_RTU1"	"MB_RTU1"	"MB_RTU1"	"MB_RTU1"	
"0x2302 'HW\MB_RTU1.Baud'"	"0x1100"	"Baud"	"Baud"	"Baud"	"Baud"	"Baud"	"Baud"	"Baud"	"Baud"	
"0x2302 'HW\MB_RTU1.Baud'"	"0x010D"	"MB_RTU1.Baud"	"MB_RTU1.Baud"	"MB_RTU1.Baud"	"MB_RTU1.Baud"	"MB_RTU1.Baud"	"MB_RTU1.Baud"	"MB_RTU1.Baud"	"MB_RTU1.Baud"	
"0x2302 'HW\MB_RTU1.Baud'"	"0x1101"	"9600*19200*38400*57600*115200"	"9600*19200*38400*57600*115200"	"9600*19200*38400*57600*115200"	"9600*19200*38400*57600*115200"	"9600*19200*38400*57600*115200"	"9600*19200*38400*57600*115200"	"9600*19200*38400*57600*115200"	"9600*19200*38400*57600*115200"	
"0x2302 'HW\MB_RTU1.Parity'"	"0x1100"	"Parity"	"Parity"	"Parity"	"Parity"	"Parity"	"Parity"	"Parity"	"Parity"	
"0x2302 'HW\MB_RTU1.Parity'"	"0x010D"	"MB_RTU1.Parity"	"MB_RTU1.Parity"	"MB_RTU1.Parity"	"MB_RTU1.Parity"	"MB_RTU1.Parity"	"MB_RTU1.Parity"	"MB_RTU1.Parity"	"MB_RTU1.Parity"	
"0x2302 'HW\MB_RTU1.Parity'"	"0x1101"	"None*Odd*Even"	"None*Odd*Even"	"None*Odd*Even"	"None*Odd*Even"	"None*Odd*Even"	"None*Odd*Even"	"None*Odd*Even"	"None*Odd*Even"	
"0x2302 'HW\MB_RTU1.StpBit'"	"0x1100"	"StpBit"	"StpBit"	"StpBit"	"StpBit"	"StpBit"	"StpBit"	"StpBit"	"StpBit"	
"0x2302 'HW\MB_RTU1.StpBit'"	"0x010D"	"MB_RTU1.StpBit"	"MB_RTU1.StpBit"	"MB_RTU1.StpBit"	"MB_RTU1.StpBit"	"MB_RTU1.StpBit"	"MB_RTU1.StpBit"	"MB_RTU1.StpBit"	"MB_RTU1.StpBit"	
"0x2302 'HW\MB_RTU1.StpBit'"	"0x1101"	"One*Two"	"One*Two"	"One*Two"	"One*Two"	"One*Two"	"One*Two"	"One*Two"	"One*Two"	
"0x2300 'HW\MB_RTU1.Dly'"	"0x1100"	"Dly"	"Dly"	"Dly"	"Dly"	"Dly"	"Dly"	"Dly"	"Dly"	
"0x2300 'HW\MB_RTU1.Dly'"	"0x010D"	"MB_RTU1.Dly"	"MB_RTU1.Dly"	"MB_RTU1.Dly"	"MB_RTU1.Dly"	"MB_RTU1.Dly"	"MB_RTU1.Dly"	"MB_RTU1.Dly"	"MB_RTU1.Dly"	
"0x2300 'HW\MB_RTU1.Dly'"	"0x1102"	"ms"	"ms"	"ms"	"ms"	"ms"	"ms"	"ms"	"ms"	
"0x2300 'HW\MB_RTU1.RspTio'"	"0x1100"	"RspTio"	"RspTio"	"RspTio"	"RspTio"	"RspTio"	"RspTio"	"RspTio"	"RspTio"	
"0x2300 'HW\MB_RTU1.RspTio'"	"0x010D"	"MB_RTU1.RspTio"	"MB_RTU1.RspTio"	"MB_RTU1.RspTio"	"MB_RTU1.RspTio"	"MB_RTU1.RspTio"	"MB_RTU1.RspTio"	"MB_RTU1.RspTio"	"MB_RTU1.RspTio"	
"0x2300 'HW\MB_RTU1.RspTio'"	"0x1102"	"ms"	"ms"	"ms"	"ms"	"ms"	"ms"	"ms"	"ms"	
"0x2308 'HW\MB_RTU2'"	"0x1100"	"MB_RTU2"	"MB_RTU2"	"MB_RTU2"	"MB_RTU2"	"MB_RTU2"	"MB_RTU2"	"MB_RTU2"	"MB_RTU2"	
"0x2308 'HW\MB_RTU2'"	"0x010D"	"MB_RTU2"	"MB_RTU2"	"MB_RTU2"	"MB_RTU2"	"MB_RTU2"	"MB_RTU2"	"MB_RTU2"	"MB_RTU2"	
"0x2302 'HW\MB_RTU2.Baud'"	"0x1100"	"Baud"	"Baud"	"Baud"	"Baud"	"Baud"	"Baud"	"Baud"	"Baud"	
"0x2302 'HW\MB_RTU2.Baud'"	"0x010D"	"MB_RTU2.Baud"	"MB_RTU2.Baud"	"MB_RTU2.Baud"	"MB_RTU2.Baud"	"MB_RTU2.Baud"	"MB_RTU2.Baud"	"MB_RTU2.Baud"	"MB_RTU2.Baud"	
"0x2302 'HW\MB_RTU2.Baud'"	"0x1101"	"9600*19200*38400*57600*115200"	"9600*19200*38400*57600*115200"	"9600*19200*38400*57600*115200"	"9600*19200*38400*57600*115200"	"9600*19200*38400*57600*115200"	"9600*19200*38400*57600*115200"	"9600*19200*38400*57600*115200"	"9600*19200*38400*57600*115200"	
"0x2302 'HW\MB_RTU2.Parity'"	"0x1100"	"Parity"	"Parity"	"Parity"	"Parity"	"Parity"	"Parity"	"Parity"	"Parity"	
"0x2302 'HW\MB_RTU2.Parity'"	"0x010D"	"MB_RTU2.Parity"	"MB_RTU2.Parity"	"MB_RTU2.Parity"	"MB_RTU2.Parity"	"MB_RTU2.Parity"	"MB_RTU2.Parity"	"MB_RTU2.Parity"	"MB_RTU2.Parity"	
"0x2302 'HW\MB_RTU2.Parity'"	"0x1101"	"None*Odd*Even"	"None*Odd*Even"	"None*Odd*Even"	"None*Odd*Even"	"None*Odd*Even"	"None*Odd*Even"	"None*Odd*Even"	"None*Odd*Even"	
"0x2302 'HW\MB_RTU2.StpBit'"	"0x1100"	"StpBit"	"StpBit"	"StpBit"	"StpBit"	"StpBit"	"StpBit"	"StpBit"	"StpBit"	
"0x2302 'HW\MB_RTU2.StpBit'"	"0x010D"	"MB_RTU2.StpBit"	"MB_RTU2.StpBit"	"MB_RTU2.StpBit"	"MB_RTU2.StpBit"	"MB_RTU2.StpBit"	"MB_RTU2.StpBit"	"MB_RTU2.StpBit"	"MB_RTU2.StpBit"	
"0x2302 'HW\MB_RTU2.StpBit'"	"0x1101"	"One*Two"	"One*Two"	"One*Two"	"One*Two"	"One*Two"	"One*Two"	"One*Two"	"One*Two"	
"0x2300 'HW\MB_RTU2.Dly'"	"0x1100"	"Dly"	"Dly"	"Dly"	"Dly"	"Dly"	"Dly"	"Dly"	"Dly"	
"0x2300 'HW\MB_RTU2.Dly'"	"0x010D"	"MB_RTU2.Dly"	"MB_RTU2.Dly"	"MB_RTU2.Dly"	"MB_RTU2.Dly"	"MB_RTU2.Dly"	"MB_RTU2.Dly"	"MB_RTU2.Dly"	"MB_RTU2.Dly"	
"0x2300 'HW\MB_RTU2.Dly'"	"0x1102"	"ms"	"ms"	"ms"	"ms"	"ms"	"ms"	"ms"	"ms"	
"0x2300 'HW\MB_RTU2.RspTio'"	"0x1100"	"RspTio"	"RspTio"	"RspTio"	"RspTio"	"RspTio"	"RspTio"	"RspTio"	"RspTio"	
"0x2300 'HW\MB_RTU2.RspTio'"	"0x010D"	"MB_RTU2.RspTio"	"MB_RTU2.RspTio"	"MB_RTU2.RspTio"	"MB_RTU2.RspTio"	"MB_RTU2.RspTio"	"MB_RTU2.RspTio"	"MB_RTU2.RspTio"	"MB_RTU2.RspTio"	
"0x2300 'HW\MB_RTU2.RspTio'"	"0x1102"	"ms"	"ms"	"ms"	"ms"	"ms"	"ms"	"ms"	"ms"	
"0x2308 'HW\MB_TCP'"	"0x1100"	"MB_TCP"	"MB_TCP"	"MB_TCP"	"MB_TCP"	"MB_TCP"	"MB_TCP"	"MB_TCP"	"MB_TCP"	
"0x2308 'HW\MB_TCP'"	"0x010D"	"MB_TCP"	"MB_TCP"	"MB_TCP"	"MB_TCP"	"MB_TCP"	"MB_TCP"	"MB_TCP"	"MB_TCP"	
"0x2300 'HW\MB_TCP.RspTio'"	"0x1100"	"RspTio"	"RspTio"	"RspTio"	"RspTio"	"RspTio"	"RspTio"	"RspTio"	"RspTio"	
"0x2300 'HW\MB_TCP.RspTio'"	"0x010D"	"MB_TCP.RspTio"	"MB_TCP.RspTio"	"MB_TCP.RspTio"	"MB_TCP.RspTio"	"MB_TCP.RspTio"	"MB_TCP.RspTio"	"MB_TCP.RspTio"	"MB_TCP.RspTio"	
"0x2300 'HW\MB_TCP.RspTio'"	"0x1102"	"ms"	"ms"	"ms"	"ms"	"ms"	"ms"	"ms"	"ms"	
"0x2303 'HW\MB_TCP.IPPort'"	"0x1100"	"IPPort"	"IPPort"	"IPPort"	"IPPort"	"IPPort"	"IPPort"	"IPPort"	"IPPort"	
"0x2303 'HW\MB_TCP.IPPort'"	"0x010D"	"MB_TCP.IPPort"	"MB_TCP.IPPort"	"MB_TCP.IPPort"	"MB_TCP.IPPort"	"MB_TCP.IPPort"	"MB_TCP.IPPort"	"MB_TCP.IPPort"	"MB_TCP.IPPort"	
"0x2300 'HW\MB_TCP.IPPortRls'"	"0x1100"	"IPPortRls"	"IPPortRls"	"IPPortRls"	"IPPortRls"	"IPPortRls"	"IPPortRls"	"IPPortRls"	"IPPortRls"	
"0x2300 'HW\MB_TCP.IPPortRls'"	"0x010D"	"MB_TCP.IPPortRls"	"MB_TCP.IPPortRls"	"MB_TCP.IPPortRls"	"MB_TCP.IPPortRls"	"MB_TCP.IPPortRls"	"MB_TCP.IPPortRls"	"MB_TCP.IPPortRls"	"MB_TCP.IPPortRls"	
"0x2300 'HW\MB_TCP.IPPortRls'"	"0x1102"	"s"	"s"	"s"	"s"	"s"	"s"	"s"	"s"	
"0x2308 'HW\MB_Adr'"	"0x1100"	"MB_Adr"	"MB_Adr"	"MB_Adr"	"MB_Adr"	"MB_Adr"	"MB_Adr"	"MB_Adr"	"MB_Adr"	
"0x2308 'HW\MB_Adr'"	"0x010D"	"MB_Adr"	"MB_Adr"	"MB_Adr"	"MB_Adr"	"MB_Adr"	"MB_Adr"	"MB_Adr"	"MB_Adr"	
"0x2303 'HW\MB_Adr.SrvAdr'"	"0x1100"	"SrvAdr"	"SrvAdr"	"SrvAdr"	"SrvAdr"	"SrvAdr"	"SrvAdr"	"SrvAdr"	"SrvAdr"	
"0x2303 'HW\MB_Adr.SrvAdr'"	"0x010D"	"MB_Adr.SrvAdr"	"MB_Adr.SrvAdr"	"MB_Adr.SrvAdr"	"MB_Adr.SrvAdr"	"MB_Adr.SrvAdr"	"MB_Adr.SrvAdr"	"MB_Adr.SrvAdr"	"MB_Adr.SrvAdr"	
"0x230D 'HW\DateStr'"	"0x1100"	"DateStr"	"DateStr"	"DateStr"	"DateStr"	"DateStr"	"DateStr"	"DateStr"	"DateStr"	
"0x230D 'HW\DateStr'"	"0x010D"	"DateStr"	"DateStr"	"DateStr"	"DateStr"	"DateStr"	"DateStr"	"DateStr"	"DateStr"	
"0x230D 'HW\TimeStr'"	"0x1100"	"TimeStr"	"TimeStr"	"TimeStr"	"TimeStr"	"TimeStr"	"TimeStr"	"TimeStr"	"TimeStr"	
"0x230D 'HW\TimeStr'"	"0x010D"	"TimeStr"	"TimeStr"	"TimeStr"	"TimeStr"	"TimeStr"	"TimeStr"	"TimeStr"	"TimeStr"	
"0x2309 '0x031D\Schedule'"	"0x1100"	"Schedule"	"Schedule"	"Schedule"	"Schedule"	"Schedule"	"Schedule"	"Schedule"	"Schedule"	
"0x2309 '0x031D\Schedule'"	"0x010D"	"Schedule"	"Schedule"	"Schedule"	"Schedule"	"Schedule"	"Schedule"	"Schedule"	"Schedule"	
"0x2302 'Schedule\ModeTSP_1'"	"0x1100"	"ModeTSP_1"	"ModeTSP_1"	"ModeTSP_1"	"ModeTSP_1"	"ModeTSP_1"	"ModeTSP_1"	"ModeTSP_1"	"ModeTSP_1"	
"0x2302 'Schedule\ModeTSP_1'"	"0x010D"	"ModeTSP_1"	"ModeTSP_1"	"ModeTSP_1"	"ModeTSP_1"	"ModeTSP_1"	"ModeTSP_1"	"ModeTSP_1"	"ModeTSP_1"	
"0x2302 'Schedule\ModeTSP_1'"	"0x1101"	"Prt*Eco*Cmf"	"Prt*Eco*Cmf"	"Prt*Eco*Cmf"	"Prt*Eco*Cmf"	"Prt*Eco*Cmf"	"Prt*Eco*Cmf"	"Prt*Eco*Cmf"	"Prt*Eco*Cmf"	
"0x220B 0xBC40245F"	"0x1100"	"Schedule_1"	"Schedule_1"	"Schedule_1"	"Schedule_1"	"Schedule_1"	"Schedule_1"	"Schedule_1"	"Schedule_1"	
"0x220B 0xBC40245F"	"0x010D"	"Schedule_1"	"Schedule_1"	"Schedule_1"	"Schedule_1"	"Schedule_1"	"Schedule_1"	"Schedule_1"	"Schedule_1"	
"0x220B 0xBC40245F"	"0x1200"	"Date*Range*WDay*Cal"	"Date*Range*WDay*Cal"	"Date*Range*WDay*Cal"	"Date*Range*WDay*Cal"	"Date*Range*WDay*Cal"	"Date*Range*WDay*Cal"	"Date*Range*WDay*Cal"	"Date*Range*WDay*Cal"	
"0x220B 0xBC40245F"	"0x1101"	"Prt*Eco*Cmf"	"Prt*Eco*Cmf"	"Prt*Eco*Cmf"	"Prt*Eco*Cmf"	"Prt*Eco*Cmf"	"Prt*Eco*Cmf"	"Prt*Eco*Cmf"	"Prt*Eco*Cmf"	
"0x220B 0xBC40245F"	"0x0210"	""	""	""	""	""	""	""	""	
"0x220B 0xBC40245F"	"0x0213"	"ModeTSP_1"	"ModeTSP_1"	"ModeTSP_1"	"ModeTSP_1"	"ModeTSP_1"	"ModeTSP_1"	"ModeTSP_1"	"ModeTSP_1"	
"0x220D 'Schedule\01:Monday'"	"0x1100"	"01:Monday"	"01:Monday"	"01:Monday"	"01:Monday"	"01:Monday"	"01:Monday"	"01:Monday"	"01:Monday"	
"0x220D 'Schedule\01:Monday'"	"0x1101"	"Prt*Eco*Cmf"	"Prt*Eco*Cmf"	"Prt*Eco*Cmf"	"Prt*Eco*Cmf"	"Prt*Eco*Cmf"	"Prt*Eco*Cmf"	"Prt*Eco*Cmf"	"Prt*Eco*Cmf"	
"0x220D 'Schedule\01:Tuesday'"	"0x1100"	"01:Tuesday"	"01:Tuesday"	"01:Tuesday"	"01:Tuesday"	"01:Tuesday"	"01:Tuesday"	"01:Tuesday"	"01:Tuesday"	
"0x220D 'Schedule\01:Tuesday'"	"0x1101"	"Prt*Eco*Cmf"	"Prt*Eco*Cmf"	"Prt*Eco*Cmf"	"Prt*Eco*Cmf"	"Prt*Eco*Cmf"	"Prt*Eco*Cmf"	"Prt*Eco*Cmf"	"Prt*Eco*Cmf"	
"0x220D 'Schedule\01:Wednesday'"	"0x1100"	"01:Wednesday"	"01:Wednesday"	"01:Wednesday"	"01:Wednesday"	"01:Wednesday"	"01:Wednesday"	"01:Wednesday"	"01:Wednesday"	
"0x220D 'Schedule\01:Wednesday'"	"0x1101"	"Prt*Eco*Cmf"	"Prt*Eco*Cmf"	"Prt*Eco*Cmf"	"Prt*Eco*Cmf"	"Prt*Eco*Cmf"	"Prt*Eco*Cmf"	"Prt*Eco*Cmf"	"Prt*Eco*Cmf"	
"0x220D 'Schedule\01:Thursday'"	"0x1100"	"01:Thursday"	"01:Thursday"	"01:Thursday"	"01:Thursday"	"01:Thursday"	"01:Thursday"	"01:Thursday"	"01:Thursday"	
"0x220D 'Schedule\01:Thursday'"	"0x1101"	"Prt*Eco*Cmf"	"Prt*Eco*Cmf"	"Prt*Eco*Cmf"	"Prt*Eco*Cmf"	"Prt*Eco*Cmf"	"Prt*Eco*Cmf"	"Prt*Eco*Cmf"	"Prt*Eco*Cmf"	
"0x220D 'Schedule\01:Friday'"	"0x1100"	"01:Friday"	"01:Friday"	"01:Friday"	"01:Friday"	"01:Friday"	"01:Friday"	"01:Friday"	"01:Friday"	
"0x220D 'Schedule\01:Friday'"	"0x1101"	"Prt*Eco*Cmf"	"Prt*Eco*Cmf"	"Prt*Eco*Cmf"	"Prt*Eco*Cmf"	"Prt*Eco*Cmf"	"Prt*Eco*Cmf"	"Prt*Eco*Cmf"	"Prt*Eco*Cmf"	
"0x220D 'Schedule\01:Saturday'"	"0x1100"	"01:Saturday"	"01:Saturday"	"01:Saturday"	"01:Saturday"	"01:Saturday"	"01:Saturday"	"01:Saturday"	"01:Saturday"	
"0x220D 'Schedule\01:Saturday'"	"0x1101"	"Prt*Eco*Cmf"	"Prt*Eco*Cmf"	"Prt*Eco*Cmf"	"Prt*Eco*Cmf"	"Prt*Eco*Cmf"	"Prt*Eco*Cmf"	"Prt*Eco*Cmf"	"Prt*Eco*Cmf"	
"0x220D 'Schedule\01:Sunday'"	"0x1100"	"01:Sunday"	"01:Sunday"	"01:Sunday"	"01:Sunday"	"01:Sunday"	"01:Sunday"	"01:Sunday"	"01:Sunday"	
"0x220D 'Schedule\01:Sunday'"	"0x1101"	"Prt*Eco*Cmf"	"Prt*Eco*Cmf"	"Prt*Eco*Cmf"	"Prt*Eco*Cmf"	"Prt*Eco*Cmf"	"Prt*Eco*Cmf"	"Prt*Eco*Cmf"	"Prt*Eco*Cmf"	
"0x220D 'Schedule\01:Exception'"	"0x1100"	"01:Exception"	"01:Exception"	"01:Exception"	"01:Exception"	"01:Exception"	"01:Exception"	"01:Exception"	"01:Exception"	
"0x220D 'Schedule\01:Exception'"	"0x1101"	"Prt*Eco*Cmf"	"Prt*Eco*Cmf"	"Prt*Eco*Cmf"	"Prt*Eco*Cmf"	"Prt*Eco*Cmf"	"Prt*Eco*Cmf"	"Prt*Eco*Cmf"	"Prt*Eco*Cmf"	
"0x2302 'Schedule\TSP_1_Rst'"	"0x1100"	"TSP_1_Rst"	"TSP_1_Rst"	"TSP_1_Rst"	"TSP_1_Rst"	"TSP_1_Rst"	"TSP_1_Rst"	"TSP_1_Rst"	"TSP_1_Rst"	
"0x2302 'Schedule\TSP_1_Rst'"	"0x010D"	"TSP_1_Rst"	"TSP_1_Rst"	"TSP_1_Rst"	"TSP_1_Rst"	"TSP_1_Rst"	"TSP_1_Rst"	"TSP_1_Rst"	"TSP_1_Rst"	
"0x2302 'Schedule\TSP_1_Rst'"	"0x1101"	"Off*On"	"Off*On"	"Off*On"	"Off*On"	"Off*On"	"Off*On"	"Off*On"	"Off*On"	
"0x2302 'Schedule\ModeTSP_2'"	"0x1100"	"ModeTSP_2"	"ModeTSP_2"	"ModeTSP_2"	"ModeTSP_2"	"ModeTSP_2"	"ModeTSP_2"	"ModeTSP_2"	"ModeTSP_2"	
"0x2302 'Schedule\ModeTSP_2'"	"0x010D"	"ModeTSP_2"	"ModeTSP_2"	"ModeTSP_2"	"ModeTSP_2"	"ModeTSP_2"	"ModeTSP_2"	"ModeTSP_2"	"ModeTSP_2"	
"0x2302 'Schedule\ModeTSP_2'"	"0x1101"	"Prt*Eco*Cmf"	"Prt*Eco*Cmf"	"Prt*Eco*Cmf"	"Prt*Eco*Cmf"	"Prt*Eco*Cmf"	"Prt*Eco*Cmf"	"Prt*Eco*Cmf"	"Prt*Eco*Cmf"	
"0x220B 0xBC4011A3"	"0x1100"	"Schedule_2"	"Schedule_2"	"Schedule_2"	"Schedule_2"	"Schedule_2"	"Schedule_2"	"Schedule_2"	"Schedule_2"	
"0x220B 0xBC4011A3"	"0x010D"	"Schedule_2"	"Schedule_2"	"Schedule_2"	"Schedule_2"	"Schedule_2"	"Schedule_2"	"Schedule_2"	"Schedule_2"	
"0x220B 0xBC4011A3"	"0x1200"	"Date*Range*WDay*Cal"	"Date*Range*WDay*Cal"	"Date*Range*WDay*Cal"	"Date*Range*WDay*Cal"	"Date*Range*WDay*Cal"	"Date*Range*WDay*Cal"	"Date*Range*WDay*Cal"	"Date*Range*WDay*Cal"	
"0x220B 0xBC4011A3"	"0x1101"	"Prt*Eco*Cmf"	"Prt*Eco*Cmf"	"Prt*Eco*Cmf"	"Prt*Eco*Cmf"	"Prt*Eco*Cmf"	"Prt*Eco*Cmf"	"Prt*Eco*Cmf"	"Prt*Eco*Cmf"	
"0x220B 0xBC4011A3"	"0x0210"	""	""	""	""	""	""	""	""	
"0x220B 0xBC4011A3"	"0x0213"	"ModeTSP_2"	"ModeTSP_2"	"ModeTSP_2"	"ModeTSP_2"	"ModeTSP_2"	"ModeTSP_2"	"ModeTSP_2"	"ModeTSP_2"	
"0x220D 'Schedule\02:Monday'"	"0x1100"	"02:Monday"	"02:Monday"	"02:Monday"	"02:Monday"	"02:Monday"	"02:Monday"	"02:Monday"	"02:Monday"	
"0x220D 'Schedule\02:Monday'"	"0x1101"	"Prt*Eco*Cmf"	"Prt*Eco*Cmf"	"Prt*Eco*Cmf"	"Prt*Eco*Cmf"	"Prt*Eco*Cmf"	"Prt*Eco*Cmf"	"Prt*Eco*Cmf"	"Prt*Eco*Cmf"	
"0x220D 'Schedule\02:Tuesday'"	"0x1100"	"02:Tuesday"	"02:Tuesday"	"02:Tuesday"	"02:Tuesday"	"02:Tuesday"	"02:Tuesday"	"02:Tuesday"	"02:Tuesday"	
"0x220D 'Schedule\02:Tuesday'"	"0x1101"	"Prt*Eco*Cmf"	"Prt*Eco*Cmf"	"Prt*Eco*Cmf"	"Prt*Eco*Cmf"	"Prt*Eco*Cmf"	"Prt*Eco*Cmf"	"Prt*Eco*Cmf"	"Prt*Eco*Cmf"	
"0x220D 'Schedule\02:Wednesday'"	"0x1100"	"02:Wednesday"	"02:Wednesday"	"02:Wednesday"	"02:Wednesday"	"02:Wednesday"	"02:Wednesday"	"02:Wednesday"	"02:Wednesday"	
"0x220D 'Schedule\02:Wednesday'"	"0x1101"	"Prt*Eco*Cmf"	"Prt*Eco*Cmf"	"Prt*Eco*Cmf"	"Prt*Eco*Cmf"	"Prt*Eco*Cmf"	"Prt*Eco*Cmf"	"Prt*Eco*Cmf"	"Prt*Eco*Cmf"	
"0x220D 'Schedule\02:Thursday'"	"0x1100"	"02:Thursday"	"02:Thursday"	"02:Thursday"	"02:Thursday"	"02:Thursday"	"02:Thursday"	"02:Thursday"	"02:Thursday"	
"0x220D 'Schedule\02:Thursday'"	"0x1101"	"Prt*Eco*Cmf"	"Prt*Eco*Cmf"	"Prt*Eco*Cmf"	"Prt*Eco*Cmf"	"Prt*Eco*Cmf"	"Prt*Eco*Cmf"	"Prt*Eco*Cmf"	"Prt*Eco*Cmf"	
"0x220D 'Schedule\02:Friday'"	"0x1100"	"02:Friday"	"02:Friday"	"02:Friday"	"02:Friday"	"02:Friday"	"02:Friday"	"02:Friday"	"02:Friday"	
"0x220D 'Schedule\02:Friday'"	"0x1101"	"Prt*Eco*Cmf"	"Prt*Eco*Cmf"	"Prt*Eco*Cmf"	"Prt*Eco*Cmf"	"Prt*Eco*Cmf"	"Prt*Eco*Cmf"	"Prt*Eco*Cmf"	"Prt*Eco*Cmf"	
"0x220D 'Schedule\02:Saturday'"	"0x1100"	"02:Saturday"	"02:Saturday"	"02:Saturday"	"02:Saturday"	"02:Saturday"	"02:Saturday"	"02:Saturday"	"02:Saturday"	
"0x220D 'Schedule\02:Saturday'"	"0x1101"	"Prt*Eco*Cmf"	"Prt*Eco*Cmf"	"Prt*Eco*Cmf"	"Prt*Eco*Cmf"	"Prt*Eco*Cmf"	"Prt*Eco*Cmf"	"Prt*Eco*Cmf"	"Prt*Eco*Cmf"	
"0x220D 'Schedule\02:Sunday'"	"0x1100"	"02:Sunday"	"02:Sunday"	"02:Sunday"	"02:Sunday"	"02:Sunday"	"02:Sunday"	"02:Sunday"	"02:Sunday"	
"0x220D 'Schedule\02:Sunday'"	"0x1101"	"Prt*Eco*Cmf"	"Prt*Eco*Cmf"	"Prt*Eco*Cmf"	"Prt*Eco*Cmf"	"Prt*Eco*Cmf"	"Prt*Eco*Cmf"	"Prt*Eco*Cmf"	"Prt*Eco*Cmf"	
"0x220D 'Schedule\02:Exception'"	"0x1100"	"02:Exception"	"02:Exception"	"02:Exception"	"02:Exception"	"02:Exception"	"02:Exception"	"02:Exception"	"02:Exception"	
"0x220D 'Schedule\02:Exception'"	"0x1101"	"Prt*Eco*Cmf"	"Prt*Eco*Cmf"	"Prt*Eco*Cmf"	"Prt*Eco*Cmf"	"Prt*Eco*Cmf"	"Prt*Eco*Cmf"	"Prt*Eco*Cmf"	"Prt*Eco*Cmf"	
"0x2302 'Schedule\TSP_2_Rst'"	"0x1100"	"TSP_2_Rst"	"TSP_2_Rst"	"TSP_2_Rst"	"TSP_2_Rst"	"TSP_2_Rst"	"TSP_2_Rst"	"TSP_2_Rst"	"TSP_2_Rst"	
"0x2302 'Schedule\TSP_2_Rst'"	"0x010D"	"TSP_2_Rst"	"TSP_2_Rst"	"TSP_2_Rst"	"TSP_2_Rst"	"TSP_2_Rst"	"TSP_2_Rst"	"TSP_2_Rst"	"TSP_2_Rst"	
"0x2302 'Schedule\TSP_2_Rst'"	"0x1101"	"Off*On"	"Off*On"	"Off*On"	"Off*On"	"Off*On"	"Off*On"	"Off*On"	"Off*On"	
"0x2302 'Schedule\ModeTSP_3'"	"0x1100"	"ModeTSP_3"	"ModeTSP_3"	"ModeTSP_3"	"ModeTSP_3"	"ModeTSP_3"	"ModeTSP_3"	"ModeTSP_3"	"ModeTSP_3"	
"0x2302 'Schedule\ModeTSP_3'"	"0x010D"	"ModeTSP_3"	"ModeTSP_3"	"ModeTSP_3"	"ModeTSP_3"	"ModeTSP_3"	"ModeTSP_3"	"ModeTSP_3"	"ModeTSP_3"	
"0x2302 'Schedule\ModeTSP_3'"	"0x1101"	"Prt*Eco*Cmf"	"Prt*Eco*Cmf"	"Prt*Eco*Cmf"	"Prt*Eco*Cmf"	"Prt*Eco*Cmf"	"Prt*Eco*Cmf"	"Prt*Eco*Cmf"	"Prt*Eco*Cmf"	
"0x220B 0xBC4002F7"	"0x1100"	"Schedule_3"	"Schedule_3"	"Schedule_3"	"Schedule_3"	"Schedule_3"	"Schedule_3"	"Schedule_3"	"Schedule_3"	
"0x220B 0xBC4002F7"	"0x010D"	"Schedule_3"	"Schedule_3"	"Schedule_3"	"Schedule_3"	"Schedule_3"	"Schedule_3"	"Schedule_3"	"Schedule_3"	
"0x220B 0xBC4002F7"	"0x1200"	"Date*Range*WDay*Cal"	"Date*Range*WDay*Cal"	"Date*Range*WDay*Cal"	"Date*Range*WDay*Cal"	"Date*Range*WDay*Cal"	"Date*Range*WDay*Cal"	"Date*Range*WDay*Cal"	"Date*Range*WDay*Cal"	
"0x220B 0xBC4002F7"	"0x1101"	"Prt*Eco*Cmf"	"Prt*Eco*Cmf"	"Prt*Eco*Cmf"	"Prt*Eco*Cmf"	"Prt*Eco*Cmf"	"Prt*Eco*Cmf"	"Prt*Eco*Cmf"	"Prt*Eco*Cmf"	
"0x220B 0xBC4002F7"	"0x0210"	""	""	""	""	""	""	""	""	
"0x220B 0xBC4002F7"	"0x0213"	"ModeTSP_3"	"ModeTSP_3"	"ModeTSP_3"	"ModeTSP_3"	"ModeTSP_3"	"ModeTSP_3"	"ModeTSP_3"	"ModeTSP_3"	
"0x220D 'Schedule\03:Monday'"	"0x1100"	"03:Monday"	"03:Monday"	"03:Monday"	"03:Monday"	"03:Monday"	"03:Monday"	"03:Monday"	"03:Monday"	
"0x220D 'Schedule\03:Monday'"	"0x1101"	"Prt*Eco*Cmf"	"Prt*Eco*Cmf"	"Prt*Eco*Cmf"	"Prt*Eco*Cmf"	"Prt*Eco*Cmf"	"Prt*Eco*Cmf"	"Prt*Eco*Cmf"	"Prt*Eco*Cmf"	
"0x220D 'Schedule\03:Tuesday'"	"0x1100"	"03:Tuesday"	"03:Tuesday"	"03:Tuesday"	"03:Tuesday"	"03:Tuesday"	"03:Tuesday"	"03:Tuesday"	"03:Tuesday"	
"0x220D 'Schedule\03:Tuesday'"	"0x1101"	"Prt*Eco*Cmf"	"Prt*Eco*Cmf"	"Prt*Eco*Cmf"	"Prt*Eco*Cmf"	"Prt*Eco*Cmf"	"Prt*Eco*Cmf"	"Prt*Eco*Cmf"	"Prt*Eco*Cmf"	
"0x220D 'Schedule\03:Wednesday'"	"0x1100"	"03:Wednesday"	"03:Wednesday"	"03:Wednesday"	"03:Wednesday"	"03:Wednesday"	"03:Wednesday"	"03:Wednesday"	"03:Wednesday"	
"0x220D 'Schedule\03:Wednesday'"	"0x1101"	"Prt*Eco*Cmf"	"Prt*Eco*Cmf"	"Prt*Eco*Cmf"	"Prt*Eco*Cmf"	"Prt*Eco*Cmf"	"Prt*Eco*Cmf"	"Prt*Eco*Cmf"	"Prt*Eco*Cmf"	
"0x220D 'Schedule\03:Thursday'"	"0x1100"	"03:Thursday"	"03:Thursday"	"03:Thursday"	"03:Thursday"	"03:Thursday"	"03:Thursday"	"03:Thursday"	"03:Thursday"	
"0x220D 'Schedule\03:Thursday'"	"0x1101"	"Prt*Eco*Cmf"	"Prt*Eco*Cmf"	"Prt*Eco*Cmf"	"Prt*Eco*Cmf"	"Prt*Eco*Cmf"	"Prt*Eco*Cmf"	"Prt*Eco*Cmf"	"Prt*Eco*Cmf"	
"0x220D 'Schedule\03:Friday'"	"0x1100"	"03:Friday"	"03:Friday"	"03:Friday"	"03:Friday"	"03:Friday"	"03:Friday"	"03:Friday"	"03:Friday"	
"0x220D 'Schedule\03:Friday'"	"0x1101"	"Prt*Eco*Cmf"	"Prt*Eco*Cmf"	"Prt*Eco*Cmf"	"Prt*Eco*Cmf"	"Prt*Eco*Cmf"	"Prt*Eco*Cmf"	"Prt*Eco*Cmf"	"Prt*Eco*Cmf"	
"0x220D 'Schedule\03:Saturday'"	"0x1100"	"03:Saturday"	"03:Saturday"	"03:Saturday"	"03:Saturday"	"03:Saturday"	"03:Saturday"	"03:Saturday"	"03:Saturday"	
"0x220D 'Schedule\03:Saturday'"	"0x1101"	"Prt*Eco*Cmf"	"Prt*Eco*Cmf"	"Prt*Eco*Cmf"	"Prt*Eco*Cmf"	"Prt*Eco*Cmf"	"Prt*Eco*Cmf"	"Prt*Eco*Cmf"	"Prt*Eco*Cmf"	
"0x220D 'Schedule\03:Sunday'"	"0x1100"	"03:Sunday"	"03:Sunday"	"03:Sunday"	"03:Sunday"	"03:Sunday"	"03:Sunday"	"03:Sunday"	"03:Sunday"	
"0x220D 'Schedule\03:Sunday'"	"0x1101"	"Prt*Eco*Cmf"	"Prt*Eco*Cmf"	"Prt*Eco*Cmf"	"Prt*Eco*Cmf"	"Prt*Eco*Cmf"	"Prt*Eco*Cmf"	"Prt*Eco*Cmf"	"Prt*Eco*Cmf"	
"0x220D 'Schedule\03:Exception'"	"0x1100"	"03:Exception"	"03:Exception"	"03:Exception"	"03:Exception"	"03:Exception"	"03:Exception"	"03:Exception"	"03:Exception"	
"0x220D 'Schedule\03:Exception'"	"0x1101"	"Prt*Eco*Cmf"	"Prt*Eco*Cmf"	"Prt*Eco*Cmf"	"Prt*Eco*Cmf"	"Prt*Eco*Cmf"	"Prt*Eco*Cmf"	"Prt*Eco*Cmf"	"Prt*Eco*Cmf"	
"0x2302 'Schedule\TSP_3_Rst'"	"0x1100"	"TSP_3_Rst"	"TSP_3_Rst"	"TSP_3_Rst"	"TSP_3_Rst"	"TSP_3_Rst"	"TSP_3_Rst"	"TSP_3_Rst"	"TSP_3_Rst"	
"0x2302 'Schedule\TSP_3_Rst'"	"0x010D"	"TSP_3_Rst"	"TSP_3_Rst"	"TSP_3_Rst"	"TSP_3_Rst"	"TSP_3_Rst"	"TSP_3_Rst"	"TSP_3_Rst"	"TSP_3_Rst"	
"0x2302 'Schedule\TSP_3_Rst'"	"0x1101"	"Off*On"	"Off*On"	"Off*On"	"Off*On"	"Off*On"	"Off*On"	"Off*On"	"Off*On"	
"0x2309 '0x031D\GlobalCfg'"	"0x1100"	"GlobalCfg"	"GlobalCfg"	"GlobalCfg"	"GlobalCfg"	"GlobalCfg"	"GlobalCfg"	"GlobalCfg"	"GlobalCfg"	
"0x2309 '0x031D\GlobalCfg'"	"0x010D"	"GlobalCfg"	"GlobalCfg"	"GlobalCfg"	"GlobalCfg"	"GlobalCfg"	"GlobalCfg"	"GlobalCfg"	"GlobalCfg"	
"0x2309 '0x031D\Room1'"	"0x1100"	"Room1"	"Room1"	"Room1"	"Room1"	"Room1"	"Room1"	"Room1"	"Room1"	
"0x2309 '0x031D\Room1'"	"0x010D"	"Room1"	"Room1"	"Room1"	"Room1"	"Room1"	"Room1"	"Room1"	"Room1"	
"0x2308 'Room1\Room1.TR'"	"0x1100"	"TR"	"TR"	"TR"	"TR"	"TR"	"TR"	"TR"	"TR"	
"0x2308 'Room1\Room1.TR'"	"0x010D"	"Room1.TR"	"Room1.TR"	"Room1.TR"	"Room1.TR"	"Room1.TR"	"Room1.TR"	"Room1.TR"	"Room1.TR"	
"0x2300 'Room1\Room1.TR.SpTiCom'"	"0x1100"	"SpTiCom"	"SpTiCom"	"SpTiCom"	"SpTiCom"	"SpTiCom"	"SpTiCom"	"SpTiCom"	"SpTiCom"	
"0x2300 'Room1\Room1.TR.SpTiCom'"	"0x010D"	"Room1.TR.SpTiCom"	"Room1.TR.SpTiCom"	"Room1.TR.SpTiCom"	"Room1.TR.SpTiCom"	"Room1.TR.SpTiCom"	"Room1.TR.SpTiCom"	"Room1.TR.SpTiCom"	"Room1.TR.SpTiCom"	
"0x2300 'Room1\Room1.TR.SpTiCom'"	"0x1102"	"s"	"s"	"s"	"s"	"s"	"s"	"s"	"s"	
"0x2203 'Room1\Room1.TR.Val'"	"0x1100"	"Val"	"Val"	"Val"	"Val"	"Val"	"Val"	"Val"	"Val"	
"0x2203 'Room1\Room1.TR.Val'"	"0x010D"	"Room1.TR.Val"	"Room1.TR.Val"	"Room1.TR.Val"	"Room1.TR.Val"	"Room1.TR.Val"	"Room1.TR.Val"	"Room1.TR.Val"	"Room1.TR.Val"	
"0x2203 'Room1\Room1.TR.Val'"	"0x1102"	"°C"	"°C"	"°C"	"°C"	"°C"	"°C"	"°C"	"°C"	
"0x2203 'Room1\Room1.TR.Val'"	"0x1214"	"dK"	"dK"	"dK"	"dK"	"dK"	"dK"	"dK"	"dK"	
"0x2308 'Room1\Room1.CndMon2'"	"0x1100"	"CndMon2"	"CndMon2"	"CndMon2"	"CndMon2"	"CndMon2"	"CndMon2"	"CndMon2"	"CndMon2"	
"0x2308 'Room1\Room1.CndMon2'"	"0x010D"	"Room1.CndMon2"	"Room1.CndMon2"	"Room1.CndMon2"	"Room1.CndMon2"	"Room1.CndMon2"	"Room1.CndMon2"	"Room1.CndMon2"	"Room1.CndMon2"	
"0x2304 'Room1\Room1.CndMon2.RefIO'"	"0x1100"	"RefIO"	"RefIO"	"RefIO"	"RefIO"	"RefIO"	"RefIO"	"RefIO"	"RefIO"	
"0x2304 'Room1\Room1.CndMon2.RefIO'"	"0x010D"	"Room1.CndMon2.RefIO"	"Room1.CndMon2.RefIO"	"Room1.CndMon2.RefIO"	"Room1.CndMon2.RefIO"	"Room1.CndMon2.RefIO"	"Room1.CndMon2.RefIO"	"Room1.CndMon2.RefIO"	"Room1.CndMon2.RefIO"	
"0x2204 'Room1\Room1.CndMon2.Val'"	"0x1100"	"Val"	"Val"	"Val"	"Val"	"Val"	"Val"	"Val"	"Val"	
"0x2204 'Room1\Room1.CndMon2.Val'"	"0x010D"	"Room1.CndMon2.Val"	"Room1.CndMon2.Val"	"Room1.CndMon2.Val"	"Room1.CndMon2.Val"	"Room1.CndMon2.Val"	"Room1.CndMon2.Val"	"Room1.CndMon2.Val"	"Room1.CndMon2.Val"	
"0x2204 'Room1\Room1.CndMon2.Val'"	"0x1101"	"Passive*Active*Null"	"Passive*Active*Null"	"Passive*Active*Null"	"Passive*Active*Null"	"Passive*Active*Null"	"Passive*Active*Null"	"Passive*Active*Null"	"Passive*Active*Null"	
"0x2308 'Room1\Room1.CndMon'"	"0x1100"	"CndMon"	"CndMon"	"CndMon"	"CndMon"	"CndMon"	"CndMon"	"CndMon"	"CndMon"	
"0x2308 'Room1\Room1.CndMon'"	"0x010D"	"Room1.CndMon"	"Room1.CndMon"	"Room1.CndMon"	"Room1.CndMon"	"Room1.CndMon"	"Room1.CndMon"	"Room1.CndMon"	"Room1.CndMon"	
"0x2304 'Room1\Room1.CndMon.RefIO'"	"0x1100"	"RefIO"	"RefIO"	"RefIO"	"RefIO"	"RefIO"	"RefIO"	"RefIO"	"RefIO"	
"0x2304 'Room1\Room1.CndMon.RefIO'"	"0x010D"	"Room1.CndMon.RefIO"	"Room1.CndMon.RefIO"	"Room1.CndMon.RefIO"	"Room1.CndMon.RefIO"	"Room1.CndMon.RefIO"	"Room1.CndMon.RefIO"	"Room1.CndMon.RefIO"	"Room1.CndMon.RefIO"	
"0x2204 'Room1\Room1.CndMon.Val'"	"0x1100"	"Val"	"Val"	"Val"	"Val"	"Val"	"Val"	"Val"	"Val"	
"0x2204 'Room1\Room1.CndMon.Val'"	"0x010D"	"Room1.CndMon.Val"	"Room1.CndMon.Val"	"Room1.CndMon.Val"	"Room1.CndMon.Val"	"Room1.CndMon.Val"	"Room1.CndMon.Val"	"Room1.CndMon.Val"	"Room1.CndMon.Val"	
"0x2204 'Room1\Room1.CndMon.Val'"	"0x1101"	"Passive*Active*Null"	"Passive*Active*Null"	"Passive*Active*Null"	"Passive*Active*Null"	"Passive*Active*Null"	"Passive*Active*Null"	"Passive*Active*Null"	"Passive*Active*Null"	
"0x2308 'Room1\Room1.CndMon3'"	"0x1100"	"CndMon3"	"CndMon3"	"CndMon3"	"CndMon3"	"CndMon3"	"CndMon3"	"CndMon3"	"CndMon3"	
"0x2308 'Room1\Room1.CndMon3'"	"0x010D"	"Room1.CndMon3"	"Room1.CndMon3"	"Room1.CndMon3"	"Room1.CndMon3"	"Room1.CndMon3"	"Room1.CndMon3"	"Room1.CndMon3"	"Room1.CndMon3"	
"0x2304 'Room1\Room1.CndMon3.RefIO'"	"0x1100"	"RefIO"	"RefIO"	"RefIO"	"RefIO"	"RefIO"	"RefIO"	"RefIO"	"RefIO"	
"0x2304 'Room1\Room1.CndMon3.RefIO'"	"0x010D"	"Room1.CndMon3.RefIO"	"Room1.CndMon3.RefIO"	"Room1.CndMon3.RefIO"	"Room1.CndMon3.RefIO"	"Room1.CndMon3.RefIO"	"Room1.CndMon3.RefIO"	"Room1.CndMon3.RefIO"	"Room1.CndMon3.RefIO"	
"0x2204 'Room1\Room1.CndMon3.Val'"	"0x1100"	"Val"	"Val"	"Val"	"Val"	"Val"	"Val"	"Val"	"Val"	
"0x2204 'Room1\Room1.CndMon3.Val'"	"0x010D"	"Room1.CndMon3.Val"	"Room1.CndMon3.Val"	"Room1.CndMon3.Val"	"Room1.CndMon3.Val"	"Room1.CndMon3.Val"	"Room1.CndMon3.Val"	"Room1.CndMon3.Val"	"Room1.CndMon3.Val"	
"0x2204 'Room1\Room1.CndMon3.Val'"	"0x1101"	"Passive*Active*Null"	"Passive*Active*Null"	"Passive*Active*Null"	"Passive*Active*Null"	"Passive*Active*Null"	"Passive*Active*Null"	"Passive*Active*Null"	"Passive*Active*Null"	
"0x2308 'Room1\Room1.CndMon4'"	"0x1100"	"CndMon4"	"CndMon4"	"CndMon4"	"CndMon4"	"CndMon4"	"CndMon4"	"CndMon4"	"CndMon4"	
"0x2308 'Room1\Room1.CndMon4'"	"0x010D"	"Room1.CndMon4"	"Room1.CndMon4"	"Room1.CndMon4"	"Room1.CndMon4"	"Room1.CndMon4"	"Room1.CndMon4"	"Room1.CndMon4"	"Room1.CndMon4"	
"0x2304 'Room1\Room1.CndMon4.RefIO'"	"0x1100"	"RefIO"	"RefIO"	"RefIO"	"RefIO"	"RefIO"	"RefIO"	"RefIO"	"RefIO"	
"0x2304 'Room1\Room1.CndMon4.RefIO'"	"0x010D"	"Room1.CndMon4.RefIO"	"Room1.CndMon4.RefIO"	"Room1.CndMon4.RefIO"	"Room1.CndMon4.RefIO"	"Room1.CndMon4.RefIO"	"Room1.CndMon4.RefIO"	"Room1.CndMon4.RefIO"	"Room1.CndMon4.RefIO"	
"0x2204 'Room1\Room1.CndMon4.Val'"	"0x1100"	"Val"	"Val"	"Val"	"Val"	"Val"	"Val"	"Val"	"Val"	
"0x2204 'Room1\Room1.CndMon4.Val'"	"0x010D"	"Room1.CndMon4.Val"	"Room1.CndMon4.Val"	"Room1.CndMon4.Val"	"Room1.CndMon4.Val"	"Room1.CndMon4.Val"	"Room1.CndMon4.Val"	"Room1.CndMon4.Val"	"Room1.CndMon4.Val"	
"0x2204 'Room1\Room1.CndMon4.Val'"	"0x1101"	"Passive*Active*Null"	"Passive*Active*Null"	"Passive*Active*Null"	"Passive*Active*Null"	"Passive*Active*Null"	"Passive*Active*Null"	"Passive*Active*Null"	"Passive*Active*Null"	
"0x2302 'Room1\Room1.OpModMan'"	"0x1100"	"OpModMan"	"OpModMan"	"OpModMan"	"OpModMan"	"OpModMan"	"OpModMan"	"OpModMan"	"OpModMan"	
"0x2302 'Room1\Room1.OpModMan'"	"0x010D"	"Room1.OpModMan"	"Room1.OpModMan"	"Room1.OpModMan"	"Room1.OpModMan"	"Room1.OpModMan"	"Room1.OpModMan"	"Room1.OpModMan"	"Room1.OpModMan"	
"0x2302 'Room1\Room1.OpModMan'"	"0x1101"	"Prt*Eco*Cmf*Auto"	"Prt*Eco*Cmf*Auto"	"Prt*Eco*Cmf*Auto"	"Prt*Eco*Cmf*Auto"	"Prt*Eco*Cmf*Auto"	"Prt*Eco*Cmf*Auto"	"Prt*Eco*Cmf*Auto"	"Prt*Eco*Cmf*Auto"	
"0x2302 'Room1\Room1.ShedSel'"	"0x1100"	"ShedSel"	"ShedSel"	"ShedSel"	"ShedSel"	"ShedSel"	"ShedSel"	"ShedSel"	"ShedSel"	
"0x2302 'Room1\Room1.ShedSel'"	"0x010D"	"Room1.ShedSel"	"Room1.ShedSel"	"Room1.ShedSel"	"Room1.ShedSel"	"Room1.ShedSel"	"Room1.ShedSel"	"Room1.ShedSel"	"Room1.ShedSel"	
"0x2302 'Room1\Room1.ShedSel'"	"0x1101"	"TSP_1*TSP_2*TSP_3"	"TSP_1*TSP_2*TSP_3"	"TSP_1*TSP_2*TSP_3"	"TSP_1*TSP_2*TSP_3"	"TSP_1*TSP_2*TSP_3"	"TSP_1*TSP_2*TSP_3"	"TSP_1*TSP_2*TSP_3"	"TSP_1*TSP_2*TSP_3"	
"0x2300 'Room1\Room1.SpTRPrt'"	"0x1100"	"SpTRPrt"	"SpTRPrt"	"SpTRPrt"	"SpTRPrt"	"SpTRPrt"	"SpTRPrt"	"SpTRPrt"	"SpTRPrt"	
"0x2300 'Room1\Room1.SpTRPrt'"	"0x010D"	"Room1.SpTRPrt"	"Room1.SpTRPrt"	"Room1.SpTRPrt"	"Room1.SpTRPrt"	"Room1.SpTRPrt"	"Room1.SpTRPrt"	"Room1.SpTRPrt"	"Room1.SpTRPrt"	
"0x2300 'Room1\Room1.SpTRPrt'"	"0x1102"	"°C"	"°C"	"°C"	"°C"	"°C"	"°C"	"°C"	"°C"	
"0x2300 'Room1\Room1.SpTREco'"	"0x1100"	"SpTREco"	"SpTREco"	"SpTREco"	"SpTREco"	"SpTREco"	"SpTREco"	"SpTREco"	"SpTREco"	
"0x2300 'Room1\Room1.SpTREco'"	"0x010D"	"Room1.SpTREco"	"Room1.SpTREco"	"Room1.SpTREco"	"Room1.SpTREco"	"Room1.SpTREco"	"Room1.SpTREco"	"Room1.SpTREco"	"Room1.SpTREco"	
"0x2300 'Room1\Room1.SpTREco'"	"0x1102"	"°C"	"°C"	"°C"	"°C"	"°C"	"°C"	"°C"	"°C"	
"0x2300 'Room1\Room1.SpTRCmf'"	"0x1100"	"SpTRCmf"	"SpTRCmf"	"SpTRCmf"	"SpTRCmf"	"SpTRCmf"	"SpTRCmf"	"SpTRCmf"	"SpTRCmf"	
"0x2300 'Room1\Room1.SpTRCmf'"	"0x010D"	"Room1.SpTRCmf"	"Room1.SpTRCmf"	"Room1.SpTRCmf"	"Room1.SpTRCmf"	"Room1.SpTRCmf"	"Room1.SpTRCmf"	"Room1.SpTRCmf"	"Room1.SpTRCmf"	
"0x2300 'Room1\Room1.SpTRCmf'"	"0x1102"	"°C"	"°C"	"°C"	"°C"	"°C"	"°C"	"°C"	"°C"	
"0x2202 'Room1\Room1.PltMod'"	"0x1100"	"PltMod"	"PltMod"	"PltMod"	"PltMod"	"PltMod"	"PltMod"	"PltMod"	"PltMod"	
"0x2202 'Room1\Room1.PltMod'"	"0x010D"	"Room1.PltMod"	"Room1.PltMod"	"Room1.PltMod"	"Room1.PltMod"	"Room1.PltMod"	"Room1.PltMod"	"Room1.PltMod"	"Room1.PltMod"	
"0x2202 'Room1\Room1.PltMod'"	"0x1101"	"Null*Auto*Off*Ctl*Flt"	"Null*Auto*Off*Ctl*Flt"	"Null*Auto*Off*Ctl*Flt"	"Null*Auto*Off*Ctl*Flt"	"Null*Auto*Off*Ctl*Flt"	"Null*Auto*Off*Ctl*Flt"	"Null*Auto*Off*Ctl*Flt"	"Null*Auto*Off*Ctl*Flt"	
"0x2308 'Room1\Room1.VlvCtl'"	"0x1100"	"VlvCtl"	"VlvCtl"	"VlvCtl"	"VlvCtl"	"VlvCtl"	"VlvCtl"	"VlvCtl"	"VlvCtl"	
"0x2308 'Room1\Room1.VlvCtl'"	"0x010D"	"Room1.VlvCtl"	"Room1.VlvCtl"	"Room1.VlvCtl"	"Room1.VlvCtl"	"Room1.VlvCtl"	"Room1.VlvCtl"	"Room1.VlvCtl"	"Room1.VlvCtl"	
"0x2202 'Room1\Room1.VlvCtl.AggrMod'"	"0x1100"	"AggrMod"	"AggrMod"	"AggrMod"	"AggrMod"	"AggrMod"	"AggrMod"	"AggrMod"	"AggrMod"	
"0x2202 'Room1\Room1.VlvCtl.AggrMod'"	"0x010D"	"Room1.VlvCtl.AggrMod"	"Room1.VlvCtl.AggrMod"	"Room1.VlvCtl.AggrMod"	"Room1.VlvCtl.AggrMod"	"Room1.VlvCtl.AggrMod"	"Room1.VlvCtl.AggrMod"	"Room1.VlvCtl.AggrMod"	"Room1.VlvCtl.AggrMod"	
"0x2202 'Room1\Room1.VlvCtl.AggrMod'"	"0x1101"	"Auto*Off*On*Dmd*Loop*Low*High*Swi*Last*LoopDmd"	"Auto*Off*On*Dmd*Loop*Low*High*Swi*Last*LoopDmd"	"Auto*Off*On*Dmd*Loop*Low*High*Swi*Last*LoopDmd"	"Auto*Off*On*Dmd*Loop*Low*High*Swi*Last*LoopDmd"	"Auto*Off*On*Dmd*Loop*Low*High*Swi*Last*LoopDmd"	"Auto*Off*On*Dmd*Loop*Low*High*Swi*Last*LoopDmd"	"Auto*Off*On*Dmd*Loop*Low*High*Swi*Last*LoopDmd"	"Auto*Off*On*Dmd*Loop*Low*High*Swi*Last*LoopDmd"	
"0x2300 'Room1\Room1.VlvCtl.Low'"	"0x1100"	"Low"	"Low"	"Low"	"Low"	"Low"	"Low"	"Low"	"Low"	
"0x2300 'Room1\Room1.VlvCtl.Low'"	"0x010D"	"Room1.VlvCtl.Low"	"Room1.VlvCtl.Low"	"Room1.VlvCtl.Low"	"Room1.VlvCtl.Low"	"Room1.VlvCtl.Low"	"Room1.VlvCtl.Low"	"Room1.VlvCtl.Low"	"Room1.VlvCtl.Low"	
"0x2300 'Room1\Room1.VlvCtl.Low'"	"0x1102"	"%"	"%"	"%"	"%"	"%"	"%"	"%"	"%"	
"0x2300 'Room1\Room1.VlvCtl.High'"	"0x1100"	"High"	"High"	"High"	"High"	"High"	"High"	"High"	"High"	
"0x2300 'Room1\Room1.VlvCtl.High'"	"0x010D"	"Room1.VlvCtl.High"	"Room1.VlvCtl.High"	"Room1.VlvCtl.High"	"Room1.VlvCtl.High"	"Room1.VlvCtl.High"	"Room1.VlvCtl.High"	"Room1.VlvCtl.High"	"Room1.VlvCtl.High"	
"0x2300 'Room1\Room1.VlvCtl.High'"	"0x1102"	"%"	"%"	"%"	"%"	"%"	"%"	"%"	"%"	
"0x2300 'Room1\Room1.VlvCtl.TiDly'"	"0x1100"	"TiDly"	"TiDly"	"TiDly"	"TiDly"	"TiDly"	"TiDly"	"TiDly"	"TiDly"	
"0x2300 'Room1\Room1.VlvCtl.TiDly'"	"0x010D"	"Room1.VlvCtl.TiDly"	"Room1.VlvCtl.TiDly"	"Room1.VlvCtl.TiDly"	"Room1.VlvCtl.TiDly"	"Room1.VlvCtl.TiDly"	"Room1.VlvCtl.TiDly"	"Room1.VlvCtl.TiDly"	"Room1.VlvCtl.TiDly"	
"0x2300 'Room1\Room1.VlvCtl.TiDly'"	"0x1102"	"s"	"s"	"s"	"s"	"s"	"s"	"s"	"s"	
"0x2300 'Room1\Room1.VlvCtl.SwiOn'"	"0x1100"	"SwiOn"	"SwiOn"	"SwiOn"	"SwiOn"	"SwiOn"	"SwiOn"	"SwiOn"	"SwiOn"	
"0x2300 'Room1\Room1.VlvCtl.SwiOn'"	"0x010D"	"Room1.VlvCtl.SwiOn"	"Room1.VlvCtl.SwiOn"	"Room1.VlvCtl.SwiOn"	"Room1.VlvCtl.SwiOn"	"Room1.VlvCtl.SwiOn"	"Room1.VlvCtl.SwiOn"	"Room1.VlvCtl.SwiOn"	"Room1.VlvCtl.SwiOn"	
"0x2300 'Room1\Room1.VlvCtl.SwiOn'"	"0x1102"	"%"	"%"	"%"	"%"	"%"	"%"	"%"	"%"	
"0x2300 'Room1\Room1.VlvCtl.SwiOff'"	"0x1100"	"SwiOff"	"SwiOff"	"SwiOff"	"SwiOff"	"SwiOff"	"SwiOff"	"SwiOff"	"SwiOff"	
"0x2300 'Room1\Room1.VlvCtl.SwiOff'"	"0x010D"	"Room1.VlvCtl.SwiOff"	"Room1.VlvCtl.SwiOff"	"Room1.VlvCtl.SwiOff"	"Room1.VlvCtl.SwiOff"	"Room1.VlvCtl.SwiOff"	"Room1.VlvCtl.SwiOff"	"Room1.VlvCtl.SwiOff"	"Room1.VlvCtl.SwiOff"	
"0x2300 'Room1\Room1.VlvCtl.SwiOff'"	"0x1102"	"%"	"%"	"%"	"%"	"%"	"%"	"%"	"%"	
"0x2305 'Room1\Room1.VlvCtl.Ctl'"	"0x1100"	"Ctl"	"Ctl"	"Ctl"	"Ctl"	"Ctl"	"Ctl"	"Ctl"	"Ctl"	
"0x2305 'Room1\Room1.VlvCtl.Ctl'"	"0x010D"	"Room1.VlvCtl.Ctl"	"Room1.VlvCtl.Ctl"	"Room1.VlvCtl.Ctl"	"Room1.VlvCtl.Ctl"	"Room1.VlvCtl.Ctl"	"Room1.VlvCtl.Ctl"	"Room1.VlvCtl.Ctl"	"Room1.VlvCtl.Ctl"	
"0x2305 'Room1\Room1.VlvCtl.Ctl'"	"0x1102"	"°C"	"°C"	"°C"	"°C"	"°C"	"°C"	"°C"	"°C"	
"0x2305 'Room1\Room1.VlvCtl.Ctl'"	"0x1200"	"GESP*OG*UG*REG*Y-NV*UDEF"	"GESP*OG*UG*REG*Y-NV*UDEF"	"GESP*OG*UG*REG*Y-NV*UDEF"	"GESP*OG*UG*REG*Y-NV*UDEF"	"GESP*OG*UG*REG*Y-NV*UDEF"	"GESP*OG*UG*REG*Y-NV*UDEF"	"GESP*OG*UG*REG*Y-NV*UDEF"	"GESP*OG*UG*REG*Y-NV*UDEF"	
"0x2308 'Room1\Room1.Vlv2'"	"0x1100"	"Vlv2"	"Vlv2"	"Vlv2"	"Vlv2"	"Vlv2"	"Vlv2"	"Vlv2"	"Vlv2"	
"0x2308 'Room1\Room1.Vlv2'"	"0x010D"	"Room1.Vlv2"	"Room1.Vlv2"	"Room1.Vlv2"	"Room1.Vlv2"	"Room1.Vlv2"	"Room1.Vlv2"	"Room1.Vlv2"	"Room1.Vlv2"	
"0x2304 'Room1\Room1.Vlv2.RefIO'"	"0x1100"	"RefIO"	"RefIO"	"RefIO"	"RefIO"	"RefIO"	"RefIO"	"RefIO"	"RefIO"	
"0x2304 'Room1\Room1.Vlv2.RefIO'"	"0x010D"	"Room1.Vlv2.RefIO"	"Room1.Vlv2.RefIO"	"Room1.Vlv2.RefIO"	"Room1.Vlv2.RefIO"	"Room1.Vlv2.RefIO"	"Room1.Vlv2.RefIO"	"Room1.Vlv2.RefIO"	"Room1.Vlv2.RefIO"	
"0x2206 'Room1\Room1.Vlv2.Cmd'"	"0x1100"	"Cmd"	"Cmd"	"Cmd"	"Cmd"	"Cmd"	"Cmd"	"Cmd"	"Cmd"	
"0x2206 'Room1\Room1.Vlv2.Cmd'"	"0x010D"	"Room1.Vlv2.Cmd"	"Room1.Vlv2.Cmd"	"Room1.Vlv2.Cmd"	"Room1.Vlv2.Cmd"	"Room1.Vlv2.Cmd"	"Room1.Vlv2.Cmd"	"Room1.Vlv2.Cmd"	"Room1.Vlv2.Cmd"	
"0x2206 'Room1\Room1.Vlv2.Cmd'"	"0x1102"	"%"	"%"	"%"	"%"	"%"	"%"	"%"	"%"	
"0x2206 'Room1\Room1.Vlv2.Cmd'"	"0x1214"	"%"	"%"	"%"	"%"	"%"	"%"	"%"	"%"	
"0x2310 'Room1\Room1.Vlv2.Pos'"	"0x1100"	"Pos"	"Pos"	"Pos"	"Pos"	"Pos"	"Pos"	"Pos"	"Pos"	
"0x2310 'Room1\Room1.Vlv2.Pos'"	"0x010D"	"Room1.Vlv2.Pos"	"Room1.Vlv2.Pos"	"Room1.Vlv2.Pos"	"Room1.Vlv2.Pos"	"Room1.Vlv2.Pos"	"Room1.Vlv2.Pos"	"Room1.Vlv2.Pos"	"Room1.Vlv2.Pos"	
"0x2310 'Room1\Room1.Vlv2.Pos'"	"0x1101"	"Idle*Pos+*Pos-*Sync+*Sync-"	"Idle*Pos+*Pos-*Sync+*Sync-"	"Idle*Pos+*Pos-*Sync+*Sync-"	"Idle*Pos+*Pos-*Sync+*Sync-"	"Idle*Pos+*Pos-*Sync+*Sync-"	"Idle*Pos+*Pos-*Sync+*Sync-"	"Idle*Pos+*Pos-*Sync+*Sync-"	"Idle*Pos+*Pos-*Sync+*Sync-"	
"0x2308 'Room1\Room1.Vlv'"	"0x1100"	"Vlv"	"Vlv"	"Vlv"	"Vlv"	"Vlv"	"Vlv"	"Vlv"	"Vlv"	
"0x2308 'Room1\Room1.Vlv'"	"0x010D"	"Room1.Vlv"	"Room1.Vlv"	"Room1.Vlv"	"Room1.Vlv"	"Room1.Vlv"	"Room1.Vlv"	"Room1.Vlv"	"Room1.Vlv"	
"0x2304 'Room1\Room1.Vlv.RefIO'"	"0x1100"	"RefIO"	"RefIO"	"RefIO"	"RefIO"	"RefIO"	"RefIO"	"RefIO"	"RefIO"	
"0x2304 'Room1\Room1.Vlv.RefIO'"	"0x010D"	"Room1.Vlv.RefIO"	"Room1.Vlv.RefIO"	"Room1.Vlv.RefIO"	"Room1.Vlv.RefIO"	"Room1.Vlv.RefIO"	"Room1.Vlv.RefIO"	"Room1.Vlv.RefIO"	"Room1.Vlv.RefIO"	
"0x2206 'Room1\Room1.Vlv.Cmd'"	"0x1100"	"Cmd"	"Cmd"	"Cmd"	"Cmd"	"Cmd"	"Cmd"	"Cmd"	"Cmd"	
"0x2206 'Room1\Room1.Vlv.Cmd'"	"0x010D"	"Room1.Vlv.Cmd"	"Room1.Vlv.Cmd"	"Room1.Vlv.Cmd"	"Room1.Vlv.Cmd"	"Room1.Vlv.Cmd"	"Room1.Vlv.Cmd"	"Room1.Vlv.Cmd"	"Room1.Vlv.Cmd"	
"0x2206 'Room1\Room1.Vlv.Cmd'"	"0x1102"	"%"	"%"	"%"	"%"	"%"	"%"	"%"	"%"	
"0x2206 'Room1\Room1.Vlv.Cmd'"	"0x1214"	"%"	"%"	"%"	"%"	"%"	"%"	"%"	"%"	
"0x2310 'Room1\Room1.Vlv.Pos'"	"0x1100"	"Pos"	"Pos"	"Pos"	"Pos"	"Pos"	"Pos"	"Pos"	"Pos"	
"0x2310 'Room1\Room1.Vlv.Pos'"	"0x010D"	"Room1.Vlv.Pos"	"Room1.Vlv.Pos"	"Room1.Vlv.Pos"	"Room1.Vlv.Pos"	"Room1.Vlv.Pos"	"Room1.Vlv.Pos"	"Room1.Vlv.Pos"	"Room1.Vlv.Pos"	
"0x2310 'Room1\Room1.Vlv.Pos'"	"0x1101"	"Idle*Pos+*Pos-*Sync+*Sync-"	"Idle*Pos+*Pos-*Sync+*Sync-"	"Idle*Pos+*Pos-*Sync+*Sync-"	"Idle*Pos+*Pos-*Sync+*Sync-"	"Idle*Pos+*Pos-*Sync+*Sync-"	"Idle*Pos+*Pos-*Sync+*Sync-"	"Idle*Pos+*Pos-*Sync+*Sync-"	"Idle*Pos+*Pos-*Sync+*Sync-"	
"0x2308 'Room1\Room1.Vlv3'"	"0x1100"	"Vlv3"	"Vlv3"	"Vlv3"	"Vlv3"	"Vlv3"	"Vlv3"	"Vlv3"	"Vlv3"	
"0x2308 'Room1\Room1.Vlv3'"	"0x010D"	"Room1.Vlv3"	"Room1.Vlv3"	"Room1.Vlv3"	"Room1.Vlv3"	"Room1.Vlv3"	"Room1.Vlv3"	"Room1.Vlv3"	"Room1.Vlv3"	
"0x2304 'Room1\Room1.Vlv3.RefIO'"	"0x1100"	"RefIO"	"RefIO"	"RefIO"	"RefIO"	"RefIO"	"RefIO"	"RefIO"	"RefIO"	
"0x2304 'Room1\Room1.Vlv3.RefIO'"	"0x010D"	"Room1.Vlv3.RefIO"	"Room1.Vlv3.RefIO"	"Room1.Vlv3.RefIO"	"Room1.Vlv3.RefIO"	"Room1.Vlv3.RefIO"	"Room1.Vlv3.RefIO"	"Room1.Vlv3.RefIO"	"Room1.Vlv3.RefIO"	
"0x2206 'Room1\Room1.Vlv3.Cmd'"	"0x1100"	"Cmd"	"Cmd"	"Cmd"	"Cmd"	"Cmd"	"Cmd"	"Cmd"	"Cmd"	
"0x2206 'Room1\Room1.Vlv3.Cmd'"	"0x010D"	"Room1.Vlv3.Cmd"	"Room1.Vlv3.Cmd"	"Room1.Vlv3.Cmd"	"Room1.Vlv3.Cmd"	"Room1.Vlv3.Cmd"	"Room1.Vlv3.Cmd"	"Room1.Vlv3.Cmd"	"Room1.Vlv3.Cmd"	
"0x2206 'Room1\Room1.Vlv3.Cmd'"	"0x1102"	"%"	"%"	"%"	"%"	"%"	"%"	"%"	"%"	
"0x2206 'Room1\Room1.Vlv3.Cmd'"	"0x1214"	"%"	"%"	"%"	"%"	"%"	"%"	"%"	"%"	
"0x2310 'Room1\Room1.Vlv3.Pos'"	"0x1100"	"Pos"	"Pos"	"Pos"	"Pos"	"Pos"	"Pos"	"Pos"	"Pos"	
"0x2310 'Room1\Room1.Vlv3.Pos'"	"0x010D"	"Room1.Vlv3.Pos"	"Room1.Vlv3.Pos"	"Room1.Vlv3.Pos"	"Room1.Vlv3.Pos"	"Room1.Vlv3.Pos"	"Room1.Vlv3.Pos"	"Room1.Vlv3.Pos"	"Room1.Vlv3.Pos"	
"0x2310 'Room1\Room1.Vlv3.Pos'"	"0x1101"	"Idle*Pos+*Pos-*Sync+*Sync-"	"Idle*Pos+*Pos-*Sync+*Sync-"	"Idle*Pos+*Pos-*Sync+*Sync-"	"Idle*Pos+*Pos-*Sync+*Sync-"	"Idle*Pos+*Pos-*Sync+*Sync-"	"Idle*Pos+*Pos-*Sync+*Sync-"	"Idle*Pos+*Pos-*Sync+*Sync-"	"Idle*Pos+*Pos-*Sync+*Sync-"	
"0x2308 'Room1\Room1.Vlv4'"	"0x1100"	"Vlv4"	"Vlv4"	"Vlv4"	"Vlv4"	"Vlv4"	"Vlv4"	"Vlv4"	"Vlv4"	
"0x2308 'Room1\Room1.Vlv4'"	"0x010D"	"Room1.Vlv4"	"Room1.Vlv4"	"Room1.Vlv4"	"Room1.Vlv4"	"Room1.Vlv4"	"Room1.Vlv4"	"Room1.Vlv4"	"Room1.Vlv4"	
"0x2304 'Room1\Room1.Vlv4.RefIO'"	"0x1100"	"RefIO"	"RefIO"	"RefIO"	"RefIO"	"RefIO"	"RefIO"	"RefIO"	"RefIO"	
"0x2304 'Room1\Room1.Vlv4.RefIO'"	"0x010D"	"Room1.Vlv4.RefIO"	"Room1.Vlv4.RefIO"	"Room1.Vlv4.RefIO"	"Room1.Vlv4.RefIO"	"Room1.Vlv4.RefIO"	"Room1.Vlv4.RefIO"	"Room1.Vlv4.RefIO"	"Room1.Vlv4.RefIO"	
"0x2206 'Room1\Room1.Vlv4.Cmd'"	"0x1100"	"Cmd"	"Cmd"	"Cmd"	"Cmd"	"Cmd"	"Cmd"	"Cmd"	"Cmd"	
"0x2206 'Room1\Room1.Vlv4.Cmd'"	"0x010D"	"Room1.Vlv4.Cmd"	"Room1.Vlv4.Cmd"	"Room1.Vlv4.Cmd"	"Room1.Vlv4.Cmd"	"Room1.Vlv4.Cmd"	"Room1.Vlv4.Cmd"	"Room1.Vlv4.Cmd"	"Room1.Vlv4.Cmd"	
"0x2206 'Room1\Room1.Vlv4.Cmd'"	"0x1102"	"%"	"%"	"%"	"%"	"%"	"%"	"%"	"%"	
"0x2206 'Room1\Room1.Vlv4.Cmd'"	"0x1214"	"%"	"%"	"%"	"%"	"%"	"%"	"%"	"%"	
"0x2310 'Room1\Room1.Vlv4.Pos'"	"0x1100"	"Pos"	"Pos"	"Pos"	"Pos"	"Pos"	"Pos"	"Pos"	"Pos"	
"0x2310 'Room1\Room1.Vlv4.Pos'"	"0x010D"	"Room1.Vlv4.Pos"	"Room1.Vlv4.Pos"	"Room1.Vlv4.Pos"	"Room1.Vlv4.Pos"	"Room1.Vlv4.Pos"	"Room1.Vlv4.Pos"	"Room1.Vlv4.Pos"	"Room1.Vlv4.Pos"	
"0x2310 'Room1\Room1.Vlv4.Pos'"	"0x1101"	"Idle*Pos+*Pos-*Sync+*Sync-"	"Idle*Pos+*Pos-*Sync+*Sync-"	"Idle*Pos+*Pos-*Sync+*Sync-"	"Idle*Pos+*Pos-*Sync+*Sync-"	"Idle*Pos+*Pos-*Sync+*Sync-"	"Idle*Pos+*Pos-*Sync+*Sync-"	"Idle*Pos+*Pos-*Sync+*Sync-"	"Idle*Pos+*Pos-*Sync+*Sync-"	
"0x2304 'Room1\Room1.Ime'"	"0x1100"	"Ime"	"Ime"	"Ime"	"Ime"	"Ime"	"Ime"	"Ime"	"Ime"	
"0x2304 'Room1\Room1.Ime'"	"0x010D"	"Room1.Ime"	"Room1.Ime"	"Room1.Ime"	"Room1.Ime"	"Room1.Ime"	"Room1.Ime"	"Room1.Ime"	"Room1.Ime"	
"0x2309 '0x031D\Room2'"	"0x1100"	"Room2"	"Room2"	"Room2"	"Room2"	"Room2"	"Room2"	"Room2"	"Room2"	
"0x2309 '0x031D\Room2'"	"0x010D"	"Room2"	"Room2"	"Room2"	"Room2"	"Room2"	"Room2"	"Room2"	"Room2"	
"0x2308 'Room2\Room2.TR'"	"0x1100"	"TR"	"TR"	"TR"	"TR"	"TR"	"TR"	"TR"	"TR"	
"0x2308 'Room2\Room2.TR'"	"0x010D"	"Room2.TR"	"Room2.TR"	"Room2.TR"	"Room2.TR"	"Room2.TR"	"Room2.TR"	"Room2.TR"	"Room2.TR"	
"0x2300 'Room2\Room2.TR.SpTiCom'"	"0x1100"	"SpTiCom"	"SpTiCom"	"SpTiCom"	"SpTiCom"	"SpTiCom"	"SpTiCom"	"SpTiCom"	"SpTiCom"	
"0x2300 'Room2\Room2.TR.SpTiCom'"	"0x010D"	"Room2.TR.SpTiCom"	"Room2.TR.SpTiCom"	"Room2.TR.SpTiCom"	"Room2.TR.SpTiCom"	"Room2.TR.SpTiCom"	"Room2.TR.SpTiCom"	"Room2.TR.SpTiCom"	"Room2.TR.SpTiCom"	
"0x2300 'Room2\Room2.TR.SpTiCom'"	"0x1102"	"s"	"s"	"s"	"s"	"s"	"s"	"s"	"s"	
"0x2203 'Room2\Room2.TR.Val'"	"0x1100"	"Val"	"Val"	"Val"	"Val"	"Val"	"Val"	"Val"	"Val"	
"0x2203 'Room2\Room2.TR.Val'"	"0x010D"	"Room2.TR.Val"	"Room2.TR.Val"	"Room2.TR.Val"	"Room2.TR.Val"	"Room2.TR.Val"	"Room2.TR.Val"	"Room2.TR.Val"	"Room2.TR.Val"	
"0x2203 'Room2\Room2.TR.Val'"	"0x1102"	"°C"	"°C"	"°C"	"°C"	"°C"	"°C"	"°C"	"°C"	
"0x2203 'Room2\Room2.TR.Val'"	"0x1214"	"dK"	"dK"	"dK"	"dK"	"dK"	"dK"	"dK"	"dK"	
"0x2308 'Room2\Room2.CndMon2'"	"0x1100"	"CndMon2"	"CndMon2"	"CndMon2"	"CndMon2"	"CndMon2"	"CndMon2"	"CndMon2"	"CndMon2"	
"0x2308 'Room2\Room2.CndMon2'"	"0x010D"	"Room2.CndMon2"	"Room2.CndMon2"	"Room2.CndMon2"	"Room2.CndMon2"	"Room2.CndMon2"	"Room2.CndMon2"	"Room2.CndMon2"	"Room2.CndMon2"	
"0x2304 'Room2\Room2.CndMon2.RefIO'"	"0x1100"	"RefIO"	"RefIO"	"RefIO"	"RefIO"	"RefIO"	"RefIO"	"RefIO"	"RefIO"	
"0x2304 'Room2\Room2.CndMon2.RefIO'"	"0x010D"	"Room2.CndMon2.RefIO"	"Room2.CndMon2.RefIO"	"Room2.CndMon2.RefIO"	"Room2.CndMon2.RefIO"	"Room2.CndMon2.RefIO"	"Room2.CndMon2.RefIO"	"Room2.CndMon2.RefIO"	"Room2.CndMon2.RefIO"	
"0x2204 'Room2\Room2.CndMon2.Val'"	"0x1100"	"Val"	"Val"	"Val"	"Val"	"Val"	"Val"	"Val"	"Val"	
"0x2204 'Room2\Room2.CndMon2.Val'"	"0x010D"	"Room2.CndMon2.Val"	"Room2.CndMon2.Val"	"Room2.CndMon2.Val"	"Room2.CndMon2.Val"	"Room2.CndMon2.Val"	"Room2.CndMon2.Val"	"Room2.CndMon2.Val"	"Room2.CndMon2.Val"	
"0x2204 'Room2\Room2.CndMon2.Val'"	"0x1101"	"Passive*Active*Null"	"Passive*Active*Null"	"Passive*Active*Null"	"Passive*Active*Null"	"Passive*Active*Null"	"Passive*Active*Null"	"Passive*Active*Null"	"Passive*Active*Null"	
"0x2308 'Room2\Room2.CndMon'"	"0x1100"	"CndMon"	"CndMon"	"CndMon"	"CndMon"	"CndMon"	"CndMon"	"CndMon"	"CndMon"	
"0x2308 'Room2\Room2.CndMon'"	"0x010D"	"Room2.CndMon"	"Room2.CndMon"	"Room2.CndMon"	"Room2.CndMon"	"Room2.CndMon"	"Room2.CndMon"	"Room2.CndMon"	"Room2.CndMon"	
"0x2304 'Room2\Room2.CndMon.RefIO'"	"0x1100"	"RefIO"	"RefIO"	"RefIO"	"RefIO"	"RefIO"	"RefIO"	"RefIO"	"RefIO"	
"0x2304 'Room2\Room2.CndMon.RefIO'"	"0x010D"	"Room2.CndMon.RefIO"	"Room2.CndMon.RefIO"	"Room2.CndMon.RefIO"	"Room2.CndMon.RefIO"	"Room2.CndMon.RefIO"	"Room2.CndMon.RefIO"	"Room2.CndMon.RefIO"	"Room2.CndMon.RefIO"	
"0x2204 'Room2\Room2.CndMon.Val'"	"0x1100"	"Val"	"Val"	"Val"	"Val"	"Val"	"Val"	"Val"	"Val"	
"0x2204 'Room2\Room2.CndMon.Val'"	"0x010D"	"Room2.CndMon.Val"	"Room2.CndMon.Val"	"Room2.CndMon.Val"	"Room2.CndMon.Val"	"Room2.CndMon.Val"	"Room2.CndMon.Val"	"Room2.CndMon.Val"	"Room2.CndMon.Val"	
"0x2204 'Room2\Room2.CndMon.Val'"	"0x1101"	"Passive*Active*Null"	"Passive*Active*Null"	"Passive*Active*Null"	"Passive*Active*Null"	"Passive*Active*Null"	"Passive*Active*Null"	"Passive*Active*Null"	"Passive*Active*Null"	
"0x2308 'Room2\Room2.CndMon3'"	"0x1100"	"CndMon3"	"CndMon3"	"CndMon3"	"CndMon3"	"CndMon3"	"CndMon3"	"CndMon3"	"CndMon3"	
"0x2308 'Room2\Room2.CndMon3'"	"0x010D"	"Room2.CndMon3"	"Room2.CndMon3"	"Room2.CndMon3"	"Room2.CndMon3"	"Room2.CndMon3"	"Room2.CndMon3"	"Room2.CndMon3"	"Room2.CndMon3"	
"0x2304 'Room2\Room2.CndMon3.RefIO'"	"0x1100"	"RefIO"	"RefIO"	"RefIO"	"RefIO"	"RefIO"	"RefIO"	"RefIO"	"RefIO"	
"0x2304 'Room2\Room2.CndMon3.RefIO'"	"0x010D"	"Room2.CndMon3.RefIO"	"Room2.CndMon3.RefIO"	"Room2.CndMon3.RefIO"	"Room2.CndMon3.RefIO"	"Room2.CndMon3.RefIO"	"Room2.CndMon3.RefIO"	"Room2.CndMon3.RefIO"	"Room2.CndMon3.RefIO"	
"0x2204 'Room2\Room2.CndMon3.Val'"	"0x1100"	"Val"	"Val"	"Val"	"Val"	"Val"	"Val"	"Val"	"Val"	
"0x2204 'Room2\Room2.CndMon3.Val'"	"0x010D"	"Room2.CndMon3.Val"	"Room2.CndMon3.Val"	"Room2.CndMon3.Val"	"Room2.CndMon3.Val"	"Room2.CndMon3.Val"	"Room2.CndMon3.Val"	"Room2.CndMon3.Val"	"Room2.CndMon3.Val"	
"0x2204 'Room2\Room2.CndMon3.Val'"	"0x1101"	"Passive*Active*Null"	"Passive*Active*Null"	"Passive*Active*Null"	"Passive*Active*Null"	"Passive*Active*Null"	"Passive*Active*Null"	"Passive*Active*Null"	"Passive*Active*Null"	
"0x2308 'Room2\Room2.CndMon4'"	"0x1100"	"CndMon4"	"CndMon4"	"CndMon4"	"CndMon4"	"CndMon4"	"CndMon4"	"CndMon4"	"CndMon4"	
"0x2308 'Room2\Room2.CndMon4'"	"0x010D"	"Room2.CndMon4"	"Room2.CndMon4"	"Room2.CndMon4"	"Room2.CndMon4"	"Room2.CndMon4"	"Room2.CndMon4"	"Room2.CndMon4"	"Room2.CndMon4"	
"0x2304 'Room2\Room2.CndMon4.RefIO'"	"0x1100"	"RefIO"	"RefIO"	"RefIO"	"RefIO"	"RefIO"	"RefIO"	"RefIO"	"RefIO"	
"0x2304 'Room2\Room2.CndMon4.RefIO'"	"0x010D"	"Room2.CndMon4.RefIO"	"Room2.CndMon4.RefIO"	"Room2.CndMon4.RefIO"	"Room2.CndMon4.RefIO"	"Room2.CndMon4.RefIO"	"Room2.CndMon4.RefIO"	"Room2.CndMon4.RefIO"	"Room2.CndMon4.RefIO"	
"0x2204 'Room2\Room2.CndMon4.Val'"	"0x1100"	"Val"	"Val"	"Val"	"Val"	"Val"	"Val"	"Val"	"Val"	
"0x2204 'Room2\Room2.CndMon4.Val'"	"0x010D"	"Room2.CndMon4.Val"	"Room2.CndMon4.Val"	"Room2.CndMon4.Val"	"Room2.CndMon4.Val"	"Room2.CndMon4.Val"	"Room2.CndMon4.Val"	"Room2.CndMon4.Val"	"Room2.CndMon4.Val"	
"0x2204 'Room2\Room2.CndMon4.Val'"	"0x1101"	"Passive*Active*Null"	"Passive*Active*Null"	"Passive*Active*Null"	"Passive*Active*Null"	"Passive*Active*Null"	"Passive*Active*Null"	"Passive*Active*Null"	"Passive*Active*Null"	
"0x2302 'Room2\Room2.OpModMan'"	"0x1100"	"OpModMan"	"OpModMan"	"OpModMan"	"OpModMan"	"OpModMan"	"OpModMan"	"OpModMan"	"OpModMan"	
"0x2302 'Room2\Room2.OpModMan'"	"0x010D"	"Room2.OpModMan"	"Room2.OpModMan"	"Room2.OpModMan"	"Room2.OpModMan"	"Room2.OpModMan"	"Room2.OpModMan"	"Room2.OpModMan"	"Room2.OpModMan"	
"0x2302 'Room2\Room2.OpModMan'"	"0x1101"	"Prt*Eco*Cmf*Auto"	"Prt*Eco*Cmf*Auto"	"Prt*Eco*Cmf*Auto"	"Prt*Eco*Cmf*Auto"	"Prt*Eco*Cmf*Auto"	"Prt*Eco*Cmf*Auto"	"Prt*Eco*Cmf*Auto"	"Prt*Eco*Cmf*Auto"	
"0x2302 'Room2\Room2.ShedSel'"	"0x1100"	"ShedSel"	"ShedSel"	"ShedSel"	"ShedSel"	"ShedSel"	"ShedSel"	"ShedSel"	"ShedSel"	
"0x2302 'Room2\Room2.ShedSel'"	"0x010D"	"Room2.ShedSel"	"Room2.ShedSel"	"Room2.ShedSel"	"Room2.ShedSel"	"Room2.ShedSel"	"Room2.ShedSel"	"Room2.ShedSel"	"Room2.ShedSel"	
"0x2302 'Room2\Room2.ShedSel'"	"0x1101"	"TSP_1*TSP_2*TSP_3"	"TSP_1*TSP_2*TSP_3"	"TSP_1*TSP_2*TSP_3"	"TSP_1*TSP_2*TSP_3"	"TSP_1*TSP_2*TSP_3"	"TSP_1*TSP_2*TSP_3"	"TSP_1*TSP_2*TSP_3"	"TSP_1*TSP_2*TSP_3"	
"0x2300 'Room2\Room2.SpTRPrt'"	"0x1100"	"SpTRPrt"	"SpTRPrt"	"SpTRPrt"	"SpTRPrt"	"SpTRPrt"	"SpTRPrt"	"SpTRPrt"	"SpTRPrt"	
"0x2300 'Room2\Room2.SpTRPrt'"	"0x010D"	"Room2.SpTRPrt"	"Room2.SpTRPrt"	"Room2.SpTRPrt"	"Room2.SpTRPrt"	"Room2.SpTRPrt"	"Room2.SpTRPrt"	"Room2.SpTRPrt"	"Room2.SpTRPrt"	
"0x2300 'Room2\Room2.SpTRPrt'"	"0x1102"	"°C"	"°C"	"°C"	"°C"	"°C"	"°C"	"°C"	"°C"	
"0x2300 'Room2\Room2.SpTREco'"	"0x1100"	"SpTREco"	"SpTREco"	"SpTREco"	"SpTREco"	"SpTREco"	"SpTREco"	"SpTREco"	"SpTREco"	
"0x2300 'Room2\Room2.SpTREco'"	"0x010D"	"Room2.SpTREco"	"Room2.SpTREco"	"Room2.SpTREco"	"Room2.SpTREco"	"Room2.SpTREco"	"Room2.SpTREco"	"Room2.SpTREco"	"Room2.SpTREco"	
"0x2300 'Room2\Room2.SpTREco'"	"0x1102"	"°C"	"°C"	"°C"	"°C"	"°C"	"°C"	"°C"	"°C"	
"0x2300 'Room2\Room2.SpTRCmf'"	"0x1100"	"SpTRCmf"	"SpTRCmf"	"SpTRCmf"	"SpTRCmf"	"SpTRCmf"	"SpTRCmf"	"SpTRCmf"	"SpTRCmf"	
"0x2300 'Room2\Room2.SpTRCmf'"	"0x010D"	"Room2.SpTRCmf"	"Room2.SpTRCmf"	"Room2.SpTRCmf"	"Room2.SpTRCmf"	"Room2.SpTRCmf"	"Room2.SpTRCmf"	"Room2.SpTRCmf"	"Room2.SpTRCmf"	
"0x2300 'Room2\Room2.SpTRCmf'"	"0x1102"	"°C"	"°C"	"°C"	"°C"	"°C"	"°C"	"°C"	"°C"	
"0x2202 'Room2\Room2.PltMod'"	"0x1100"	"PltMod"	"PltMod"	"PltMod"	"PltMod"	"PltMod"	"PltMod"	"PltMod"	"PltMod"	
"0x2202 'Room2\Room2.PltMod'"	"0x010D"	"Room2.PltMod"	"Room2.PltMod"	"Room2.PltMod"	"Room2.PltMod"	"Room2.PltMod"	"Room2.PltMod"	"Room2.PltMod"	"Room2.PltMod"	
"0x2202 'Room2\Room2.PltMod'"	"0x1101"	"Null*Auto*Off*Ctl*Flt"	"Null*Auto*Off*Ctl*Flt"	"Null*Auto*Off*Ctl*Flt"	"Null*Auto*Off*Ctl*Flt"	"Null*Auto*Off*Ctl*Flt"	"Null*Auto*Off*Ctl*Flt"	"Null*Auto*Off*Ctl*Flt"	"Null*Auto*Off*Ctl*Flt"	
"0x2308 'Room2\Room2.VlvCtl'"	"0x1100"	"VlvCtl"	"VlvCtl"	"VlvCtl"	"VlvCtl"	"VlvCtl"	"VlvCtl"	"VlvCtl"	"VlvCtl"	
"0x2308 'Room2\Room2.VlvCtl'"	"0x010D"	"Room2.VlvCtl"	"Room2.VlvCtl"	"Room2.VlvCtl"	"Room2.VlvCtl"	"Room2.VlvCtl"	"Room2.VlvCtl"	"Room2.VlvCtl"	"Room2.VlvCtl"	
"0x2202 'Room2\Room2.VlvCtl.AggrMod'"	"0x1100"	"AggrMod"	"AggrMod"	"AggrMod"	"AggrMod"	"AggrMod"	"AggrMod"	"AggrMod"	"AggrMod"	
"0x2202 'Room2\Room2.VlvCtl.AggrMod'"	"0x010D"	"Room2.VlvCtl.AggrMod"	"Room2.VlvCtl.AggrMod"	"Room2.VlvCtl.AggrMod"	"Room2.VlvCtl.AggrMod"	"Room2.VlvCtl.AggrMod"	"Room2.VlvCtl.AggrMod"	"Room2.VlvCtl.AggrMod"	"Room2.VlvCtl.AggrMod"	
"0x2202 'Room2\Room2.VlvCtl.AggrMod'"	"0x1101"	"Auto*Off*On*Dmd*Loop*Low*High*Swi*Last*LoopDmd"	"Auto*Off*On*Dmd*Loop*Low*High*Swi*Last*LoopDmd"	"Auto*Off*On*Dmd*Loop*Low*High*Swi*Last*LoopDmd"	"Auto*Off*On*Dmd*Loop*Low*High*Swi*Last*LoopDmd"	"Auto*Off*On*Dmd*Loop*Low*High*Swi*Last*LoopDmd"	"Auto*Off*On*Dmd*Loop*Low*High*Swi*Last*LoopDmd"	"Auto*Off*On*Dmd*Loop*Low*High*Swi*Last*LoopDmd"	"Auto*Off*On*Dmd*Loop*Low*High*Swi*Last*LoopDmd"	
"0x2300 'Room2\Room2.VlvCtl.Low'"	"0x1100"	"Low"	"Low"	"Low"	"Low"	"Low"	"Low"	"Low"	"Low"	
"0x2300 'Room2\Room2.VlvCtl.Low'"	"0x010D"	"Room2.VlvCtl.Low"	"Room2.VlvCtl.Low"	"Room2.VlvCtl.Low"	"Room2.VlvCtl.Low"	"Room2.VlvCtl.Low"	"Room2.VlvCtl.Low"	"Room2.VlvCtl.Low"	"Room2.VlvCtl.Low"	
"0x2300 'Room2\Room2.VlvCtl.Low'"	"0x1102"	"%"	"%"	"%"	"%"	"%"	"%"	"%"	"%"	
"0x2300 'Room2\Room2.VlvCtl.High'"	"0x1100"	"High"	"High"	"High"	"High"	"High"	"High"	"High"	"High"	
"0x2300 'Room2\Room2.VlvCtl.High'"	"0x010D"	"Room2.VlvCtl.High"	"Room2.VlvCtl.High"	"Room2.VlvCtl.High"	"Room2.VlvCtl.High"	"Room2.VlvCtl.High"	"Room2.VlvCtl.High"	"Room2.VlvCtl.High"	"Room2.VlvCtl.High"	
"0x2300 'Room2\Room2.VlvCtl.High'"	"0x1102"	"%"	"%"	"%"	"%"	"%"	"%"	"%"	"%"	
"0x2300 'Room2\Room2.VlvCtl.TiDly'"	"0x1100"	"TiDly"	"TiDly"	"TiDly"	"TiDly"	"TiDly"	"TiDly"	"TiDly"	"TiDly"	
"0x2300 'Room2\Room2.VlvCtl.TiDly'"	"0x010D"	"Room2.VlvCtl.TiDly"	"Room2.VlvCtl.TiDly"	"Room2.VlvCtl.TiDly"	"Room2.VlvCtl.TiDly"	"Room2.VlvCtl.TiDly"	"Room2.VlvCtl.TiDly"	"Room2.VlvCtl.TiDly"	"Room2.VlvCtl.TiDly"	
"0x2300 'Room2\Room2.VlvCtl.TiDly'"	"0x1102"	"s"	"s"	"s"	"s"	"s"	"s"	"s"	"s"	
"0x2300 'Room2\Room2.VlvCtl.SwiOn'"	"0x1100"	"SwiOn"	"SwiOn"	"SwiOn"	"SwiOn"	"SwiOn"	"SwiOn"	"SwiOn"	"SwiOn"	
"0x2300 'Room2\Room2.VlvCtl.SwiOn'"	"0x010D"	"Room2.VlvCtl.SwiOn"	"Room2.VlvCtl.SwiOn"	"Room2.VlvCtl.SwiOn"	"Room2.VlvCtl.SwiOn"	"Room2.VlvCtl.SwiOn"	"Room2.VlvCtl.SwiOn"	"Room2.VlvCtl.SwiOn"	"Room2.VlvCtl.SwiOn"	
"0x2300 'Room2\Room2.VlvCtl.SwiOn'"	"0x1102"	"%"	"%"	"%"	"%"	"%"	"%"	"%"	"%"	
"0x2300 'Room2\Room2.VlvCtl.SwiOff'"	"0x1100"	"SwiOff"	"SwiOff"	"SwiOff"	"SwiOff"	"SwiOff"	"SwiOff"	"SwiOff"	"SwiOff"	
"0x2300 'Room2\Room2.VlvCtl.SwiOff'"	"0x010D"	"Room2.VlvCtl.SwiOff"	"Room2.VlvCtl.SwiOff"	"Room2.VlvCtl.SwiOff"	"Room2.VlvCtl.SwiOff"	"Room2.VlvCtl.SwiOff"	"Room2.VlvCtl.SwiOff"	"Room2.VlvCtl.SwiOff"	"Room2.VlvCtl.SwiOff"	
"0x2300 'Room2\Room2.VlvCtl.SwiOff'"	"0x1102"	"%"	"%"	"%"	"%"	"%"	"%"	"%"	"%"	
"0x2305 'Room2\Room2.VlvCtl.Ctl'"	"0x1100"	"Ctl"	"Ctl"	"Ctl"	"Ctl"	"Ctl"	"Ctl"	"Ctl"	"Ctl"	
"0x2305 'Room2\Room2.VlvCtl.Ctl'"	"0x010D"	"Room2.VlvCtl.Ctl"	"Room2.VlvCtl.Ctl"	"Room2.VlvCtl.Ctl"	"Room2.VlvCtl.Ctl"	"Room2.VlvCtl.Ctl"	"Room2.VlvCtl.Ctl"	"Room2.VlvCtl.Ctl"	"Room2.VlvCtl.Ctl"	
"0x2305 'Room2\Room2.VlvCtl.Ctl'"	"0x1102"	"°C"	"°C"	"°C"	"°C"	"°C"	"°C"	"°C"	"°C"	
"0x2305 'Room2\Room2.VlvCtl.Ctl'"	"0x1200"	"GESP*OG*UG*REG*Y-NV*UDEF"	"GESP*OG*UG*REG*Y-NV*UDEF"	"GESP*OG*UG*REG*Y-NV*UDEF"	"GESP*OG*UG*REG*Y-NV*UDEF"	"GESP*OG*UG*REG*Y-NV*UDEF"	"GESP*OG*UG*REG*Y-NV*UDEF"	"GESP*OG*UG*REG*Y-NV*UDEF"	"GESP*OG*UG*REG*Y-NV*UDEF"	
"0x2308 'Room2\Room2.Vlv2'"	"0x1100"	"Vlv2"	"Vlv2"	"Vlv2"	"Vlv2"	"Vlv2"	"Vlv2"	"Vlv2"	"Vlv2"	
"0x2308 'Room2\Room2.Vlv2'"	"0x010D"	"Room2.Vlv2"	"Room2.Vlv2"	"Room2.Vlv2"	"Room2.Vlv2"	"Room2.Vlv2"	"Room2.Vlv2"	"Room2.Vlv2"	"Room2.Vlv2"	
"0x2304 'Room2\Room2.Vlv2.RefIO'"	"0x1100"	"RefIO"	"RefIO"	"RefIO"	"RefIO"	"RefIO"	"RefIO"	"RefIO"	"RefIO"	
"0x2304 'Room2\Room2.Vlv2.RefIO'"	"0x010D"	"Room2.Vlv2.RefIO"	"Room2.Vlv2.RefIO"	"Room2.Vlv2.RefIO"	"Room2.Vlv2.RefIO"	"Room2.Vlv2.RefIO"	"Room2.Vlv2.RefIO"	"Room2.Vlv2.RefIO"	"Room2.Vlv2.RefIO"	
"0x2206 'Room2\Room2.Vlv2.Cmd'"	"0x1100"	"Cmd"	"Cmd"	"Cmd"	"Cmd"	"Cmd"	"Cmd"	"Cmd"	"Cmd"	
"0x2206 'Room2\Room2.Vlv2.Cmd'"	"0x010D"	"Room2.Vlv2.Cmd"	"Room2.Vlv2.Cmd"	"Room2.Vlv2.Cmd"	"Room2.Vlv2.Cmd"	"Room2.Vlv2.Cmd"	"Room2.Vlv2.Cmd"	"Room2.Vlv2.Cmd"	"Room2.Vlv2.Cmd"	
"0x2206 'Room2\Room2.Vlv2.Cmd'"	"0x1102"	"%"	"%"	"%"	"%"	"%"	"%"	"%"	"%"	
"0x2206 'Room2\Room2.Vlv2.Cmd'"	"0x1214"	"%"	"%"	"%"	"%"	"%"	"%"	"%"	"%"	
"0x2310 'Room2\Room2.Vlv2.Pos'"	"0x1100"	"Pos"	"Pos"	"Pos"	"Pos"	"Pos"	"Pos"	"Pos"	"Pos"	
"0x2310 'Room2\Room2.Vlv2.Pos'"	"0x010D"	"Room2.Vlv2.Pos"	"Room2.Vlv2.Pos"	"Room2.Vlv2.Pos"	"Room2.Vlv2.Pos"	"Room2.Vlv2.Pos"	"Room2.Vlv2.Pos"	"Room2.Vlv2.Pos"	"Room2.Vlv2.Pos"	
"0x2310 'Room2\Room2.Vlv2.Pos'"	"0x1101"	"Idle*Pos+*Pos-*Sync+*Sync-"	"Idle*Pos+*Pos-*Sync+*Sync-"	"Idle*Pos+*Pos-*Sync+*Sync-"	"Idle*Pos+*Pos-*Sync+*Sync-"	"Idle*Pos+*Pos-*Sync+*Sync-"	"Idle*Pos+*Pos-*Sync+*Sync-"	"Idle*Pos+*Pos-*Sync+*Sync-"	"Idle*Pos+*Pos-*Sync+*Sync-"	
"0x2308 'Room2\Room2.Vlv'"	"0x1100"	"Vlv"	"Vlv"	"Vlv"	"Vlv"	"Vlv"	"Vlv"	"Vlv"	"Vlv"	
"0x2308 'Room2\Room2.Vlv'"	"0x010D"	"Room2.Vlv"	"Room2.Vlv"	"Room2.Vlv"	"Room2.Vlv"	"Room2.Vlv"	"Room2.Vlv"	"Room2.Vlv"	"Room2.Vlv"	
"0x2304 'Room2\Room2.Vlv.RefIO'"	"0x1100"	"RefIO"	"RefIO"	"RefIO"	"RefIO"	"RefIO"	"RefIO"	"RefIO"	"RefIO"	
"0x2304 'Room2\Room2.Vlv.RefIO'"	"0x010D"	"Room2.Vlv.RefIO"	"Room2.Vlv.RefIO"	"Room2.Vlv.RefIO"	"Room2.Vlv.RefIO"	"Room2.Vlv.RefIO"	"Room2.Vlv.RefIO"	"Room2.Vlv.RefIO"	"Room2.Vlv.RefIO"	
"0x2206 'Room2\Room2.Vlv.Cmd'"	"0x1100"	"Cmd"	"Cmd"	"Cmd"	"Cmd"	"Cmd"	"Cmd"	"Cmd"	"Cmd"	
"0x2206 'Room2\Room2.Vlv.Cmd'"	"0x010D"	"Room2.Vlv.Cmd"	"Room2.Vlv.Cmd"	"Room2.Vlv.Cmd"	"Room2.Vlv.Cmd"	"Room2.Vlv.Cmd"	"Room2.Vlv.Cmd"	"Room2.Vlv.Cmd"	"Room2.Vlv.Cmd"	
"0x2206 'Room2\Room2.Vlv.Cmd'"	"0x1102"	"%"	"%"	"%"	"%"	"%"	"%"	"%"	"%"	
"0x2206 'Room2\Room2.Vlv.Cmd'"	"0x1214"	"%"	"%"	"%"	"%"	"%"	"%"	"%"	"%"	
"0x2310 'Room2\Room2.Vlv.Pos'"	"0x1100"	"Pos"	"Pos"	"Pos"	"Pos"	"Pos"	"Pos"	"Pos"	"Pos"	
"0x2310 'Room2\Room2.Vlv.Pos'"	"0x010D"	"Room2.Vlv.Pos"	"Room2.Vlv.Pos"	"Room2.Vlv.Pos"	"Room2.Vlv.Pos"	"Room2.Vlv.Pos"	"Room2.Vlv.Pos"	"Room2.Vlv.Pos"	"Room2.Vlv.Pos"	
"0x2310 'Room2\Room2.Vlv.Pos'"	"0x1101"	"Idle*Pos+*Pos-*Sync+*Sync-"	"Idle*Pos+*Pos-*Sync+*Sync-"	"Idle*Pos+*Pos-*Sync+*Sync-"	"Idle*Pos+*Pos-*Sync+*Sync-"	"Idle*Pos+*Pos-*Sync+*Sync-"	"Idle*Pos+*Pos-*Sync+*Sync-"	"Idle*Pos+*Pos-*Sync+*Sync-"	"Idle*Pos+*Pos-*Sync+*Sync-"	
"0x2308 'Room2\Room2.Vlv3'"	"0x1100"	"Vlv3"	"Vlv3"	"Vlv3"	"Vlv3"	"Vlv3"	"Vlv3"	"Vlv3"	"Vlv3"	
"0x2308 'Room2\Room2.Vlv3'"	"0x010D"	"Room2.Vlv3"	"Room2.Vlv3"	"Room2.Vlv3"	"Room2.Vlv3"	"Room2.Vlv3"	"Room2.Vlv3"	"Room2.Vlv3"	"Room2.Vlv3"	
"0x2304 'Room2\Room2.Vlv3.RefIO'"	"0x1100"	"RefIO"	"RefIO"	"RefIO"	"RefIO"	"RefIO"	"RefIO"	"RefIO"	"RefIO"	
"0x2304 'Room2\Room2.Vlv3.RefIO'"	"0x010D"	"Room2.Vlv3.RefIO"	"Room2.Vlv3.RefIO"	"Room2.Vlv3.RefIO"	"Room2.Vlv3.RefIO"	"Room2.Vlv3.RefIO"	"Room2.Vlv3.RefIO"	"Room2.Vlv3.RefIO"	"Room2.Vlv3.RefIO"	
"0x2206 'Room2\Room2.Vlv3.Cmd'"	"0x1100"	"Cmd"	"Cmd"	"Cmd"	"Cmd"	"Cmd"	"Cmd"	"Cmd"	"Cmd"	
"0x2206 'Room2\Room2.Vlv3.Cmd'"	"0x010D"	"Room2.Vlv3.Cmd"	"Room2.Vlv3.Cmd"	"Room2.Vlv3.Cmd"	"Room2.Vlv3.Cmd"	"Room2.Vlv3.Cmd"	"Room2.Vlv3.Cmd"	"Room2.Vlv3.Cmd"	"Room2.Vlv3.Cmd"	
"0x2206 'Room2\Room2.Vlv3.Cmd'"	"0x1102"	"%"	"%"	"%"	"%"	"%"	"%"	"%"	"%"	
"0x2206 'Room2\Room2.Vlv3.Cmd'"	"0x1214"	"%"	"%"	"%"	"%"	"%"	"%"	"%"	"%"	
"0x2310 'Room2\Room2.Vlv3.Pos'"	"0x1100"	"Pos"	"Pos"	"Pos"	"Pos"	"Pos"	"Pos"	"Pos"	"Pos"	
"0x2310 'Room2\Room2.Vlv3.Pos'"	"0x010D"	"Room2.Vlv3.Pos"	"Room2.Vlv3.Pos"	"Room2.Vlv3.Pos"	"Room2.Vlv3.Pos"	"Room2.Vlv3.Pos"	"Room2.Vlv3.Pos"	"Room2.Vlv3.Pos"	"Room2.Vlv3.Pos"	
"0x2310 'Room2\Room2.Vlv3.Pos'"	"0x1101"	"Idle*Pos+*Pos-*Sync+*Sync-"	"Idle*Pos+*Pos-*Sync+*Sync-"	"Idle*Pos+*Pos-*Sync+*Sync-"	"Idle*Pos+*Pos-*Sync+*Sync-"	"Idle*Pos+*Pos-*Sync+*Sync-"	"Idle*Pos+*Pos-*Sync+*Sync-"	"Idle*Pos+*Pos-*Sync+*Sync-"	"Idle*Pos+*Pos-*Sync+*Sync-"	
"0x2308 'Room2\Room2.Vlv4'"	"0x1100"	"Vlv4"	"Vlv4"	"Vlv4"	"Vlv4"	"Vlv4"	"Vlv4"	"Vlv4"	"Vlv4"	
"0x2308 'Room2\Room2.Vlv4'"	"0x010D"	"Room2.Vlv4"	"Room2.Vlv4"	"Room2.Vlv4"	"Room2.Vlv4"	"Room2.Vlv4"	"Room2.Vlv4"	"Room2.Vlv4"	"Room2.Vlv4"	
"0x2304 'Room2\Room2.Vlv4.RefIO'"	"0x1100"	"RefIO"	"RefIO"	"RefIO"	"RefIO"	"RefIO"	"RefIO"	"RefIO"	"RefIO"	
"0x2304 'Room2\Room2.Vlv4.RefIO'"	"0x010D"	"Room2.Vlv4.RefIO"	"Room2.Vlv4.RefIO"	"Room2.Vlv4.RefIO"	"Room2.Vlv4.RefIO"	"Room2.Vlv4.RefIO"	"Room2.Vlv4.RefIO"	"Room2.Vlv4.RefIO"	"Room2.Vlv4.RefIO"	
"0x2206 'Room2\Room2.Vlv4.Cmd'"	"0x1100"	"Cmd"	"Cmd"	"Cmd"	"Cmd"	"Cmd"	"Cmd"	"Cmd"	"Cmd"	
"0x2206 'Room2\Room2.Vlv4.Cmd'"	"0x010D"	"Room2.Vlv4.Cmd"	"Room2.Vlv4.Cmd"	"Room2.Vlv4.Cmd"	"Room2.Vlv4.Cmd"	"Room2.Vlv4.Cmd"	"Room2.Vlv4.Cmd"	"Room2.Vlv4.Cmd"	"Room2.Vlv4.Cmd"	
"0x2206 'Room2\Room2.Vlv4.Cmd'"	"0x1102"	"%"	"%"	"%"	"%"	"%"	"%"	"%"	"%"	
"0x2206 'Room2\Room2.Vlv4.Cmd'"	"0x1214"	"%"	"%"	"%"	"%"	"%"	"%"	"%"	"%"	
"0x2310 'Room2\Room2.Vlv4.Pos'"	"0x1100"	"Pos"	"Pos"	"Pos"	"Pos"	"Pos"	"Pos"	"Pos"	"Pos"	
"0x2310 'Room2\Room2.Vlv4.Pos'"	"0x010D"	"Room2.Vlv4.Pos"	"Room2.Vlv4.Pos"	"Room2.Vlv4.Pos"	"Room2.Vlv4.Pos"	"Room2.Vlv4.Pos"	"Room2.Vlv4.Pos"	"Room2.Vlv4.Pos"	"Room2.Vlv4.Pos"	
"0x2310 'Room2\Room2.Vlv4.Pos'"	"0x1101"	"Idle*Pos+*Pos-*Sync+*Sync-"	"Idle*Pos+*Pos-*Sync+*Sync-"	"Idle*Pos+*Pos-*Sync+*Sync-"	"Idle*Pos+*Pos-*Sync+*Sync-"	"Idle*Pos+*Pos-*Sync+*Sync-"	"Idle*Pos+*Pos-*Sync+*Sync-"	"Idle*Pos+*Pos-*Sync+*Sync-"	"Idle*Pos+*Pos-*Sync+*Sync-"	
"0x2304 'Room2\Room2.Ime'"	"0x1100"	"Ime"	"Ime"	"Ime"	"Ime"	"Ime"	"Ime"	"Ime"	"Ime"	
"0x2304 'Room2\Room2.Ime'"	"0x010D"	"Room2.Ime"	"Room2.Ime"	"Room2.Ime"	"Room2.Ime"	"Room2.Ime"	"Room2.Ime"	"Room2.Ime"	"Room2.Ime"	
"0x2309 '0x031D\Room3'"	"0x1100"	"Room3"	"Room3"	"Room3"	"Room3"	"Room3"	"Room3"	"Room3"	"Room3"	
"0x2309 '0x031D\Room3'"	"0x010D"	"Room3"	"Room3"	"Room3"	"Room3"	"Room3"	"Room3"	"Room3"	"Room3"	
"0x2308 'Room3\Room3.TR'"	"0x1100"	"TR"	"TR"	"TR"	"TR"	"TR"	"TR"	"TR"	"TR"	
"0x2308 'Room3\Room3.TR'"	"0x010D"	"Room3.TR"	"Room3.TR"	"Room3.TR"	"Room3.TR"	"Room3.TR"	"Room3.TR"	"Room3.TR"	"Room3.TR"	
"0x2300 'Room3\Room3.TR.SpTiCom'"	"0x1100"	"SpTiCom"	"SpTiCom"	"SpTiCom"	"SpTiCom"	"SpTiCom"	"SpTiCom"	"SpTiCom"	"SpTiCom"	
"0x2300 'Room3\Room3.TR.SpTiCom'"	"0x010D"	"Room3.TR.SpTiCom"	"Room3.TR.SpTiCom"	"Room3.TR.SpTiCom"	"Room3.TR.SpTiCom"	"Room3.TR.SpTiCom"	"Room3.TR.SpTiCom"	"Room3.TR.SpTiCom"	"Room3.TR.SpTiCom"	
"0x2300 'Room3\Room3.TR.SpTiCom'"	"0x1102"	"s"	"s"	"s"	"s"	"s"	"s"	"s"	"s"	
"0x2203 'Room3\Room3.TR.Val'"	"0x1100"	"Val"	"Val"	"Val"	"Val"	"Val"	"Val"	"Val"	"Val"	
"0x2203 'Room3\Room3.TR.Val'"	"0x010D"	"Room3.TR.Val"	"Room3.TR.Val"	"Room3.TR.Val"	"Room3.TR.Val"	"Room3.TR.Val"	"Room3.TR.Val"	"Room3.TR.Val"	"Room3.TR.Val"	
"0x2203 'Room3\Room3.TR.Val'"	"0x1102"	"°C"	"°C"	"°C"	"°C"	"°C"	"°C"	"°C"	"°C"	
"0x2203 'Room3\Room3.TR.Val'"	"0x1214"	"dK"	"dK"	"dK"	"dK"	"dK"	"dK"	"dK"	"dK"	
"0x2308 'Room3\Room3.CndMon2'"	"0x1100"	"CndMon2"	"CndMon2"	"CndMon2"	"CndMon2"	"CndMon2"	"CndMon2"	"CndMon2"	"CndMon2"	
"0x2308 'Room3\Room3.CndMon2'"	"0x010D"	"Room3.CndMon2"	"Room3.CndMon2"	"Room3.CndMon2"	"Room3.CndMon2"	"Room3.CndMon2"	"Room3.CndMon2"	"Room3.CndMon2"	"Room3.CndMon2"	
"0x2304 'Room3\Room3.CndMon2.RefIO'"	"0x1100"	"RefIO"	"RefIO"	"RefIO"	"RefIO"	"RefIO"	"RefIO"	"RefIO"	"RefIO"	
"0x2304 'Room3\Room3.CndMon2.RefIO'"	"0x010D"	"Room3.CndMon2.RefIO"	"Room3.CndMon2.RefIO"	"Room3.CndMon2.RefIO"	"Room3.CndMon2.RefIO"	"Room3.CndMon2.RefIO"	"Room3.CndMon2.RefIO"	"Room3.CndMon2.RefIO"	"Room3.CndMon2.RefIO"	
"0x2204 'Room3\Room3.CndMon2.Val'"	"0x1100"	"Val"	"Val"	"Val"	"Val"	"Val"	"Val"	"Val"	"Val"	
"0x2204 'Room3\Room3.CndMon2.Val'"	"0x010D"	"Room3.CndMon2.Val"	"Room3.CndMon2.Val"	"Room3.CndMon2.Val"	"Room3.CndMon2.Val"	"Room3.CndMon2.Val"	"Room3.CndMon2.Val"	"Room3.CndMon2.Val"	"Room3.CndMon2.Val"	
"0x2204 'Room3\Room3.CndMon2.Val'"	"0x1101"	"Passive*Active*Null"	"Passive*Active*Null"	"Passive*Active*Null"	"Passive*Active*Null"	"Passive*Active*Null"	"Passive*Active*Null"	"Passive*Active*Null"	"Passive*Active*Null"	
"0x2308 'Room3\Room3.CndMon'"	"0x1100"	"CndMon"	"CndMon"	"CndMon"	"CndMon"	"CndMon"	"CndMon"	"CndMon"	"CndMon"	
"0x2308 'Room3\Room3.CndMon'"	"0x010D"	"Room3.CndMon"	"Room3.CndMon"	"Room3.CndMon"	"Room3.CndMon"	"Room3.CndMon"	"Room3.CndMon"	"Room3.CndMon"	"Room3.CndMon"	
"0x2304 'Room3\Room3.CndMon.RefIO'"	"0x1100"	"RefIO"	"RefIO"	"RefIO"	"RefIO"	"RefIO"	"RefIO"	"RefIO"	"RefIO"	
"0x2304 'Room3\Room3.CndMon.RefIO'"	"0x010D"	"Room3.CndMon.RefIO"	"Room3.CndMon.RefIO"	"Room3.CndMon.RefIO"	"Room3.CndMon.RefIO"	"Room3.CndMon.RefIO"	"Room3.CndMon.RefIO"	"Room3.CndMon.RefIO"	"Room3.CndMon.RefIO"	
"0x2204 'Room3\Room3.CndMon.Val'"	"0x1100"	"Val"	"Val"	"Val"	"Val"	"Val"	"Val"	"Val"	"Val"	
"0x2204 'Room3\Room3.CndMon.Val'"	"0x010D"	"Room3.CndMon.Val"	"Room3.CndMon.Val"	"Room3.CndMon.Val"	"Room3.CndMon.Val"	"Room3.CndMon.Val"	"Room3.CndMon.Val"	"Room3.CndMon.Val"	"Room3.CndMon.Val"	
"0x2204 'Room3\Room3.CndMon.Val'"	"0x1101"	"Passive*Active*Null"	"Passive*Active*Null"	"Passive*Active*Null"	"Passive*Active*Null"	"Passive*Active*Null"	"Passive*Active*Null"	"Passive*Active*Null"	"Passive*Active*Null"	
"0x2308 'Room3\Room3.CndMon3'"	"0x1100"	"CndMon3"	"CndMon3"	"CndMon3"	"CndMon3"	"CndMon3"	"CndMon3"	"CndMon3"	"CndMon3"	
"0x2308 'Room3\Room3.CndMon3'"	"0x010D"	"Room3.CndMon3"	"Room3.CndMon3"	"Room3.CndMon3"	"Room3.CndMon3"	"Room3.CndMon3"	"Room3.CndMon3"	"Room3.CndMon3"	"Room3.CndMon3"	
"0x2304 'Room3\Room3.CndMon3.RefIO'"	"0x1100"	"RefIO"	"RefIO"	"RefIO"	"RefIO"	"RefIO"	"RefIO"	"RefIO"	"RefIO"	
"0x2304 'Room3\Room3.CndMon3.RefIO'"	"0x010D"	"Room3.CndMon3.RefIO"	"Room3.CndMon3.RefIO"	"Room3.CndMon3.RefIO"	"Room3.CndMon3.RefIO"	"Room3.CndMon3.RefIO"	"Room3.CndMon3.RefIO"	"Room3.CndMon3.RefIO"	"Room3.CndMon3.RefIO"	
"0x2204 'Room3\Room3.CndMon3.Val'"	"0x1100"	"Val"	"Val"	"Val"	"Val"	"Val"	"Val"	"Val"	"Val"	
"0x2204 'Room3\Room3.CndMon3.Val'"	"0x010D"	"Room3.CndMon3.Val"	"Room3.CndMon3.Val"	"Room3.CndMon3.Val"	"Room3.CndMon3.Val"	"Room3.CndMon3.Val"	"Room3.CndMon3.Val"	"Room3.CndMon3.Val"	"Room3.CndMon3.Val"	
"0x2204 'Room3\Room3.CndMon3.Val'"	"0x1101"	"Passive*Active*Null"	"Passive*Active*Null"	"Passive*Active*Null"	"Passive*Active*Null"	"Passive*Active*Null"	"Passive*Active*Null"	"Passive*Active*Null"	"Passive*Active*Null"	
"0x2308 'Room3\Room3.CndMon4'"	"0x1100"	"CndMon4"	"CndMon4"	"CndMon4"	"CndMon4"	"CndMon4"	"CndMon4"	"CndMon4"	"CndMon4"	
"0x2308 'Room3\Room3.CndMon4'"	"0x010D"	"Room3.CndMon4"	"Room3.CndMon4"	"Room3.CndMon4"	"Room3.CndMon4"	"Room3.CndMon4"	"Room3.CndMon4"	"Room3.CndMon4"	"Room3.CndMon4"	
"0x2304 'Room3\Room3.CndMon4.RefIO'"	"0x1100"	"RefIO"	"RefIO"	"RefIO"	"RefIO"	"RefIO"	"RefIO"	"RefIO"	"RefIO"	
"0x2304 'Room3\Room3.CndMon4.RefIO'"	"0x010D"	"Room3.CndMon4.RefIO"	"Room3.CndMon4.RefIO"	"Room3.CndMon4.RefIO"	"Room3.CndMon4.RefIO"	"Room3.CndMon4.RefIO"	"Room3.CndMon4.RefIO"	"Room3.CndMon4.RefIO"	"Room3.CndMon4.RefIO"	
"0x2204 'Room3\Room3.CndMon4.Val'"	"0x1100"	"Val"	"Val"	"Val"	"Val"	"Val"	"Val"	"Val"	"Val"	
"0x2204 'Room3\Room3.CndMon4.Val'"	"0x010D"	"Room3.CndMon4.Val"	"Room3.CndMon4.Val"	"Room3.CndMon4.Val"	"Room3.CndMon4.Val"	"Room3.CndMon4.Val"	"Room3.CndMon4.Val"	"Room3.CndMon4.Val"	"Room3.CndMon4.Val"	
"0x2204 'Room3\Room3.CndMon4.Val'"	"0x1101"	"Passive*Active*Null"	"Passive*Active*Null"	"Passive*Active*Null"	"Passive*Active*Null"	"Passive*Active*Null"	"Passive*Active*Null"	"Passive*Active*Null"	"Passive*Active*Null"	
"0x2302 'Room3\Room3.OpModMan'"	"0x1100"	"OpModMan"	"OpModMan"	"OpModMan"	"OpModMan"	"OpModMan"	"OpModMan"	"OpModMan"	"OpModMan"	
"0x2302 'Room3\Room3.OpModMan'"	"0x010D"	"Room3.OpModMan"	"Room3.OpModMan"	"Room3.OpModMan"	"Room3.OpModMan"	"Room3.OpModMan"	"Room3.OpModMan"	"Room3.OpModMan"	"Room3.OpModMan"	
"0x2302 'Room3\Room3.OpModMan'"	"0x1101"	"Prt*Eco*Cmf*Auto"	"Prt*Eco*Cmf*Auto"	"Prt*Eco*Cmf*Auto"	"Prt*Eco*Cmf*Auto"	"Prt*Eco*Cmf*Auto"	"Prt*Eco*Cmf*Auto"	"Prt*Eco*Cmf*Auto"	"Prt*Eco*Cmf*Auto"	
"0x2302 'Room3\Room3.ShedSel'"	"0x1100"	"ShedSel"	"ShedSel"	"ShedSel"	"ShedSel"	"ShedSel"	"ShedSel"	"ShedSel"	"ShedSel"	
"0x2302 'Room3\Room3.ShedSel'"	"0x010D"	"Room3.ShedSel"	"Room3.ShedSel"	"Room3.ShedSel"	"Room3.ShedSel"	"Room3.ShedSel"	"Room3.ShedSel"	"Room3.ShedSel"	"Room3.ShedSel"	
"0x2302 'Room3\Room3.ShedSel'"	"0x1101"	"TSP_1*TSP_2*TSP_3"	"TSP_1*TSP_2*TSP_3"	"TSP_1*TSP_2*TSP_3"	"TSP_1*TSP_2*TSP_3"	"TSP_1*TSP_2*TSP_3"	"TSP_1*TSP_2*TSP_3"	"TSP_1*TSP_2*TSP_3"	"TSP_1*TSP_2*TSP_3"	
"0x2300 'Room3\Room3.SpTRPrt'"	"0x1100"	"SpTRPrt"	"SpTRPrt"	"SpTRPrt"	"SpTRPrt"	"SpTRPrt"	"SpTRPrt"	"SpTRPrt"	"SpTRPrt"	
"0x2300 'Room3\Room3.SpTRPrt'"	"0x010D"	"Room3.SpTRPrt"	"Room3.SpTRPrt"	"Room3.SpTRPrt"	"Room3.SpTRPrt"	"Room3.SpTRPrt"	"Room3.SpTRPrt"	"Room3.SpTRPrt"	"Room3.SpTRPrt"	
"0x2300 'Room3\Room3.SpTRPrt'"	"0x1102"	"°C"	"°C"	"°C"	"°C"	"°C"	"°C"	"°C"	"°C"	
"0x2300 'Room3\Room3.SpTREco'"	"0x1100"	"SpTREco"	"SpTREco"	"SpTREco"	"SpTREco"	"SpTREco"	"SpTREco"	"SpTREco"	"SpTREco"	
"0x2300 'Room3\Room3.SpTREco'"	"0x010D"	"Room3.SpTREco"	"Room3.SpTREco"	"Room3.SpTREco"	"Room3.SpTREco"	"Room3.SpTREco"	"Room3.SpTREco"	"Room3.SpTREco"	"Room3.SpTREco"	
"0x2300 'Room3\Room3.SpTREco'"	"0x1102"	"°C"	"°C"	"°C"	"°C"	"°C"	"°C"	"°C"	"°C"	
"0x2300 'Room3\Room3.SpTRCmf'"	"0x1100"	"SpTRCmf"	"SpTRCmf"	"SpTRCmf"	"SpTRCmf"	"SpTRCmf"	"SpTRCmf"	"SpTRCmf"	"SpTRCmf"	
"0x2300 'Room3\Room3.SpTRCmf'"	"0x010D"	"Room3.SpTRCmf"	"Room3.SpTRCmf"	"Room3.SpTRCmf"	"Room3.SpTRCmf"	"Room3.SpTRCmf"	"Room3.SpTRCmf"	"Room3.SpTRCmf"	"Room3.SpTRCmf"	
"0x2300 'Room3\Room3.SpTRCmf'"	"0x1102"	"°C"	"°C"	"°C"	"°C"	"°C"	"°C"	"°C"	"°C"	
"0x2202 'Room3\Room3.PltMod'"	"0x1100"	"PltMod"	"PltMod"	"PltMod"	"PltMod"	"PltMod"	"PltMod"	"PltMod"	"PltMod"	
"0x2202 'Room3\Room3.PltMod'"	"0x010D"	"Room3.PltMod"	"Room3.PltMod"	"Room3.PltMod"	"Room3.PltMod"	"Room3.PltMod"	"Room3.PltMod"	"Room3.PltMod"	"Room3.PltMod"	
"0x2202 'Room3\Room3.PltMod'"	"0x1101"	"Null*Auto*Off*Ctl*Flt"	"Null*Auto*Off*Ctl*Flt"	"Null*Auto*Off*Ctl*Flt"	"Null*Auto*Off*Ctl*Flt"	"Null*Auto*Off*Ctl*Flt"	"Null*Auto*Off*Ctl*Flt"	"Null*Auto*Off*Ctl*Flt"	"Null*Auto*Off*Ctl*Flt"	
"0x2308 'Room3\Room3.VlvCtl'"	"0x1100"	"VlvCtl"	"VlvCtl"	"VlvCtl"	"VlvCtl"	"VlvCtl"	"VlvCtl"	"VlvCtl"	"VlvCtl"	
"0x2308 'Room3\Room3.VlvCtl'"	"0x010D"	"Room3.VlvCtl"	"Room3.VlvCtl"	"Room3.VlvCtl"	"Room3.VlvCtl"	"Room3.VlvCtl"	"Room3.VlvCtl"	"Room3.VlvCtl"	"Room3.VlvCtl"	
"0x2202 'Room3\Room3.VlvCtl.AggrMod'"	"0x1100"	"AggrMod"	"AggrMod"	"AggrMod"	"AggrMod"	"AggrMod"	"AggrMod"	"AggrMod"	"AggrMod"	
"0x2202 'Room3\Room3.VlvCtl.AggrMod'"	"0x010D"	"Room3.VlvCtl.AggrMod"	"Room3.VlvCtl.AggrMod"	"Room3.VlvCtl.AggrMod"	"Room3.VlvCtl.AggrMod"	"Room3.VlvCtl.AggrMod"	"Room3.VlvCtl.AggrMod"	"Room3.VlvCtl.AggrMod"	"Room3.VlvCtl.AggrMod"	
"0x2202 'Room3\Room3.VlvCtl.AggrMod'"	"0x1101"	"Auto*Off*On*Dmd*Loop*Low*High*Swi*Last*LoopDmd"	"Auto*Off*On*Dmd*Loop*Low*High*Swi*Last*LoopDmd"	"Auto*Off*On*Dmd*Loop*Low*High*Swi*Last*LoopDmd"	"Auto*Off*On*Dmd*Loop*Low*High*Swi*Last*LoopDmd"	"Auto*Off*On*Dmd*Loop*Low*High*Swi*Last*LoopDmd"	"Auto*Off*On*Dmd*Loop*Low*High*Swi*Last*LoopDmd"	"Auto*Off*On*Dmd*Loop*Low*High*Swi*Last*LoopDmd"	"Auto*Off*On*Dmd*Loop*Low*High*Swi*Last*LoopDmd"	
"0x2300 'Room3\Room3.VlvCtl.Low'"	"0x1100"	"Low"	"Low"	"Low"	"Low"	"Low"	"Low"	"Low"	"Low"	
"0x2300 'Room3\Room3.VlvCtl.Low'"	"0x010D"	"Room3.VlvCtl.Low"	"Room3.VlvCtl.Low"	"Room3.VlvCtl.Low"	"Room3.VlvCtl.Low"	"Room3.VlvCtl.Low"	"Room3.VlvCtl.Low"	"Room3.VlvCtl.Low"	"Room3.VlvCtl.Low"	
"0x2300 'Room3\Room3.VlvCtl.Low'"	"0x1102"	"%"	"%"	"%"	"%"	"%"	"%"	"%"	"%"	
"0x2300 'Room3\Room3.VlvCtl.High'"	"0x1100"	"High"	"High"	"High"	"High"	"High"	"High"	"High"	"High"	
"0x2300 'Room3\Room3.VlvCtl.High'"	"0x010D"	"Room3.VlvCtl.High"	"Room3.VlvCtl.High"	"Room3.VlvCtl.High"	"Room3.VlvCtl.High"	"Room3.VlvCtl.High"	"Room3.VlvCtl.High"	"Room3.VlvCtl.High"	"Room3.VlvCtl.High"	
"0x2300 'Room3\Room3.VlvCtl.High'"	"0x1102"	"%"	"%"	"%"	"%"	"%"	"%"	"%"	"%"	
"0x2300 'Room3\Room3.VlvCtl.TiDly'"	"0x1100"	"TiDly"	"TiDly"	"TiDly"	"TiDly"	"TiDly"	"TiDly"	"TiDly"	"TiDly"	
"0x2300 'Room3\Room3.VlvCtl.TiDly'"	"0x010D"	"Room3.VlvCtl.TiDly"	"Room3.VlvCtl.TiDly"	"Room3.VlvCtl.TiDly"	"Room3.VlvCtl.TiDly"	"Room3.VlvCtl.TiDly"	"Room3.VlvCtl.TiDly"	"Room3.VlvCtl.TiDly"	"Room3.VlvCtl.TiDly"	
"0x2300 'Room3\Room3.VlvCtl.TiDly'"	"0x1102"	"s"	"s"	"s"	"s"	"s"	"s"	"s"	"s"	
"0x2300 'Room3\Room3.VlvCtl.SwiOn'"	"0x1100"	"SwiOn"	"SwiOn"	"SwiOn"	"SwiOn"	"SwiOn"	"SwiOn"	"SwiOn"	"SwiOn"	
"0x2300 'Room3\Room3.VlvCtl.SwiOn'"	"0x010D"	"Room3.VlvCtl.SwiOn"	"Room3.VlvCtl.SwiOn"	"Room3.VlvCtl.SwiOn"	"Room3.VlvCtl.SwiOn"	"Room3.VlvCtl.SwiOn"	"Room3.VlvCtl.SwiOn"	"Room3.VlvCtl.SwiOn"	"Room3.VlvCtl.SwiOn"	
"0x2300 'Room3\Room3.VlvCtl.SwiOn'"	"0x1102"	"%"	"%"	"%"	"%"	"%"	"%"	"%"	"%"	
"0x2300 'Room3\Room3.VlvCtl.SwiOff'"	"0x1100"	"SwiOff"	"SwiOff"	"SwiOff"	"SwiOff"	"SwiOff"	"SwiOff"	"SwiOff"	"SwiOff"	
"0x2300 'Room3\Room3.VlvCtl.SwiOff'"	"0x010D"	"Room3.VlvCtl.SwiOff"	"Room3.VlvCtl.SwiOff"	"Room3.VlvCtl.SwiOff"	"Room3.VlvCtl.SwiOff"	"Room3.VlvCtl.SwiOff"	"Room3.VlvCtl.SwiOff"	"Room3.VlvCtl.SwiOff"	"Room3.VlvCtl.SwiOff"	
"0x2300 'Room3\Room3.VlvCtl.SwiOff'"	"0x1102"	"%"	"%"	"%"	"%"	"%"	"%"	"%"	"%"	
"0x2305 'Room3\Room3.VlvCtl.Ctl'"	"0x1100"	"Ctl"	"Ctl"	"Ctl"	"Ctl"	"Ctl"	"Ctl"	"Ctl"	"Ctl"	
"0x2305 'Room3\Room3.VlvCtl.Ctl'"	"0x010D"	"Room3.VlvCtl.Ctl"	"Room3.VlvCtl.Ctl"	"Room3.VlvCtl.Ctl"	"Room3.VlvCtl.Ctl"	"Room3.VlvCtl.Ctl"	"Room3.VlvCtl.Ctl"	"Room3.VlvCtl.Ctl"	"Room3.VlvCtl.Ctl"	
"0x2305 'Room3\Room3.VlvCtl.Ctl'"	"0x1102"	"°C"	"°C"	"°C"	"°C"	"°C"	"°C"	"°C"	"°C"	
"0x2305 'Room3\Room3.VlvCtl.Ctl'"	"0x1200"	"GESP*OG*UG*REG*Y-NV*UDEF"	"GESP*OG*UG*REG*Y-NV*UDEF"	"GESP*OG*UG*REG*Y-NV*UDEF"	"GESP*OG*UG*REG*Y-NV*UDEF"	"GESP*OG*UG*REG*Y-NV*UDEF"	"GESP*OG*UG*REG*Y-NV*UDEF"	"GESP*OG*UG*REG*Y-NV*UDEF"	"GESP*OG*UG*REG*Y-NV*UDEF"	
"0x2308 'Room3\Room3.Vlv2'"	"0x1100"	"Vlv2"	"Vlv2"	"Vlv2"	"Vlv2"	"Vlv2"	"Vlv2"	"Vlv2"	"Vlv2"	
"0x2308 'Room3\Room3.Vlv2'"	"0x010D"	"Room3.Vlv2"	"Room3.Vlv2"	"Room3.Vlv2"	"Room3.Vlv2"	"Room3.Vlv2"	"Room3.Vlv2"	"Room3.Vlv2"	"Room3.Vlv2"	
"0x2304 'Room3\Room3.Vlv2.RefIO'"	"0x1100"	"RefIO"	"RefIO"	"RefIO"	"RefIO"	"RefIO"	"RefIO"	"RefIO"	"RefIO"	
"0x2304 'Room3\Room3.Vlv2.RefIO'"	"0x010D"	"Room3.Vlv2.RefIO"	"Room3.Vlv2.RefIO"	"Room3.Vlv2.RefIO"	"Room3.Vlv2.RefIO"	"Room3.Vlv2.RefIO"	"Room3.Vlv2.RefIO"	"Room3.Vlv2.RefIO"	"Room3.Vlv2.RefIO"	
"0x2206 'Room3\Room3.Vlv2.Cmd'"	"0x1100"	"Cmd"	"Cmd"	"Cmd"	"Cmd"	"Cmd"	"Cmd"	"Cmd"	"Cmd"	
"0x2206 'Room3\Room3.Vlv2.Cmd'"	"0x010D"	"Room3.Vlv2.Cmd"	"Room3.Vlv2.Cmd"	"Room3.Vlv2.Cmd"	"Room3.Vlv2.Cmd"	"Room3.Vlv2.Cmd"	"Room3.Vlv2.Cmd"	"Room3.Vlv2.Cmd"	"Room3.Vlv2.Cmd"	
"0x2206 'Room3\Room3.Vlv2.Cmd'"	"0x1102"	"%"	"%"	"%"	"%"	"%"	"%"	"%"	"%"	
"0x2206 'Room3\Room3.Vlv2.Cmd'"	"0x1214"	"%"	"%"	"%"	"%"	"%"	"%"	"%"	"%"	
"0x2310 'Room3\Room3.Vlv2.Pos'"	"0x1100"	"Pos"	"Pos"	"Pos"	"Pos"	"Pos"	"Pos"	"Pos"	"Pos"	
"0x2310 'Room3\Room3.Vlv2.Pos'"	"0x010D"	"Room3.Vlv2.Pos"	"Room3.Vlv2.Pos"	"Room3.Vlv2.Pos"	"Room3.Vlv2.Pos"	"Room3.Vlv2.Pos"	"Room3.Vlv2.Pos"	"Room3.Vlv2.Pos"	"Room3.Vlv2.Pos"	
"0x2310 'Room3\Room3.Vlv2.Pos'"	"0x1101"	"Idle*Pos+*Pos-*Sync+*Sync-"	"Idle*Pos+*Pos-*Sync+*Sync-"	"Idle*Pos+*Pos-*Sync+*Sync-"	"Idle*Pos+*Pos-*Sync+*Sync-"	"Idle*Pos+*Pos-*Sync+*Sync-"	"Idle*Pos+*Pos-*Sync+*Sync-"	"Idle*Pos+*Pos-*Sync+*Sync-"	"Idle*Pos+*Pos-*Sync+*Sync-"	
"0x2308 'Room3\Room3.Vlv'"	"0x1100"	"Vlv"	"Vlv"	"Vlv"	"Vlv"	"Vlv"	"Vlv"	"Vlv"	"Vlv"	
"0x2308 'Room3\Room3.Vlv'"	"0x010D"	"Room3.Vlv"	"Room3.Vlv"	"Room3.Vlv"	"Room3.Vlv"	"Room3.Vlv"	"Room3.Vlv"	"Room3.Vlv"	"Room3.Vlv"	
"0x2304 'Room3\Room3.Vlv.RefIO'"	"0x1100"	"RefIO"	"RefIO"	"RefIO"	"RefIO"	"RefIO"	"RefIO"	"RefIO"	"RefIO"	
"0x2304 'Room3\Room3.Vlv.RefIO'"	"0x010D"	"Room3.Vlv.RefIO"	"Room3.Vlv.RefIO"	"Room3.Vlv.RefIO"	"Room3.Vlv.RefIO"	"Room3.Vlv.RefIO"	"Room3.Vlv.RefIO"	"Room3.Vlv.RefIO"	"Room3.Vlv.RefIO"	
"0x2206 'Room3\Room3.Vlv.Cmd'"	"0x1100"	"Cmd"	"Cmd"	"Cmd"	"Cmd"	"Cmd"	"Cmd"	"Cmd"	"Cmd"	
"0x2206 'Room3\Room3.Vlv.Cmd'"	"0x010D"	"Room3.Vlv.Cmd"	"Room3.Vlv.Cmd"	"Room3.Vlv.Cmd"	"Room3.Vlv.Cmd"	"Room3.Vlv.Cmd"	"Room3.Vlv.Cmd"	"Room3.Vlv.Cmd"	"Room3.Vlv.Cmd"	
"0x2206 'Room3\Room3.Vlv.Cmd'"	"0x1102"	"%"	"%"	"%"	"%"	"%"	"%"	"%"	"%"	
"0x2206 'Room3\Room3.Vlv.Cmd'"	"0x1214"	"%"	"%"	"%"	"%"	"%"	"%"	"%"	"%"	
"0x2310 'Room3\Room3.Vlv.Pos'"	"0x1100"	"Pos"	"Pos"	"Pos"	"Pos"	"Pos"	"Pos"	"Pos"	"Pos"	
"0x2310 'Room3\Room3.Vlv.Pos'"	"0x010D"	"Room3.Vlv.Pos"	"Room3.Vlv.Pos"	"Room3.Vlv.Pos"	"Room3.Vlv.Pos"	"Room3.Vlv.Pos"	"Room3.Vlv.Pos"	"Room3.Vlv.Pos"	"Room3.Vlv.Pos"	
"0x2310 'Room3\Room3.Vlv.Pos'"	"0x1101"	"Idle*Pos+*Pos-*Sync+*Sync-"	"Idle*Pos+*Pos-*Sync+*Sync-"	"Idle*Pos+*Pos-*Sync+*Sync-"	"Idle*Pos+*Pos-*Sync+*Sync-"	"Idle*Pos+*Pos-*Sync+*Sync-"	"Idle*Pos+*Pos-*Sync+*Sync-"	"Idle*Pos+*Pos-*Sync+*Sync-"	"Idle*Pos+*Pos-*Sync+*Sync-"	
"0x2308 'Room3\Room3.Vlv3'"	"0x1100"	"Vlv3"	"Vlv3"	"Vlv3"	"Vlv3"	"Vlv3"	"Vlv3"	"Vlv3"	"Vlv3"	
"0x2308 'Room3\Room3.Vlv3'"	"0x010D"	"Room3.Vlv3"	"Room3.Vlv3"	"Room3.Vlv3"	"Room3.Vlv3"	"Room3.Vlv3"	"Room3.Vlv3"	"Room3.Vlv3"	"Room3.Vlv3"	
"0x2304 'Room3\Room3.Vlv3.RefIO'"	"0x1100"	"RefIO"	"RefIO"	"RefIO"	"RefIO"	"RefIO"	"RefIO"	"RefIO"	"RefIO"	
"0x2304 'Room3\Room3.Vlv3.RefIO'"	"0x010D"	"Room3.Vlv3.RefIO"	"Room3.Vlv3.RefIO"	"Room3.Vlv3.RefIO"	"Room3.Vlv3.RefIO"	"Room3.Vlv3.RefIO"	"Room3.Vlv3.RefIO"	"Room3.Vlv3.RefIO"	"Room3.Vlv3.RefIO"	
"0x2206 'Room3\Room3.Vlv3.Cmd'"	"0x1100"	"Cmd"	"Cmd"	"Cmd"	"Cmd"	"Cmd"	"Cmd"	"Cmd"	"Cmd"	
"0x2206 'Room3\Room3.Vlv3.Cmd'"	"0x010D"	"Room3.Vlv3.Cmd"	"Room3.Vlv3.Cmd"	"Room3.Vlv3.Cmd"	"Room3.Vlv3.Cmd"	"Room3.Vlv3.Cmd"	"Room3.Vlv3.Cmd"	"Room3.Vlv3.Cmd"	"Room3.Vlv3.Cmd"	
"0x2206 'Room3\Room3.Vlv3.Cmd'"	"0x1102"	"%"	"%"	"%"	"%"	"%"	"%"	"%"	"%"	
"0x2206 'Room3\Room3.Vlv3.Cmd'"	"0x1214"	"%"	"%"	"%"	"%"	"%"	"%"	"%"	"%"	
"0x2310 'Room3\Room3.Vlv3.Pos'"	"0x1100"	"Pos"	"Pos"	"Pos"	"Pos"	"Pos"	"Pos"	"Pos"	"Pos"	
"0x2310 'Room3\Room3.Vlv3.Pos'"	"0x010D"	"Room3.Vlv3.Pos"	"Room3.Vlv3.Pos"	"Room3.Vlv3.Pos"	"Room3.Vlv3.Pos"	"Room3.Vlv3.Pos"	"Room3.Vlv3.Pos"	"Room3.Vlv3.Pos"	"Room3.Vlv3.Pos"	
"0x2310 'Room3\Room3.Vlv3.Pos'"	"0x1101"	"Idle*Pos+*Pos-*Sync+*Sync-"	"Idle*Pos+*Pos-*Sync+*Sync-"	"Idle*Pos+*Pos-*Sync+*Sync-"	"Idle*Pos+*Pos-*Sync+*Sync-"	"Idle*Pos+*Pos-*Sync+*Sync-"	"Idle*Pos+*Pos-*Sync+*Sync-"	"Idle*Pos+*Pos-*Sync+*Sync-"	"Idle*Pos+*Pos-*Sync+*Sync-"	
"0x2308 'Room3\Room3.Vlv4'"	"0x1100"	"Vlv4"	"Vlv4"	"Vlv4"	"Vlv4"	"Vlv4"	"Vlv4"	"Vlv4"	"Vlv4"	
"0x2308 'Room3\Room3.Vlv4'"	"0x010D"	"Room3.Vlv4"	"Room3.Vlv4"	"Room3.Vlv4"	"Room3.Vlv4"	"Room3.Vlv4"	"Room3.Vlv4"	"Room3.Vlv4"	"Room3.Vlv4"	
"0x2304 'Room3\Room3.Vlv4.RefIO'"	"0x1100"	"RefIO"	"RefIO"	"RefIO"	"RefIO"	"RefIO"	"RefIO"	"RefIO"	"RefIO"	
"0x2304 'Room3\Room3.Vlv4.RefIO'"	"0x010D"	"Room3.Vlv4.RefIO"	"Room3.Vlv4.RefIO"	"Room3.Vlv4.RefIO"	"Room3.Vlv4.RefIO"	"Room3.Vlv4.RefIO"	"Room3.Vlv4.RefIO"	"Room3.Vlv4.RefIO"	"Room3.Vlv4.RefIO"	
"0x2206 'Room3\Room3.Vlv4.Cmd'"	"0x1100"	"Cmd"	"Cmd"	"Cmd"	"Cmd"	"Cmd"	"Cmd"	"Cmd"	"Cmd"	
"0x2206 'Room3\Room3.Vlv4.Cmd'"	"0x010D"	"Room3.Vlv4.Cmd"	"Room3.Vlv4.Cmd"	"Room3.Vlv4.Cmd"	"Room3.Vlv4.Cmd"	"Room3.Vlv4.Cmd"	"Room3.Vlv4.Cmd"	"Room3.Vlv4.Cmd"	"Room3.Vlv4.Cmd"	
"0x2206 'Room3\Room3.Vlv4.Cmd'"	"0x1102"	"%"	"%"	"%"	"%"	"%"	"%"	"%"	"%"	
"0x2206 'Room3\Room3.Vlv4.Cmd'"	"0x1214"	"%"	"%"	"%"	"%"	"%"	"%"	"%"	"%"	
"0x2310 'Room3\Room3.Vlv4.Pos'"	"0x1100"	"Pos"	"Pos"	"Pos"	"Pos"	"Pos"	"Pos"	"Pos"	"Pos"	
"0x2310 'Room3\Room3.Vlv4.Pos'"	"0x010D"	"Room3.Vlv4.Pos"	"Room3.Vlv4.Pos"	"Room3.Vlv4.Pos"	"Room3.Vlv4.Pos"	"Room3.Vlv4.Pos"	"Room3.Vlv4.Pos"	"Room3.Vlv4.Pos"	"Room3.Vlv4.Pos"	
"0x2310 'Room3\Room3.Vlv4.Pos'"	"0x1101"	"Idle*Pos+*Pos-*Sync+*Sync-"	"Idle*Pos+*Pos-*Sync+*Sync-"	"Idle*Pos+*Pos-*Sync+*Sync-"	"Idle*Pos+*Pos-*Sync+*Sync-"	"Idle*Pos+*Pos-*Sync+*Sync-"	"Idle*Pos+*Pos-*Sync+*Sync-"	"Idle*Pos+*Pos-*Sync+*Sync-"	"Idle*Pos+*Pos-*Sync+*Sync-"	
"0x2304 'Room3\Room3.Ime'"	"0x1100"	"Ime"	"Ime"	"Ime"	"Ime"	"Ime"	"Ime"	"Ime"	"Ime"	
"0x2304 'Room3\Room3.Ime'"	"0x010D"	"Room3.Ime"	"Room3.Ime"	"Room3.Ime"	"Room3.Ime"	"Room3.Ime"	"Room3.Ime"	"Room3.Ime"	"Room3.Ime"	
"0x2309 '0x031D\Room4'"	"0x1100"	"Room4"	"Room4"	"Room4"	"Room4"	"Room4"	"Room4"	"Room4"	"Room4"	
"0x2309 '0x031D\Room4'"	"0x010D"	"Room4"	"Room4"	"Room4"	"Room4"	"Room4"	"Room4"	"Room4"	"Room4"	
"0x2308 'Room4\Room4.TR'"	"0x1100"	"TR"	"TR"	"TR"	"TR"	"TR"	"TR"	"TR"	"TR"	
"0x2308 'Room4\Room4.TR'"	"0x010D"	"Room4.TR"	"Room4.TR"	"Room4.TR"	"Room4.TR"	"Room4.TR"	"Room4.TR"	"Room4.TR"	"Room4.TR"	
"0x2300 'Room4\Room4.TR.SpTiCom'"	"0x1100"	"SpTiCom"	"SpTiCom"	"SpTiCom"	"SpTiCom"	"SpTiCom"	"SpTiCom"	"SpTiCom"	"SpTiCom"	
"0x2300 'Room4\Room4.TR.SpTiCom'"	"0x010D"	"Room4.TR.SpTiCom"	"Room4.TR.SpTiCom"	"Room4.TR.SpTiCom"	"Room4.TR.SpTiCom"	"Room4.TR.SpTiCom"	"Room4.TR.SpTiCom"	"Room4.TR.SpTiCom"	"Room4.TR.SpTiCom"	
"0x2300 'Room4\Room4.TR.SpTiCom'"	"0x1102"	"s"	"s"	"s"	"s"	"s"	"s"	"s"	"s"	
"0x2203 'Room4\Room4.TR.Val'"	"0x1100"	"Val"	"Val"	"Val"	"Val"	"Val"	"Val"	"Val"	"Val"	
"0x2203 'Room4\Room4.TR.Val'"	"0x010D"	"Room4.TR.Val"	"Room4.TR.Val"	"Room4.TR.Val"	"Room4.TR.Val"	"Room4.TR.Val"	"Room4.TR.Val"	"Room4.TR.Val"	"Room4.TR.Val"	
"0x2203 'Room4\Room4.TR.Val'"	"0x1102"	"°C"	"°C"	"°C"	"°C"	"°C"	"°C"	"°C"	"°C"	
"0x2203 'Room4\Room4.TR.Val'"	"0x1214"	"dK"	"dK"	"dK"	"dK"	"dK"	"dK"	"dK"	"dK"	
"0x2308 'Room4\Room4.CndMon2'"	"0x1100"	"CndMon2"	"CndMon2"	"CndMon2"	"CndMon2"	"CndMon2"	"CndMon2"	"CndMon2"	"CndMon2"	
"0x2308 'Room4\Room4.CndMon2'"	"0x010D"	"Room4.CndMon2"	"Room4.CndMon2"	"Room4.CndMon2"	"Room4.CndMon2"	"Room4.CndMon2"	"Room4.CndMon2"	"Room4.CndMon2"	"Room4.CndMon2"	
"0x2304 'Room4\Room4.CndMon2.RefIO'"	"0x1100"	"RefIO"	"RefIO"	"RefIO"	"RefIO"	"RefIO"	"RefIO"	"RefIO"	"RefIO"	
"0x2304 'Room4\Room4.CndMon2.RefIO'"	"0x010D"	"Room4.CndMon2.RefIO"	"Room4.CndMon2.RefIO"	"Room4.CndMon2.RefIO"	"Room4.CndMon2.RefIO"	"Room4.CndMon2.RefIO"	"Room4.CndMon2.RefIO"	"Room4.CndMon2.RefIO"	"Room4.CndMon2.RefIO"	
"0x2204 'Room4\Room4.CndMon2.Val'"	"0x1100"	"Val"	"Val"	"Val"	"Val"	"Val"	"Val"	"Val"	"Val"	
"0x2204 'Room4\Room4.CndMon2.Val'"	"0x010D"	"Room4.CndMon2.Val"	"Room4.CndMon2.Val"	"Room4.CndMon2.Val"	"Room4.CndMon2.Val"	"Room4.CndMon2.Val"	"Room4.CndMon2.Val"	"Room4.CndMon2.Val"	"Room4.CndMon2.Val"	
"0x2204 'Room4\Room4.CndMon2.Val'"	"0x1101"	"Passive*Active*Null"	"Passive*Active*Null"	"Passive*Active*Null"	"Passive*Active*Null"	"Passive*Active*Null"	"Passive*Active*Null"	"Passive*Active*Null"	"Passive*Active*Null"	
"0x2308 'Room4\Room4.CndMon'"	"0x1100"	"CndMon"	"CndMon"	"CndMon"	"CndMon"	"CndMon"	"CndMon"	"CndMon"	"CndMon"	
"0x2308 'Room4\Room4.CndMon'"	"0x010D"	"Room4.CndMon"	"Room4.CndMon"	"Room4.CndMon"	"Room4.CndMon"	"Room4.CndMon"	"Room4.CndMon"	"Room4.CndMon"	"Room4.CndMon"	
"0x2304 'Room4\Room4.CndMon.RefIO'"	"0x1100"	"RefIO"	"RefIO"	"RefIO"	"RefIO"	"RefIO"	"RefIO"	"RefIO"	"RefIO"	
"0x2304 'Room4\Room4.CndMon.RefIO'"	"0x010D"	"Room4.CndMon.RefIO"	"Room4.CndMon.RefIO"	"Room4.CndMon.RefIO"	"Room4.CndMon.RefIO"	"Room4.CndMon.RefIO"	"Room4.CndMon.RefIO"	"Room4.CndMon.RefIO"	"Room4.CndMon.RefIO"	
"0x2204 'Room4\Room4.CndMon.Val'"	"0x1100"	"Val"	"Val"	"Val"	"Val"	"Val"	"Val"	"Val"	"Val"	
"0x2204 'Room4\Room4.CndMon.Val'"	"0x010D"	"Room4.CndMon.Val"	"Room4.CndMon.Val"	"Room4.CndMon.Val"	"Room4.CndMon.Val"	"Room4.CndMon.Val"	"Room4.CndMon.Val"	"Room4.CndMon.Val"	"Room4.CndMon.Val"	
"0x2204 'Room4\Room4.CndMon.Val'"	"0x1101"	"Passive*Active*Null"	"Passive*Active*Null"	"Passive*Active*Null"	"Passive*Active*Null"	"Passive*Active*Null"	"Passive*Active*Null"	"Passive*Active*Null"	"Passive*Active*Null"	
"0x2308 'Room4\Room4.CndMon3'"	"0x1100"	"CndMon3"	"CndMon3"	"CndMon3"	"CndMon3"	"CndMon3"	"CndMon3"	"CndMon3"	"CndMon3"	
"0x2308 'Room4\Room4.CndMon3'"	"0x010D"	"Room4.CndMon3"	"Room4.CndMon3"	"Room4.CndMon3"	"Room4.CndMon3"	"Room4.CndMon3"	"Room4.CndMon3"	"Room4.CndMon3"	"Room4.CndMon3"	
"0x2304 'Room4\Room4.CndMon3.RefIO'"	"0x1100"	"RefIO"	"RefIO"	"RefIO"	"RefIO"	"RefIO"	"RefIO"	"RefIO"	"RefIO"	
"0x2304 'Room4\Room4.CndMon3.RefIO'"	"0x010D"	"Room4.CndMon3.RefIO"	"Room4.CndMon3.RefIO"	"Room4.CndMon3.RefIO"	"Room4.CndMon3.RefIO"	"Room4.CndMon3.RefIO"	"Room4.CndMon3.RefIO"	"Room4.CndMon3.RefIO"	"Room4.CndMon3.RefIO"	
"0x2204 'Room4\Room4.CndMon3.Val'"	"0x1100"	"Val"	"Val"	"Val"	"Val"	"Val"	"Val"	"Val"	"Val"	
"0x2204 'Room4\Room4.CndMon3.Val'"	"0x010D"	"Room4.CndMon3.Val"	"Room4.CndMon3.Val"	"Room4.CndMon3.Val"	"Room4.CndMon3.Val"	"Room4.CndMon3.Val"	"Room4.CndMon3.Val"	"Room4.CndMon3.Val"	"Room4.CndMon3.Val"	
"0x2204 'Room4\Room4.CndMon3.Val'"	"0x1101"	"Passive*Active*Null"	"Passive*Active*Null"	"Passive*Active*Null"	"Passive*Active*Null"	"Passive*Active*Null"	"Passive*Active*Null"	"Passive*Active*Null"	"Passive*Active*Null"	
"0x2308 'Room4\Room4.CndMon4'"	"0x1100"	"CndMon4"	"CndMon4"	"CndMon4"	"CndMon4"	"CndMon4"	"CndMon4"	"CndMon4"	"CndMon4"	
"0x2308 'Room4\Room4.CndMon4'"	"0x010D"	"Room4.CndMon4"	"Room4.CndMon4"	"Room4.CndMon4"	"Room4.CndMon4"	"Room4.CndMon4"	"Room4.CndMon4"	"Room4.CndMon4"	"Room4.CndMon4"	
"0x2304 'Room4\Room4.CndMon4.RefIO'"	"0x1100"	"RefIO"	"RefIO"	"RefIO"	"RefIO"	"RefIO"	"RefIO"	"RefIO"	"RefIO"	
"0x2304 'Room4\Room4.CndMon4.RefIO'"	"0x010D"	"Room4.CndMon4.RefIO"	"Room4.CndMon4.RefIO"	"Room4.CndMon4.RefIO"	"Room4.CndMon4.RefIO"	"Room4.CndMon4.RefIO"	"Room4.CndMon4.RefIO"	"Room4.CndMon4.RefIO"	"Room4.CndMon4.RefIO"	
"0x2204 'Room4\Room4.CndMon4.Val'"	"0x1100"	"Val"	"Val"	"Val"	"Val"	"Val"	"Val"	"Val"	"Val"	
"0x2204 'Room4\Room4.CndMon4.Val'"	"0x010D"	"Room4.CndMon4.Val"	"Room4.CndMon4.Val"	"Room4.CndMon4.Val"	"Room4.CndMon4.Val"	"Room4.CndMon4.Val"	"Room4.CndMon4.Val"	"Room4.CndMon4.Val"	"Room4.CndMon4.Val"	
"0x2204 'Room4\Room4.CndMon4.Val'"	"0x1101"	"Passive*Active*Null"	"Passive*Active*Null"	"Passive*Active*Null"	"Passive*Active*Null"	"Passive*Active*Null"	"Passive*Active*Null"	"Passive*Active*Null"	"Passive*Active*Null"	
"0x2302 'Room4\Room4.OpModMan'"	"0x1100"	"OpModMan"	"OpModMan"	"OpModMan"	"OpModMan"	"OpModMan"	"OpModMan"	"OpModMan"	"OpModMan"	
"0x2302 'Room4\Room4.OpModMan'"	"0x010D"	"Room4.OpModMan"	"Room4.OpModMan"	"Room4.OpModMan"	"Room4.OpModMan"	"Room4.OpModMan"	"Room4.OpModMan"	"Room4.OpModMan"	"Room4.OpModMan"	
"0x2302 'Room4\Room4.OpModMan'"	"0x1101"	"Prt*Eco*Cmf*Auto"	"Prt*Eco*Cmf*Auto"	"Prt*Eco*Cmf*Auto"	"Prt*Eco*Cmf*Auto"	"Prt*Eco*Cmf*Auto"	"Prt*Eco*Cmf*Auto"	"Prt*Eco*Cmf*Auto"	"Prt*Eco*Cmf*Auto"	
"0x2302 'Room4\Room4.ShedSel'"	"0x1100"	"ShedSel"	"ShedSel"	"ShedSel"	"ShedSel"	"ShedSel"	"ShedSel"	"ShedSel"	"ShedSel"	
"0x2302 'Room4\Room4.ShedSel'"	"0x010D"	"Room4.ShedSel"	"Room4.ShedSel"	"Room4.ShedSel"	"Room4.ShedSel"	"Room4.ShedSel"	"Room4.ShedSel"	"Room4.ShedSel"	"Room4.ShedSel"	
"0x2302 'Room4\Room4.ShedSel'"	"0x1101"	"TSP_1*TSP_2*TSP_3"	"TSP_1*TSP_2*TSP_3"	"TSP_1*TSP_2*TSP_3"	"TSP_1*TSP_2*TSP_3"	"TSP_1*TSP_2*TSP_3"	"TSP_1*TSP_2*TSP_3"	"TSP_1*TSP_2*TSP_3"	"TSP_1*TSP_2*TSP_3"	
"0x2300 'Room4\Room4.SpTRPrt'"	"0x1100"	"SpTRPrt"	"SpTRPrt"	"SpTRPrt"	"SpTRPrt"	"SpTRPrt"	"SpTRPrt"	"SpTRPrt"	"SpTRPrt"	
"0x2300 'Room4\Room4.SpTRPrt'"	"0x010D"	"Room4.SpTRPrt"	"Room4.SpTRPrt"	"Room4.SpTRPrt"	"Room4.SpTRPrt"	"Room4.SpTRPrt"	"Room4.SpTRPrt"	"Room4.SpTRPrt"	"Room4.SpTRPrt"	
"0x2300 'Room4\Room4.SpTRPrt'"	"0x1102"	"°C"	"°C"	"°C"	"°C"	"°C"	"°C"	"°C"	"°C"	
"0x2300 'Room4\Room4.SpTREco'"	"0x1100"	"SpTREco"	"SpTREco"	"SpTREco"	"SpTREco"	"SpTREco"	"SpTREco"	"SpTREco"	"SpTREco"	
"0x2300 'Room4\Room4.SpTREco'"	"0x010D"	"Room4.SpTREco"	"Room4.SpTREco"	"Room4.SpTREco"	"Room4.SpTREco"	"Room4.SpTREco"	"Room4.SpTREco"	"Room4.SpTREco"	"Room4.SpTREco"	
"0x2300 'Room4\Room4.SpTREco'"	"0x1102"	"°C"	"°C"	"°C"	"°C"	"°C"	"°C"	"°C"	"°C"	
"0x2300 'Room4\Room4.SpTRCmf'"	"0x1100"	"SpTRCmf"	"SpTRCmf"	"SpTRCmf"	"SpTRCmf"	"SpTRCmf"	"SpTRCmf"	"SpTRCmf"	"SpTRCmf"	
"0x2300 'Room4\Room4.SpTRCmf'"	"0x010D"	"Room4.SpTRCmf"	"Room4.SpTRCmf"	"Room4.SpTRCmf"	"Room4.SpTRCmf"	"Room4.SpTRCmf"	"Room4.SpTRCmf"	"Room4.SpTRCmf"	"Room4.SpTRCmf"	
"0x2300 'Room4\Room4.SpTRCmf'"	"0x1102"	"°C"	"°C"	"°C"	"°C"	"°C"	"°C"	"°C"	"°C"	
"0x2202 'Room4\Room4.PltMod'"	"0x1100"	"PltMod"	"PltMod"	"PltMod"	"PltMod"	"PltMod"	"PltMod"	"PltMod"	"PltMod"	
"0x2202 'Room4\Room4.PltMod'"	"0x010D"	"Room4.PltMod"	"Room4.PltMod"	"Room4.PltMod"	"Room4.PltMod"	"Room4.PltMod"	"Room4.PltMod"	"Room4.PltMod"	"Room4.PltMod"	
"0x2202 'Room4\Room4.PltMod'"	"0x1101"	"Null*Auto*Off*Ctl*Flt"	"Null*Auto*Off*Ctl*Flt"	"Null*Auto*Off*Ctl*Flt"	"Null*Auto*Off*Ctl*Flt"	"Null*Auto*Off*Ctl*Flt"	"Null*Auto*Off*Ctl*Flt"	"Null*Auto*Off*Ctl*Flt"	"Null*Auto*Off*Ctl*Flt"	
"0x2308 'Room4\Room4.VlvCtl'"	"0x1100"	"VlvCtl"	"VlvCtl"	"VlvCtl"	"VlvCtl"	"VlvCtl"	"VlvCtl"	"VlvCtl"	"VlvCtl"	
"0x2308 'Room4\Room4.VlvCtl'"	"0x010D"	"Room4.VlvCtl"	"Room4.VlvCtl"	"Room4.VlvCtl"	"Room4.VlvCtl"	"Room4.VlvCtl"	"Room4.VlvCtl"	"Room4.VlvCtl"	"Room4.VlvCtl"	
"0x2202 'Room4\Room4.VlvCtl.AggrMod'"	"0x1100"	"AggrMod"	"AggrMod"	"AggrMod"	"AggrMod"	"AggrMod"	"AggrMod"	"AggrMod"	"AggrMod"	
"0x2202 'Room4\Room4.VlvCtl.AggrMod'"	"0x010D"	"Room4.VlvCtl.AggrMod"	"Room4.VlvCtl.AggrMod"	"Room4.VlvCtl.AggrMod"	"Room4.VlvCtl.AggrMod"	"Room4.VlvCtl.AggrMod"	"Room4.VlvCtl.AggrMod"	"Room4.VlvCtl.AggrMod"	"Room4.VlvCtl.AggrMod"	
"0x2202 'Room4\Room4.VlvCtl.AggrMod'"	"0x1101"	"Auto*Off*On*Dmd*Loop*Low*High*Swi*Last*LoopDmd"	"Auto*Off*On*Dmd*Loop*Low*High*Swi*Last*LoopDmd"	"Auto*Off*On*Dmd*Loop*Low*High*Swi*Last*LoopDmd"	"Auto*Off*On*Dmd*Loop*Low*High*Swi*Last*LoopDmd"	"Auto*Off*On*Dmd*Loop*Low*High*Swi*Last*LoopDmd"	"Auto*Off*On*Dmd*Loop*Low*High*Swi*Last*LoopDmd"	"Auto*Off*On*Dmd*Loop*Low*High*Swi*Last*LoopDmd"	"Auto*Off*On*Dmd*Loop*Low*High*Swi*Last*LoopDmd"	
"0x2300 'Room4\Room4.VlvCtl.Low'"	"0x1100"	"Low"	"Low"	"Low"	"Low"	"Low"	"Low"	"Low"	"Low"	
"0x2300 'Room4\Room4.VlvCtl.Low'"	"0x010D"	"Room4.VlvCtl.Low"	"Room4.VlvCtl.Low"	"Room4.VlvCtl.Low"	"Room4.VlvCtl.Low"	"Room4.VlvCtl.Low"	"Room4.VlvCtl.Low"	"Room4.VlvCtl.Low"	"Room4.VlvCtl.Low"	
"0x2300 'Room4\Room4.VlvCtl.Low'"	"0x1102"	"%"	"%"	"%"	"%"	"%"	"%"	"%"	"%"	
"0x2300 'Room4\Room4.VlvCtl.High'"	"0x1100"	"High"	"High"	"High"	"High"	"High"	"High"	"High"	"High"	
"0x2300 'Room4\Room4.VlvCtl.High'"	"0x010D"	"Room4.VlvCtl.High"	"Room4.VlvCtl.High"	"Room4.VlvCtl.High"	"Room4.VlvCtl.High"	"Room4.VlvCtl.High"	"Room4.VlvCtl.High"	"Room4.VlvCtl.High"	"Room4.VlvCtl.High"	
"0x2300 'Room4\Room4.VlvCtl.High'"	"0x1102"	"%"	"%"	"%"	"%"	"%"	"%"	"%"	"%"	
"0x2300 'Room4\Room4.VlvCtl.TiDly'"	"0x1100"	"TiDly"	"TiDly"	"TiDly"	"TiDly"	"TiDly"	"TiDly"	"TiDly"	"TiDly"	
"0x2300 'Room4\Room4.VlvCtl.TiDly'"	"0x010D"	"Room4.VlvCtl.TiDly"	"Room4.VlvCtl.TiDly"	"Room4.VlvCtl.TiDly"	"Room4.VlvCtl.TiDly"	"Room4.VlvCtl.TiDly"	"Room4.VlvCtl.TiDly"	"Room4.VlvCtl.TiDly"	"Room4.VlvCtl.TiDly"	
"0x2300 'Room4\Room4.VlvCtl.TiDly'"	"0x1102"	"s"	"s"	"s"	"s"	"s"	"s"	"s"	"s"	
"0x2300 'Room4\Room4.VlvCtl.SwiOn'"	"0x1100"	"SwiOn"	"SwiOn"	"SwiOn"	"SwiOn"	"SwiOn"	"SwiOn"	"SwiOn"	"SwiOn"	
"0x2300 'Room4\Room4.VlvCtl.SwiOn'"	"0x010D"	"Room4.VlvCtl.SwiOn"	"Room4.VlvCtl.SwiOn"	"Room4.VlvCtl.SwiOn"	"Room4.VlvCtl.SwiOn"	"Room4.VlvCtl.SwiOn"	"Room4.VlvCtl.SwiOn"	"Room4.VlvCtl.SwiOn"	"Room4.VlvCtl.SwiOn"	
"0x2300 'Room4\Room4.VlvCtl.SwiOn'"	"0x1102"	"%"	"%"	"%"	"%"	"%"	"%"	"%"	"%"	
"0x2300 'Room4\Room4.VlvCtl.SwiOff'"	"0x1100"	"SwiOff"	"SwiOff"	"SwiOff"	"SwiOff"	"SwiOff"	"SwiOff"	"SwiOff"	"SwiOff"	
"0x2300 'Room4\Room4.VlvCtl.SwiOff'"	"0x010D"	"Room4.VlvCtl.SwiOff"	"Room4.VlvCtl.SwiOff"	"Room4.VlvCtl.SwiOff"	"Room4.VlvCtl.SwiOff"	"Room4.VlvCtl.SwiOff"	"Room4.VlvCtl.SwiOff"	"Room4.VlvCtl.SwiOff"	"Room4.VlvCtl.SwiOff"	
"0x2300 'Room4\Room4.VlvCtl.SwiOff'"	"0x1102"	"%"	"%"	"%"	"%"	"%"	"%"	"%"	"%"	
"0x2305 'Room4\Room4.VlvCtl.Ctl'"	"0x1100"	"Ctl"	"Ctl"	"Ctl"	"Ctl"	"Ctl"	"Ctl"	"Ctl"	"Ctl"	
"0x2305 'Room4\Room4.VlvCtl.Ctl'"	"0x010D"	"Room4.VlvCtl.Ctl"	"Room4.VlvCtl.Ctl"	"Room4.VlvCtl.Ctl"	"Room4.VlvCtl.Ctl"	"Room4.VlvCtl.Ctl"	"Room4.VlvCtl.Ctl"	"Room4.VlvCtl.Ctl"	"Room4.VlvCtl.Ctl"	
"0x2305 'Room4\Room4.VlvCtl.Ctl'"	"0x1102"	"°C"	"°C"	"°C"	"°C"	"°C"	"°C"	"°C"	"°C"	
"0x2305 'Room4\Room4.VlvCtl.Ctl'"	"0x1200"	"GESP*OG*UG*REG*Y-NV*UDEF"	"GESP*OG*UG*REG*Y-NV*UDEF"	"GESP*OG*UG*REG*Y-NV*UDEF"	"GESP*OG*UG*REG*Y-NV*UDEF"	"GESP*OG*UG*REG*Y-NV*UDEF"	"GESP*OG*UG*REG*Y-NV*UDEF"	"GESP*OG*UG*REG*Y-NV*UDEF"	"GESP*OG*UG*REG*Y-NV*UDEF"	
"0x2308 'Room4\Room4.Vlv2'"	"0x1100"	"Vlv2"	"Vlv2"	"Vlv2"	"Vlv2"	"Vlv2"	"Vlv2"	"Vlv2"	"Vlv2"	
"0x2308 'Room4\Room4.Vlv2'"	"0x010D"	"Room4.Vlv2"	"Room4.Vlv2"	"Room4.Vlv2"	"Room4.Vlv2"	"Room4.Vlv2"	"Room4.Vlv2"	"Room4.Vlv2"	"Room4.Vlv2"	
"0x2304 'Room4\Room4.Vlv2.RefIO'"	"0x1100"	"RefIO"	"RefIO"	"RefIO"	"RefIO"	"RefIO"	"RefIO"	"RefIO"	"RefIO"	
"0x2304 'Room4\Room4.Vlv2.RefIO'"	"0x010D"	"Room4.Vlv2.RefIO"	"Room4.Vlv2.RefIO"	"Room4.Vlv2.RefIO"	"Room4.Vlv2.RefIO"	"Room4.Vlv2.RefIO"	"Room4.Vlv2.RefIO"	"Room4.Vlv2.RefIO"	"Room4.Vlv2.RefIO"	
"0x2206 'Room4\Room4.Vlv2.Cmd'"	"0x1100"	"Cmd"	"Cmd"	"Cmd"	"Cmd"	"Cmd"	"Cmd"	"Cmd"	"Cmd"	
"0x2206 'Room4\Room4.Vlv2.Cmd'"	"0x010D"	"Room4.Vlv2.Cmd"	"Room4.Vlv2.Cmd"	"Room4.Vlv2.Cmd"	"Room4.Vlv2.Cmd"	"Room4.Vlv2.Cmd"	"Room4.Vlv2.Cmd"	"Room4.Vlv2.Cmd"	"Room4.Vlv2.Cmd"	
"0x2206 'Room4\Room4.Vlv2.Cmd'"	"0x1102"	"%"	"%"	"%"	"%"	"%"	"%"	"%"	"%"	
"0x2206 'Room4\Room4.Vlv2.Cmd'"	"0x1214"	"%"	"%"	"%"	"%"	"%"	"%"	"%"	"%"	
"0x2310 'Room4\Room4.Vlv2.Pos'"	"0x1100"	"Pos"	"Pos"	"Pos"	"Pos"	"Pos"	"Pos"	"Pos"	"Pos"	
"0x2310 'Room4\Room4.Vlv2.Pos'"	"0x010D"	"Room4.Vlv2.Pos"	"Room4.Vlv2.Pos"	"Room4.Vlv2.Pos"	"Room4.Vlv2.Pos"	"Room4.Vlv2.Pos"	"Room4.Vlv2.Pos"	"Room4.Vlv2.Pos"	"Room4.Vlv2.Pos"	
"0x2310 'Room4\Room4.Vlv2.Pos'"	"0x1101"	"Idle*Pos+*Pos-*Sync+*Sync-"	"Idle*Pos+*Pos-*Sync+*Sync-"	"Idle*Pos+*Pos-*Sync+*Sync-"	"Idle*Pos+*Pos-*Sync+*Sync-"	"Idle*Pos+*Pos-*Sync+*Sync-"	"Idle*Pos+*Pos-*Sync+*Sync-"	"Idle*Pos+*Pos-*Sync+*Sync-"	"Idle*Pos+*Pos-*Sync+*Sync-"	
"0x2308 'Room4\Room4.Vlv'"	"0x1100"	"Vlv"	"Vlv"	"Vlv"	"Vlv"	"Vlv"	"Vlv"	"Vlv"	"Vlv"	
"0x2308 'Room4\Room4.Vlv'"	"0x010D"	"Room4.Vlv"	"Room4.Vlv"	"Room4.Vlv"	"Room4.Vlv"	"Room4.Vlv"	"Room4.Vlv"	"Room4.Vlv"	"Room4.Vlv"	
"0x2304 'Room4\Room4.Vlv.RefIO'"	"0x1100"	"RefIO"	"RefIO"	"RefIO"	"RefIO"	"RefIO"	"RefIO"	"RefIO"	"RefIO"	
"0x2304 'Room4\Room4.Vlv.RefIO'"	"0x010D"	"Room4.Vlv.RefIO"	"Room4.Vlv.RefIO"	"Room4.Vlv.RefIO"	"Room4.Vlv.RefIO"	"Room4.Vlv.RefIO"	"Room4.Vlv.RefIO"	"Room4.Vlv.RefIO"	"Room4.Vlv.RefIO"	
"0x2206 'Room4\Room4.Vlv.Cmd'"	"0x1100"	"Cmd"	"Cmd"	"Cmd"	"Cmd"	"Cmd"	"Cmd"	"Cmd"	"Cmd"	
"0x2206 'Room4\Room4.Vlv.Cmd'"	"0x010D"	"Room4.Vlv.Cmd"	"Room4.Vlv.Cmd"	"Room4.Vlv.Cmd"	"Room4.Vlv.Cmd"	"Room4.Vlv.Cmd"	"Room4.Vlv.Cmd"	"Room4.Vlv.Cmd"	"Room4.Vlv.Cmd"	
"0x2206 'Room4\Room4.Vlv.Cmd'"	"0x1102"	"%"	"%"	"%"	"%"	"%"	"%"	"%"	"%"	
"0x2206 'Room4\Room4.Vlv.Cmd'"	"0x1214"	"%"	"%"	"%"	"%"	"%"	"%"	"%"	"%"	
"0x2310 'Room4\Room4.Vlv.Pos'"	"0x1100"	"Pos"	"Pos"	"Pos"	"Pos"	"Pos"	"Pos"	"Pos"	"Pos"	
"0x2310 'Room4\Room4.Vlv.Pos'"	"0x010D"	"Room4.Vlv.Pos"	"Room4.Vlv.Pos"	"Room4.Vlv.Pos"	"Room4.Vlv.Pos"	"Room4.Vlv.Pos"	"Room4.Vlv.Pos"	"Room4.Vlv.Pos"	"Room4.Vlv.Pos"	
"0x2310 'Room4\Room4.Vlv.Pos'"	"0x1101"	"Idle*Pos+*Pos-*Sync+*Sync-"	"Idle*Pos+*Pos-*Sync+*Sync-"	"Idle*Pos+*Pos-*Sync+*Sync-"	"Idle*Pos+*Pos-*Sync+*Sync-"	"Idle*Pos+*Pos-*Sync+*Sync-"	"Idle*Pos+*Pos-*Sync+*Sync-"	"Idle*Pos+*Pos-*Sync+*Sync-"	"Idle*Pos+*Pos-*Sync+*Sync-"	
"0x2308 'Room4\Room4.Vlv3'"	"0x1100"	"Vlv3"	"Vlv3"	"Vlv3"	"Vlv3"	"Vlv3"	"Vlv3"	"Vlv3"	"Vlv3"	
"0x2308 'Room4\Room4.Vlv3'"	"0x010D"	"Room4.Vlv3"	"Room4.Vlv3"	"Room4.Vlv3"	"Room4.Vlv3"	"Room4.Vlv3"	"Room4.Vlv3"	"Room4.Vlv3"	"Room4.Vlv3"	
"0x2304 'Room4\Room4.Vlv3.RefIO'"	"0x1100"	"RefIO"	"RefIO"	"RefIO"	"RefIO"	"RefIO"	"RefIO"	"RefIO"	"RefIO"	
"0x2304 'Room4\Room4.Vlv3.RefIO'"	"0x010D"	"Room4.Vlv3.RefIO"	"Room4.Vlv3.RefIO"	"Room4.Vlv3.RefIO"	"Room4.Vlv3.RefIO"	"Room4.Vlv3.RefIO"	"Room4.Vlv3.RefIO"	"Room4.Vlv3.RefIO"	"Room4.Vlv3.RefIO"	
"0x2206 'Room4\Room4.Vlv3.Cmd'"	"0x1100"	"Cmd"	"Cmd"	"Cmd"	"Cmd"	"Cmd"	"Cmd"	"Cmd"	"Cmd"	
"0x2206 'Room4\Room4.Vlv3.Cmd'"	"0x010D"	"Room4.Vlv3.Cmd"	"Room4.Vlv3.Cmd"	"Room4.Vlv3.Cmd"	"Room4.Vlv3.Cmd"	"Room4.Vlv3.Cmd"	"Room4.Vlv3.Cmd"	"Room4.Vlv3.Cmd"	"Room4.Vlv3.Cmd"	
"0x2206 'Room4\Room4.Vlv3.Cmd'"	"0x1102"	"%"	"%"	"%"	"%"	"%"	"%"	"%"	"%"	
"0x2206 'Room4\Room4.Vlv3.Cmd'"	"0x1214"	"%"	"%"	"%"	"%"	"%"	"%"	"%"	"%"	
"0x2310 'Room4\Room4.Vlv3.Pos'"	"0x1100"	"Pos"	"Pos"	"Pos"	"Pos"	"Pos"	"Pos"	"Pos"	"Pos"	
"0x2310 'Room4\Room4.Vlv3.Pos'"	"0x010D"	"Room4.Vlv3.Pos"	"Room4.Vlv3.Pos"	"Room4.Vlv3.Pos"	"Room4.Vlv3.Pos"	"Room4.Vlv3.Pos"	"Room4.Vlv3.Pos"	"Room4.Vlv3.Pos"	"Room4.Vlv3.Pos"	
"0x2310 'Room4\Room4.Vlv3.Pos'"	"0x1101"	"Idle*Pos+*Pos-*Sync+*Sync-"	"Idle*Pos+*Pos-*Sync+*Sync-"	"Idle*Pos+*Pos-*Sync+*Sync-"	"Idle*Pos+*Pos-*Sync+*Sync-"	"Idle*Pos+*Pos-*Sync+*Sync-"	"Idle*Pos+*Pos-*Sync+*Sync-"	"Idle*Pos+*Pos-*Sync+*Sync-"	"Idle*Pos+*Pos-*Sync+*Sync-"	
"0x2308 'Room4\Room4.Vlv4'"	"0x1100"	"Vlv4"	"Vlv4"	"Vlv4"	"Vlv4"	"Vlv4"	"Vlv4"	"Vlv4"	"Vlv4"	
"0x2308 'Room4\Room4.Vlv4'"	"0x010D"	"Room4.Vlv4"	"Room4.Vlv4"	"Room4.Vlv4"	"Room4.Vlv4"	"Room4.Vlv4"	"Room4.Vlv4"	"Room4.Vlv4"	"Room4.Vlv4"	
"0x2304 'Room4\Room4.Vlv4.RefIO'"	"0x1100"	"RefIO"	"RefIO"	"RefIO"	"RefIO"	"RefIO"	"RefIO"	"RefIO"	"RefIO"	
"0x2304 'Room4\Room4.Vlv4.RefIO'"	"0x010D"	"Room4.Vlv4.RefIO"	"Room4.Vlv4.RefIO"	"Room4.Vlv4.RefIO"	"Room4.Vlv4.RefIO"	"Room4.Vlv4.RefIO"	"Room4.Vlv4.RefIO"	"Room4.Vlv4.RefIO"	"Room4.Vlv4.RefIO"	
"0x2206 'Room4\Room4.Vlv4.Cmd'"	"0x1100"	"Cmd"	"Cmd"	"Cmd"	"Cmd"	"Cmd"	"Cmd"	"Cmd"	"Cmd"	
"0x2206 'Room4\Room4.Vlv4.Cmd'"	"0x010D"	"Room4.Vlv4.Cmd"	"Room4.Vlv4.Cmd"	"Room4.Vlv4.Cmd"	"Room4.Vlv4.Cmd"	"Room4.Vlv4.Cmd"	"Room4.Vlv4.Cmd"	"Room4.Vlv4.Cmd"	"Room4.Vlv4.Cmd"	
"0x2206 'Room4\Room4.Vlv4.Cmd'"	"0x1102"	"%"	"%"	"%"	"%"	"%"	"%"	"%"	"%"	
"0x2206 'Room4\Room4.Vlv4.Cmd'"	"0x1214"	"%"	"%"	"%"	"%"	"%"	"%"	"%"	"%"	
"0x2310 'Room4\Room4.Vlv4.Pos'"	"0x1100"	"Pos"	"Pos"	"Pos"	"Pos"	"Pos"	"Pos"	"Pos"	"Pos"	
"0x2310 'Room4\Room4.Vlv4.Pos'"	"0x010D"	"Room4.Vlv4.Pos"	"Room4.Vlv4.Pos"	"Room4.Vlv4.Pos"	"Room4.Vlv4.Pos"	"Room4.Vlv4.Pos"	"Room4.Vlv4.Pos"	"Room4.Vlv4.Pos"	"Room4.Vlv4.Pos"	
"0x2310 'Room4\Room4.Vlv4.Pos'"	"0x1101"	"Idle*Pos+*Pos-*Sync+*Sync-"	"Idle*Pos+*Pos-*Sync+*Sync-"	"Idle*Pos+*Pos-*Sync+*Sync-"	"Idle*Pos+*Pos-*Sync+*Sync-"	"Idle*Pos+*Pos-*Sync+*Sync-"	"Idle*Pos+*Pos-*Sync+*Sync-"	"Idle*Pos+*Pos-*Sync+*Sync-"	"Idle*Pos+*Pos-*Sync+*Sync-"	
"0x2304 'Room4\Room4.Ime'"	"0x1100"	"Ime"	"Ime"	"Ime"	"Ime"	"Ime"	"Ime"	"Ime"	"Ime"	
"0x2304 'Room4\Room4.Ime'"	"0x010D"	"Room4.Ime"	"Room4.Ime"	"Room4.Ime"	"Room4.Ime"	"Room4.Ime"	"Room4.Ime"	"Room4.Ime"	"Room4.Ime"	
"0x2309 '0x031D\Room5'"	"0x1100"	"Room5"	"Room5"	"Room5"	"Room5"	"Room5"	"Room5"	"Room5"	"Room5"	
"0x2309 '0x031D\Room5'"	"0x010D"	"Room5"	"Room5"	"Room5"	"Room5"	"Room5"	"Room5"	"Room5"	"Room5"	
"0x2308 'Room5\Room5.TR'"	"0x1100"	"TR"	"TR"	"TR"	"TR"	"TR"	"TR"	"TR"	"TR"	
"0x2308 'Room5\Room5.TR'"	"0x010D"	"Room5.TR"	"Room5.TR"	"Room5.TR"	"Room5.TR"	"Room5.TR"	"Room5.TR"	"Room5.TR"	"Room5.TR"	
"0x2300 'Room5\Room5.TR.SpTiCom'"	"0x1100"	"SpTiCom"	"SpTiCom"	"SpTiCom"	"SpTiCom"	"SpTiCom"	"SpTiCom"	"SpTiCom"	"SpTiCom"	
"0x2300 'Room5\Room5.TR.SpTiCom'"	"0x010D"	"Room5.TR.SpTiCom"	"Room5.TR.SpTiCom"	"Room5.TR.SpTiCom"	"Room5.TR.SpTiCom"	"Room5.TR.SpTiCom"	"Room5.TR.SpTiCom"	"Room5.TR.SpTiCom"	"Room5.TR.SpTiCom"	
"0x2300 'Room5\Room5.TR.SpTiCom'"	"0x1102"	"s"	"s"	"s"	"s"	"s"	"s"	"s"	"s"	
"0x2203 'Room5\Room5.TR.Val'"	"0x1100"	"Val"	"Val"	"Val"	"Val"	"Val"	"Val"	"Val"	"Val"	
"0x2203 'Room5\Room5.TR.Val'"	"0x010D"	"Room5.TR.Val"	"Room5.TR.Val"	"Room5.TR.Val"	"Room5.TR.Val"	"Room5.TR.Val"	"Room5.TR.Val"	"Room5.TR.Val"	"Room5.TR.Val"	
"0x2203 'Room5\Room5.TR.Val'"	"0x1102"	"°C"	"°C"	"°C"	"°C"	"°C"	"°C"	"°C"	"°C"	
"0x2203 'Room5\Room5.TR.Val'"	"0x1214"	"dK"	"dK"	"dK"	"dK"	"dK"	"dK"	"dK"	"dK"	
"0x2308 'Room5\Room5.CndMon2'"	"0x1100"	"CndMon2"	"CndMon2"	"CndMon2"	"CndMon2"	"CndMon2"	"CndMon2"	"CndMon2"	"CndMon2"	
"0x2308 'Room5\Room5.CndMon2'"	"0x010D"	"Room5.CndMon2"	"Room5.CndMon2"	"Room5.CndMon2"	"Room5.CndMon2"	"Room5.CndMon2"	"Room5.CndMon2"	"Room5.CndMon2"	"Room5.CndMon2"	
"0x2304 'Room5\Room5.CndMon2.RefIO'"	"0x1100"	"RefIO"	"RefIO"	"RefIO"	"RefIO"	"RefIO"	"RefIO"	"RefIO"	"RefIO"	
"0x2304 'Room5\Room5.CndMon2.RefIO'"	"0x010D"	"Room5.CndMon2.RefIO"	"Room5.CndMon2.RefIO"	"Room5.CndMon2.RefIO"	"Room5.CndMon2.RefIO"	"Room5.CndMon2.RefIO"	"Room5.CndMon2.RefIO"	"Room5.CndMon2.RefIO"	"Room5.CndMon2.RefIO"	
"0x2204 'Room5\Room5.CndMon2.Val'"	"0x1100"	"Val"	"Val"	"Val"	"Val"	"Val"	"Val"	"Val"	"Val"	
"0x2204 'Room5\Room5.CndMon2.Val'"	"0x010D"	"Room5.CndMon2.Val"	"Room5.CndMon2.Val"	"Room5.CndMon2.Val"	"Room5.CndMon2.Val"	"Room5.CndMon2.Val"	"Room5.CndMon2.Val"	"Room5.CndMon2.Val"	"Room5.CndMon2.Val"	
"0x2204 'Room5\Room5.CndMon2.Val'"	"0x1101"	"Passive*Active*Null"	"Passive*Active*Null"	"Passive*Active*Null"	"Passive*Active*Null"	"Passive*Active*Null"	"Passive*Active*Null"	"Passive*Active*Null"	"Passive*Active*Null"	
"0x2308 'Room5\Room5.CndMon'"	"0x1100"	"CndMon"	"CndMon"	"CndMon"	"CndMon"	"CndMon"	"CndMon"	"CndMon"	"CndMon"	
"0x2308 'Room5\Room5.CndMon'"	"0x010D"	"Room5.CndMon"	"Room5.CndMon"	"Room5.CndMon"	"Room5.CndMon"	"Room5.CndMon"	"Room5.CndMon"	"Room5.CndMon"	"Room5.CndMon"	
"0x2304 'Room5\Room5.CndMon.RefIO'"	"0x1100"	"RefIO"	"RefIO"	"RefIO"	"RefIO"	"RefIO"	"RefIO"	"RefIO"	"RefIO"	
"0x2304 'Room5\Room5.CndMon.RefIO'"	"0x010D"	"Room5.CndMon.RefIO"	"Room5.CndMon.RefIO"	"Room5.CndMon.RefIO"	"Room5.CndMon.RefIO"	"Room5.CndMon.RefIO"	"Room5.CndMon.RefIO"	"Room5.CndMon.RefIO"	"Room5.CndMon.RefIO"	
"0x2204 'Room5\Room5.CndMon.Val'"	"0x1100"	"Val"	"Val"	"Val"	"Val"	"Val"	"Val"	"Val"	"Val"	
"0x2204 'Room5\Room5.CndMon.Val'"	"0x010D"	"Room5.CndMon.Val"	"Room5.CndMon.Val"	"Room5.CndMon.Val"	"Room5.CndMon.Val"	"Room5.CndMon.Val"	"Room5.CndMon.Val"	"Room5.CndMon.Val"	"Room5.CndMon.Val"	
"0x2204 'Room5\Room5.CndMon.Val'"	"0x1101"	"Passive*Active*Null"	"Passive*Active*Null"	"Passive*Active*Null"	"Passive*Active*Null"	"Passive*Active*Null"	"Passive*Active*Null"	"Passive*Active*Null"	"Passive*Active*Null"	
"0x2308 'Room5\Room5.CndMon3'"	"0x1100"	"CndMon3"	"CndMon3"	"CndMon3"	"CndMon3"	"CndMon3"	"CndMon3"	"CndMon3"	"CndMon3"	
"0x2308 'Room5\Room5.CndMon3'"	"0x010D"	"Room5.CndMon3"	"Room5.CndMon3"	"Room5.CndMon3"	"Room5.CndMon3"	"Room5.CndMon3"	"Room5.CndMon3"	"Room5.CndMon3"	"Room5.CndMon3"	
"0x2304 'Room5\Room5.CndMon3.RefIO'"	"0x1100"	"RefIO"	"RefIO"	"RefIO"	"RefIO"	"RefIO"	"RefIO"	"RefIO"	"RefIO"	
"0x2304 'Room5\Room5.CndMon3.RefIO'"	"0x010D"	"Room5.CndMon3.RefIO"	"Room5.CndMon3.RefIO"	"Room5.CndMon3.RefIO"	"Room5.CndMon3.RefIO"	"Room5.CndMon3.RefIO"	"Room5.CndMon3.RefIO"	"Room5.CndMon3.RefIO"	"Room5.CndMon3.RefIO"	
"0x2204 'Room5\Room5.CndMon3.Val'"	"0x1100"	"Val"	"Val"	"Val"	"Val"	"Val"	"Val"	"Val"	"Val"	
"0x2204 'Room5\Room5.CndMon3.Val'"	"0x010D"	"Room5.CndMon3.Val"	"Room5.CndMon3.Val"	"Room5.CndMon3.Val"	"Room5.CndMon3.Val"	"Room5.CndMon3.Val"	"Room5.CndMon3.Val"	"Room5.CndMon3.Val"	"Room5.CndMon3.Val"	
"0x2204 'Room5\Room5.CndMon3.Val'"	"0x1101"	"Passive*Active*Null"	"Passive*Active*Null"	"Passive*Active*Null"	"Passive*Active*Null"	"Passive*Active*Null"	"Passive*Active*Null"	"Passive*Active*Null"	"Passive*Active*Null"	
"0x2308 'Room5\Room5.CndMon4'"	"0x1100"	"CndMon4"	"CndMon4"	"CndMon4"	"CndMon4"	"CndMon4"	"CndMon4"	"CndMon4"	"CndMon4"	
"0x2308 'Room5\Room5.CndMon4'"	"0x010D"	"Room5.CndMon4"	"Room5.CndMon4"	"Room5.CndMon4"	"Room5.CndMon4"	"Room5.CndMon4"	"Room5.CndMon4"	"Room5.CndMon4"	"Room5.CndMon4"	
"0x2304 'Room5\Room5.CndMon4.RefIO'"	"0x1100"	"RefIO"	"RefIO"	"RefIO"	"RefIO"	"RefIO"	"RefIO"	"RefIO"	"RefIO"	
"0x2304 'Room5\Room5.CndMon4.RefIO'"	"0x010D"	"Room5.CndMon4.RefIO"	"Room5.CndMon4.RefIO"	"Room5.CndMon4.RefIO"	"Room5.CndMon4.RefIO"	"Room5.CndMon4.RefIO"	"Room5.CndMon4.RefIO"	"Room5.CndMon4.RefIO"	"Room5.CndMon4.RefIO"	
"0x2204 'Room5\Room5.CndMon4.Val'"	"0x1100"	"Val"	"Val"	"Val"	"Val"	"Val"	"Val"	"Val"	"Val"	
"0x2204 'Room5\Room5.CndMon4.Val'"	"0x010D"	"Room5.CndMon4.Val"	"Room5.CndMon4.Val"	"Room5.CndMon4.Val"	"Room5.CndMon4.Val"	"Room5.CndMon4.Val"	"Room5.CndMon4.Val"	"Room5.CndMon4.Val"	"Room5.CndMon4.Val"	
"0x2204 'Room5\Room5.CndMon4.Val'"	"0x1101"	"Passive*Active*Null"	"Passive*Active*Null"	"Passive*Active*Null"	"Passive*Active*Null"	"Passive*Active*Null"	"Passive*Active*Null"	"Passive*Active*Null"	"Passive*Active*Null"	
"0x2302 'Room5\Room5.OpModMan'"	"0x1100"	"OpModMan"	"OpModMan"	"OpModMan"	"OpModMan"	"OpModMan"	"OpModMan"	"OpModMan"	"OpModMan"	
"0x2302 'Room5\Room5.OpModMan'"	"0x010D"	"Room5.OpModMan"	"Room5.OpModMan"	"Room5.OpModMan"	"Room5.OpModMan"	"Room5.OpModMan"	"Room5.OpModMan"	"Room5.OpModMan"	"Room5.OpModMan"	
"0x2302 'Room5\Room5.OpModMan'"	"0x1101"	"Prt*Eco*Cmf*Auto"	"Prt*Eco*Cmf*Auto"	"Prt*Eco*Cmf*Auto"	"Prt*Eco*Cmf*Auto"	"Prt*Eco*Cmf*Auto"	"Prt*Eco*Cmf*Auto"	"Prt*Eco*Cmf*Auto"	"Prt*Eco*Cmf*Auto"	
"0x2302 'Room5\Room5.ShedSel'"	"0x1100"	"ShedSel"	"ShedSel"	"ShedSel"	"ShedSel"	"ShedSel"	"ShedSel"	"ShedSel"	"ShedSel"	
"0x2302 'Room5\Room5.ShedSel'"	"0x010D"	"Room5.ShedSel"	"Room5.ShedSel"	"Room5.ShedSel"	"Room5.ShedSel"	"Room5.ShedSel"	"Room5.ShedSel"	"Room5.ShedSel"	"Room5.ShedSel"	
"0x2302 'Room5\Room5.ShedSel'"	"0x1101"	"TSP_1*TSP_2*TSP_3"	"TSP_1*TSP_2*TSP_3"	"TSP_1*TSP_2*TSP_3"	"TSP_1*TSP_2*TSP_3"	"TSP_1*TSP_2*TSP_3"	"TSP_1*TSP_2*TSP_3"	"TSP_1*TSP_2*TSP_3"	"TSP_1*TSP_2*TSP_3"	
"0x2300 'Room5\Room5.SpTRPrt'"	"0x1100"	"SpTRPrt"	"SpTRPrt"	"SpTRPrt"	"SpTRPrt"	"SpTRPrt"	"SpTRPrt"	"SpTRPrt"	"SpTRPrt"	
"0x2300 'Room5\Room5.SpTRPrt'"	"0x010D"	"Room5.SpTRPrt"	"Room5.SpTRPrt"	"Room5.SpTRPrt"	"Room5.SpTRPrt"	"Room5.SpTRPrt"	"Room5.SpTRPrt"	"Room5.SpTRPrt"	"Room5.SpTRPrt"	
"0x2300 'Room5\Room5.SpTRPrt'"	"0x1102"	"°C"	"°C"	"°C"	"°C"	"°C"	"°C"	"°C"	"°C"	
"0x2300 'Room5\Room5.SpTREco'"	"0x1100"	"SpTREco"	"SpTREco"	"SpTREco"	"SpTREco"	"SpTREco"	"SpTREco"	"SpTREco"	"SpTREco"	
"0x2300 'Room5\Room5.SpTREco'"	"0x010D"	"Room5.SpTREco"	"Room5.SpTREco"	"Room5.SpTREco"	"Room5.SpTREco"	"Room5.SpTREco"	"Room5.SpTREco"	"Room5.SpTREco"	"Room5.SpTREco"	
"0x2300 'Room5\Room5.SpTREco'"	"0x1102"	"°C"	"°C"	"°C"	"°C"	"°C"	"°C"	"°C"	"°C"	
"0x2300 'Room5\Room5.SpTRCmf'"	"0x1100"	"SpTRCmf"	"SpTRCmf"	"SpTRCmf"	"SpTRCmf"	"SpTRCmf"	"SpTRCmf"	"SpTRCmf"	"SpTRCmf"	
"0x2300 'Room5\Room5.SpTRCmf'"	"0x010D"	"Room5.SpTRCmf"	"Room5.SpTRCmf"	"Room5.SpTRCmf"	"Room5.SpTRCmf"	"Room5.SpTRCmf"	"Room5.SpTRCmf"	"Room5.SpTRCmf"	"Room5.SpTRCmf"	
"0x2300 'Room5\Room5.SpTRCmf'"	"0x1102"	"°C"	"°C"	"°C"	"°C"	"°C"	"°C"	"°C"	"°C"	
"0x2202 'Room5\Room5.PltMod'"	"0x1100"	"PltMod"	"PltMod"	"PltMod"	"PltMod"	"PltMod"	"PltMod"	"PltMod"	"PltMod"	
"0x2202 'Room5\Room5.PltMod'"	"0x010D"	"Room5.PltMod"	"Room5.PltMod"	"Room5.PltMod"	"Room5.PltMod"	"Room5.PltMod"	"Room5.PltMod"	"Room5.PltMod"	"Room5.PltMod"	
"0x2202 'Room5\Room5.PltMod'"	"0x1101"	"Null*Auto*Off*Ctl*Flt"	"Null*Auto*Off*Ctl*Flt"	"Null*Auto*Off*Ctl*Flt"	"Null*Auto*Off*Ctl*Flt"	"Null*Auto*Off*Ctl*Flt"	"Null*Auto*Off*Ctl*Flt"	"Null*Auto*Off*Ctl*Flt"	"Null*Auto*Off*Ctl*Flt"	
"0x2308 'Room5\Room5.VlvCtl'"	"0x1100"	"VlvCtl"	"VlvCtl"	"VlvCtl"	"VlvCtl"	"VlvCtl"	"VlvCtl"	"VlvCtl"	"VlvCtl"	
"0x2308 'Room5\Room5.VlvCtl'"	"0x010D"	"Room5.VlvCtl"	"Room5.VlvCtl"	"Room5.VlvCtl"	"Room5.VlvCtl"	"Room5.VlvCtl"	"Room5.VlvCtl"	"Room5.VlvCtl"	"Room5.VlvCtl"	
"0x2202 'Room5\Room5.VlvCtl.AggrMod'"	"0x1100"	"AggrMod"	"AggrMod"	"AggrMod"	"AggrMod"	"AggrMod"	"AggrMod"	"AggrMod"	"AggrMod"	
"0x2202 'Room5\Room5.VlvCtl.AggrMod'"	"0x010D"	"Room5.VlvCtl.AggrMod"	"Room5.VlvCtl.AggrMod"	"Room5.VlvCtl.AggrMod"	"Room5.VlvCtl.AggrMod"	"Room5.VlvCtl.AggrMod"	"Room5.VlvCtl.AggrMod"	"Room5.VlvCtl.AggrMod"	"Room5.VlvCtl.AggrMod"	
"0x2202 'Room5\Room5.VlvCtl.AggrMod'"	"0x1101"	"Auto*Off*On*Dmd*Loop*Low*High*Swi*Last*LoopDmd"	"Auto*Off*On*Dmd*Loop*Low*High*Swi*Last*LoopDmd"	"Auto*Off*On*Dmd*Loop*Low*High*Swi*Last*LoopDmd"	"Auto*Off*On*Dmd*Loop*Low*High*Swi*Last*LoopDmd"	"Auto*Off*On*Dmd*Loop*Low*High*Swi*Last*LoopDmd"	"Auto*Off*On*Dmd*Loop*Low*High*Swi*Last*LoopDmd"	"Auto*Off*On*Dmd*Loop*Low*High*Swi*Last*LoopDmd"	"Auto*Off*On*Dmd*Loop*Low*High*Swi*Last*LoopDmd"	
"0x2300 'Room5\Room5.VlvCtl.Low'"	"0x1100"	"Low"	"Low"	"Low"	"Low"	"Low"	"Low"	"Low"	"Low"	
"0x2300 'Room5\Room5.VlvCtl.Low'"	"0x010D"	"Room5.VlvCtl.Low"	"Room5.VlvCtl.Low"	"Room5.VlvCtl.Low"	"Room5.VlvCtl.Low"	"Room5.VlvCtl.Low"	"Room5.VlvCtl.Low"	"Room5.VlvCtl.Low"	"Room5.VlvCtl.Low"	
"0x2300 'Room5\Room5.VlvCtl.Low'"	"0x1102"	"%"	"%"	"%"	"%"	"%"	"%"	"%"	"%"	
"0x2300 'Room5\Room5.VlvCtl.High'"	"0x1100"	"High"	"High"	"High"	"High"	"High"	"High"	"High"	"High"	
"0x2300 'Room5\Room5.VlvCtl.High'"	"0x010D"	"Room5.VlvCtl.High"	"Room5.VlvCtl.High"	"Room5.VlvCtl.High"	"Room5.VlvCtl.High"	"Room5.VlvCtl.High"	"Room5.VlvCtl.High"	"Room5.VlvCtl.High"	"Room5.VlvCtl.High"	
"0x2300 'Room5\Room5.VlvCtl.High'"	"0x1102"	"%"	"%"	"%"	"%"	"%"	"%"	"%"	"%"	
"0x2300 'Room5\Room5.VlvCtl.TiDly'"	"0x1100"	"TiDly"	"TiDly"	"TiDly"	"TiDly"	"TiDly"	"TiDly"	"TiDly"	"TiDly"	
"0x2300 'Room5\Room5.VlvCtl.TiDly'"	"0x010D"	"Room5.VlvCtl.TiDly"	"Room5.VlvCtl.TiDly"	"Room5.VlvCtl.TiDly"	"Room5.VlvCtl.TiDly"	"Room5.VlvCtl.TiDly"	"Room5.VlvCtl.TiDly"	"Room5.VlvCtl.TiDly"	"Room5.VlvCtl.TiDly"	
"0x2300 'Room5\Room5.VlvCtl.TiDly'"	"0x1102"	"s"	"s"	"s"	"s"	"s"	"s"	"s"	"s"	
"0x2300 'Room5\Room5.VlvCtl.SwiOn'"	"0x1100"	"SwiOn"	"SwiOn"	"SwiOn"	"SwiOn"	"SwiOn"	"SwiOn"	"SwiOn"	"SwiOn"	
"0x2300 'Room5\Room5.VlvCtl.SwiOn'"	"0x010D"	"Room5.VlvCtl.SwiOn"	"Room5.VlvCtl.SwiOn"	"Room5.VlvCtl.SwiOn"	"Room5.VlvCtl.SwiOn"	"Room5.VlvCtl.SwiOn"	"Room5.VlvCtl.SwiOn"	"Room5.VlvCtl.SwiOn"	"Room5.VlvCtl.SwiOn"	
"0x2300 'Room5\Room5.VlvCtl.SwiOn'"	"0x1102"	"%"	"%"	"%"	"%"	"%"	"%"	"%"	"%"	
"0x2300 'Room5\Room5.VlvCtl.SwiOff'"	"0x1100"	"SwiOff"	"SwiOff"	"SwiOff"	"SwiOff"	"SwiOff"	"SwiOff"	"SwiOff"	"SwiOff"	
"0x2300 'Room5\Room5.VlvCtl.SwiOff'"	"0x010D"	"Room5.VlvCtl.SwiOff"	"Room5.VlvCtl.SwiOff"	"Room5.VlvCtl.SwiOff"	"Room5.VlvCtl.SwiOff"	"Room5.VlvCtl.SwiOff"	"Room5.VlvCtl.SwiOff"	"Room5.VlvCtl.SwiOff"	"Room5.VlvCtl.SwiOff"	
"0x2300 'Room5\Room5.VlvCtl.SwiOff'"	"0x1102"	"%"	"%"	"%"	"%"	"%"	"%"	"%"	"%"	
"0x2305 'Room5\Room5.VlvCtl.Ctl'"	"0x1100"	"Ctl"	"Ctl"	"Ctl"	"Ctl"	"Ctl"	"Ctl"	"Ctl"	"Ctl"	
"0x2305 'Room5\Room5.VlvCtl.Ctl'"	"0x010D"	"Room5.VlvCtl.Ctl"	"Room5.VlvCtl.Ctl"	"Room5.VlvCtl.Ctl"	"Room5.VlvCtl.Ctl"	"Room5.VlvCtl.Ctl"	"Room5.VlvCtl.Ctl"	"Room5.VlvCtl.Ctl"	"Room5.VlvCtl.Ctl"	
"0x2305 'Room5\Room5.VlvCtl.Ctl'"	"0x1102"	"°C"	"°C"	"°C"	"°C"	"°C"	"°C"	"°C"	"°C"	
"0x2305 'Room5\Room5.VlvCtl.Ctl'"	"0x1200"	"GESP*OG*UG*REG*Y-NV*UDEF"	"GESP*OG*UG*REG*Y-NV*UDEF"	"GESP*OG*UG*REG*Y-NV*UDEF"	"GESP*OG*UG*REG*Y-NV*UDEF"	"GESP*OG*UG*REG*Y-NV*UDEF"	"GESP*OG*UG*REG*Y-NV*UDEF"	"GESP*OG*UG*REG*Y-NV*UDEF"	"GESP*OG*UG*REG*Y-NV*UDEF"	
"0x2308 'Room5\Room5.Vlv2'"	"0x1100"	"Vlv2"	"Vlv2"	"Vlv2"	"Vlv2"	"Vlv2"	"Vlv2"	"Vlv2"	"Vlv2"	
"0x2308 'Room5\Room5.Vlv2'"	"0x010D"	"Room5.Vlv2"	"Room5.Vlv2"	"Room5.Vlv2"	"Room5.Vlv2"	"Room5.Vlv2"	"Room5.Vlv2"	"Room5.Vlv2"	"Room5.Vlv2"	
"0x2304 'Room5\Room5.Vlv2.RefIO'"	"0x1100"	"RefIO"	"RefIO"	"RefIO"	"RefIO"	"RefIO"	"RefIO"	"RefIO"	"RefIO"	
"0x2304 'Room5\Room5.Vlv2.RefIO'"	"0x010D"	"Room5.Vlv2.RefIO"	"Room5.Vlv2.RefIO"	"Room5.Vlv2.RefIO"	"Room5.Vlv2.RefIO"	"Room5.Vlv2.RefIO"	"Room5.Vlv2.RefIO"	"Room5.Vlv2.RefIO"	"Room5.Vlv2.RefIO"	
"0x2206 'Room5\Room5.Vlv2.Cmd'"	"0x1100"	"Cmd"	"Cmd"	"Cmd"	"Cmd"	"Cmd"	"Cmd"	"Cmd"	"Cmd"	
"0x2206 'Room5\Room5.Vlv2.Cmd'"	"0x010D"	"Room5.Vlv2.Cmd"	"Room5.Vlv2.Cmd"	"Room5.Vlv2.Cmd"	"Room5.Vlv2.Cmd"	"Room5.Vlv2.Cmd"	"Room5.Vlv2.Cmd"	"Room5.Vlv2.Cmd"	"Room5.Vlv2.Cmd"	
"0x2206 'Room5\Room5.Vlv2.Cmd'"	"0x1102"	"%"	"%"	"%"	"%"	"%"	"%"	"%"	"%"	
"0x2206 'Room5\Room5.Vlv2.Cmd'"	"0x1214"	"%"	"%"	"%"	"%"	"%"	"%"	"%"	"%"	
"0x2310 'Room5\Room5.Vlv2.Pos'"	"0x1100"	"Pos"	"Pos"	"Pos"	"Pos"	"Pos"	"Pos"	"Pos"	"Pos"	
"0x2310 'Room5\Room5.Vlv2.Pos'"	"0x010D"	"Room5.Vlv2.Pos"	"Room5.Vlv2.Pos"	"Room5.Vlv2.Pos"	"Room5.Vlv2.Pos"	"Room5.Vlv2.Pos"	"Room5.Vlv2.Pos"	"Room5.Vlv2.Pos"	"Room5.Vlv2.Pos"	
"0x2310 'Room5\Room5.Vlv2.Pos'"	"0x1101"	"Idle*Pos+*Pos-*Sync+*Sync-"	"Idle*Pos+*Pos-*Sync+*Sync-"	"Idle*Pos+*Pos-*Sync+*Sync-"	"Idle*Pos+*Pos-*Sync+*Sync-"	"Idle*Pos+*Pos-*Sync+*Sync-"	"Idle*Pos+*Pos-*Sync+*Sync-"	"Idle*Pos+*Pos-*Sync+*Sync-"	"Idle*Pos+*Pos-*Sync+*Sync-"	
"0x2308 'Room5\Room5.Vlv'"	"0x1100"	"Vlv"	"Vlv"	"Vlv"	"Vlv"	"Vlv"	"Vlv"	"Vlv"	"Vlv"	
"0x2308 'Room5\Room5.Vlv'"	"0x010D"	"Room5.Vlv"	"Room5.Vlv"	"Room5.Vlv"	"Room5.Vlv"	"Room5.Vlv"	"Room5.Vlv"	"Room5.Vlv"	"Room5.Vlv"	
"0x2304 'Room5\Room5.Vlv.RefIO'"	"0x1100"	"RefIO"	"RefIO"	"RefIO"	"RefIO"	"RefIO"	"RefIO"	"RefIO"	"RefIO"	
"0x2304 'Room5\Room5.Vlv.RefIO'"	"0x010D"	"Room5.Vlv.RefIO"	"Room5.Vlv.RefIO"	"Room5.Vlv.RefIO"	"Room5.Vlv.RefIO"	"Room5.Vlv.RefIO"	"Room5.Vlv.RefIO"	"Room5.Vlv.RefIO"	"Room5.Vlv.RefIO"	
"0x2206 'Room5\Room5.Vlv.Cmd'"	"0x1100"	"Cmd"	"Cmd"	"Cmd"	"Cmd"	"Cmd"	"Cmd"	"Cmd"	"Cmd"	
"0x2206 'Room5\Room5.Vlv.Cmd'"	"0x010D"	"Room5.Vlv.Cmd"	"Room5.Vlv.Cmd"	"Room5.Vlv.Cmd"	"Room5.Vlv.Cmd"	"Room5.Vlv.Cmd"	"Room5.Vlv.Cmd"	"Room5.Vlv.Cmd"	"Room5.Vlv.Cmd"	
"0x2206 'Room5\Room5.Vlv.Cmd'"	"0x1102"	"%"	"%"	"%"	"%"	"%"	"%"	"%"	"%"	
"0x2206 'Room5\Room5.Vlv.Cmd'"	"0x1214"	"%"	"%"	"%"	"%"	"%"	"%"	"%"	"%"	
"0x2310 'Room5\Room5.Vlv.Pos'"	"0x1100"	"Pos"	"Pos"	"Pos"	"Pos"	"Pos"	"Pos"	"Pos"	"Pos"	
"0x2310 'Room5\Room5.Vlv.Pos'"	"0x010D"	"Room5.Vlv.Pos"	"Room5.Vlv.Pos"	"Room5.Vlv.Pos"	"Room5.Vlv.Pos"	"Room5.Vlv.Pos"	"Room5.Vlv.Pos"	"Room5.Vlv.Pos"	"Room5.Vlv.Pos"	
"0x2310 'Room5\Room5.Vlv.Pos'"	"0x1101"	"Idle*Pos+*Pos-*Sync+*Sync-"	"Idle*Pos+*Pos-*Sync+*Sync-"	"Idle*Pos+*Pos-*Sync+*Sync-"	"Idle*Pos+*Pos-*Sync+*Sync-"	"Idle*Pos+*Pos-*Sync+*Sync-"	"Idle*Pos+*Pos-*Sync+*Sync-"	"Idle*Pos+*Pos-*Sync+*Sync-"	"Idle*Pos+*Pos-*Sync+*Sync-"	
"0x2308 'Room5\Room5.Vlv3'"	"0x1100"	"Vlv3"	"Vlv3"	"Vlv3"	"Vlv3"	"Vlv3"	"Vlv3"	"Vlv3"	"Vlv3"	
"0x2308 'Room5\Room5.Vlv3'"	"0x010D"	"Room5.Vlv3"	"Room5.Vlv3"	"Room5.Vlv3"	"Room5.Vlv3"	"Room5.Vlv3"	"Room5.Vlv3"	"Room5.Vlv3"	"Room5.Vlv3"	
"0x2304 'Room5\Room5.Vlv3.RefIO'"	"0x1100"	"RefIO"	"RefIO"	"RefIO"	"RefIO"	"RefIO"	"RefIO"	"RefIO"	"RefIO"	
"0x2304 'Room5\Room5.Vlv3.RefIO'"	"0x010D"	"Room5.Vlv3.RefIO"	"Room5.Vlv3.RefIO"	"Room5.Vlv3.RefIO"	"Room5.Vlv3.RefIO"	"Room5.Vlv3.RefIO"	"Room5.Vlv3.RefIO"	"Room5.Vlv3.RefIO"	"Room5.Vlv3.RefIO"	
"0x2206 'Room5\Room5.Vlv3.Cmd'"	"0x1100"	"Cmd"	"Cmd"	"Cmd"	"Cmd"	"Cmd"	"Cmd"	"Cmd"	"Cmd"	
"0x2206 'Room5\Room5.Vlv3.Cmd'"	"0x010D"	"Room5.Vlv3.Cmd"	"Room5.Vlv3.Cmd"	"Room5.Vlv3.Cmd"	"Room5.Vlv3.Cmd"	"Room5.Vlv3.Cmd"	"Room5.Vlv3.Cmd"	"Room5.Vlv3.Cmd"	"Room5.Vlv3.Cmd"	
"0x2206 'Room5\Room5.Vlv3.Cmd'"	"0x1102"	"%"	"%"	"%"	"%"	"%"	"%"	"%"	"%"	
"0x2206 'Room5\Room5.Vlv3.Cmd'"	"0x1214"	"%"	"%"	"%"	"%"	"%"	"%"	"%"	"%"	
"0x2310 'Room5\Room5.Vlv3.Pos'"	"0x1100"	"Pos"	"Pos"	"Pos"	"Pos"	"Pos"	"Pos"	"Pos"	"Pos"	
"0x2310 'Room5\Room5.Vlv3.Pos'"	"0x010D"	"Room5.Vlv3.Pos"	"Room5.Vlv3.Pos"	"Room5.Vlv3.Pos"	"Room5.Vlv3.Pos"	"Room5.Vlv3.Pos"	"Room5.Vlv3.Pos"	"Room5.Vlv3.Pos"	"Room5.Vlv3.Pos"	
"0x2310 'Room5\Room5.Vlv3.Pos'"	"0x1101"	"Idle*Pos+*Pos-*Sync+*Sync-"	"Idle*Pos+*Pos-*Sync+*Sync-"	"Idle*Pos+*Pos-*Sync+*Sync-"	"Idle*Pos+*Pos-*Sync+*Sync-"	"Idle*Pos+*Pos-*Sync+*Sync-"	"Idle*Pos+*Pos-*Sync+*Sync-"	"Idle*Pos+*Pos-*Sync+*Sync-"	"Idle*Pos+*Pos-*Sync+*Sync-"	
"0x2308 'Room5\Room5.Vlv4'"	"0x1100"	"Vlv4"	"Vlv4"	"Vlv4"	"Vlv4"	"Vlv4"	"Vlv4"	"Vlv4"	"Vlv4"	
"0x2308 'Room5\Room5.Vlv4'"	"0x010D"	"Room5.Vlv4"	"Room5.Vlv4"	"Room5.Vlv4"	"Room5.Vlv4"	"Room5.Vlv4"	"Room5.Vlv4"	"Room5.Vlv4"	"Room5.Vlv4"	
"0x2304 'Room5\Room5.Vlv4.RefIO'"	"0x1100"	"RefIO"	"RefIO"	"RefIO"	"RefIO"	"RefIO"	"RefIO"	"RefIO"	"RefIO"	
"0x2304 'Room5\Room5.Vlv4.RefIO'"	"0x010D"	"Room5.Vlv4.RefIO"	"Room5.Vlv4.RefIO"	"Room5.Vlv4.RefIO"	"Room5.Vlv4.RefIO"	"Room5.Vlv4.RefIO"	"Room5.Vlv4.RefIO"	"Room5.Vlv4.RefIO"	"Room5.Vlv4.RefIO"	
"0x2206 'Room5\Room5.Vlv4.Cmd'"	"0x1100"	"Cmd"	"Cmd"	"Cmd"	"Cmd"	"Cmd"	"Cmd"	"Cmd"	"Cmd"	
"0x2206 'Room5\Room5.Vlv4.Cmd'"	"0x010D"	"Room5.Vlv4.Cmd"	"Room5.Vlv4.Cmd"	"Room5.Vlv4.Cmd"	"Room5.Vlv4.Cmd"	"Room5.Vlv4.Cmd"	"Room5.Vlv4.Cmd"	"Room5.Vlv4.Cmd"	"Room5.Vlv4.Cmd"	
"0x2206 'Room5\Room5.Vlv4.Cmd'"	"0x1102"	"%"	"%"	"%"	"%"	"%"	"%"	"%"	"%"	
"0x2206 'Room5\Room5.Vlv4.Cmd'"	"0x1214"	"%"	"%"	"%"	"%"	"%"	"%"	"%"	"%"	
"0x2310 'Room5\Room5.Vlv4.Pos'"	"0x1100"	"Pos"	"Pos"	"Pos"	"Pos"	"Pos"	"Pos"	"Pos"	"Pos"	
"0x2310 'Room5\Room5.Vlv4.Pos'"	"0x010D"	"Room5.Vlv4.Pos"	"Room5.Vlv4.Pos"	"Room5.Vlv4.Pos"	"Room5.Vlv4.Pos"	"Room5.Vlv4.Pos"	"Room5.Vlv4.Pos"	"Room5.Vlv4.Pos"	"Room5.Vlv4.Pos"	
"0x2310 'Room5\Room5.Vlv4.Pos'"	"0x1101"	"Idle*Pos+*Pos-*Sync+*Sync-"	"Idle*Pos+*Pos-*Sync+*Sync-"	"Idle*Pos+*Pos-*Sync+*Sync-"	"Idle*Pos+*Pos-*Sync+*Sync-"	"Idle*Pos+*Pos-*Sync+*Sync-"	"Idle*Pos+*Pos-*Sync+*Sync-"	"Idle*Pos+*Pos-*Sync+*Sync-"	"Idle*Pos+*Pos-*Sync+*Sync-"	
"0x2304 'Room5\Room5.Ime'"	"0x1100"	"Ime"	"Ime"	"Ime"	"Ime"	"Ime"	"Ime"	"Ime"	"Ime"	
"0x2304 'Room5\Room5.Ime'"	"0x010D"	"Room5.Ime"	"Room5.Ime"	"Room5.Ime"	"Room5.Ime"	"Room5.Ime"	"Room5.Ime"	"Room5.Ime"	"Room5.Ime"	
"0x2309 '0x031D\Room6'"	"0x1100"	"Room6"	"Room6"	"Room6"	"Room6"	"Room6"	"Room6"	"Room6"	"Room6"	
"0x2309 '0x031D\Room6'"	"0x010D"	"Room6"	"Room6"	"Room6"	"Room6"	"Room6"	"Room6"	"Room6"	"Room6"	
"0x2308 'Room6\Room6.TR'"	"0x1100"	"TR"	"TR"	"TR"	"TR"	"TR"	"TR"	"TR"	"TR"	
"0x2308 'Room6\Room6.TR'"	"0x010D"	"Room6.TR"	"Room6.TR"	"Room6.TR"	"Room6.TR"	"Room6.TR"	"Room6.TR"	"Room6.TR"	"Room6.TR"	
"0x2300 'Room6\Room6.TR.SpTiCom'"	"0x1100"	"SpTiCom"	"SpTiCom"	"SpTiCom"	"SpTiCom"	"SpTiCom"	"SpTiCom"	"SpTiCom"	"SpTiCom"	
"0x2300 'Room6\Room6.TR.SpTiCom'"	"0x010D"	"Room6.TR.SpTiCom"	"Room6.TR.SpTiCom"	"Room6.TR.SpTiCom"	"Room6.TR.SpTiCom"	"Room6.TR.SpTiCom"	"Room6.TR.SpTiCom"	"Room6.TR.SpTiCom"	"Room6.TR.SpTiCom"	
"0x2300 'Room6\Room6.TR.SpTiCom'"	"0x1102"	"s"	"s"	"s"	"s"	"s"	"s"	"s"	"s"	
"0x2203 'Room6\Room6.TR.Val'"	"0x1100"	"Val"	"Val"	"Val"	"Val"	"Val"	"Val"	"Val"	"Val"	
"0x2203 'Room6\Room6.TR.Val'"	"0x010D"	"Room6.TR.Val"	"Room6.TR.Val"	"Room6.TR.Val"	"Room6.TR.Val"	"Room6.TR.Val"	"Room6.TR.Val"	"Room6.TR.Val"	"Room6.TR.Val"	
"0x2203 'Room6\Room6.TR.Val'"	"0x1102"	"°C"	"°C"	"°C"	"°C"	"°C"	"°C"	"°C"	"°C"	
"0x2203 'Room6\Room6.TR.Val'"	"0x1214"	"dK"	"dK"	"dK"	"dK"	"dK"	"dK"	"dK"	"dK"	
"0x2308 'Room6\Room6.CndMon2'"	"0x1100"	"CndMon2"	"CndMon2"	"CndMon2"	"CndMon2"	"CndMon2"	"CndMon2"	"CndMon2"	"CndMon2"	
"0x2308 'Room6\Room6.CndMon2'"	"0x010D"	"Room6.CndMon2"	"Room6.CndMon2"	"Room6.CndMon2"	"Room6.CndMon2"	"Room6.CndMon2"	"Room6.CndMon2"	"Room6.CndMon2"	"Room6.CndMon2"	
"0x2304 'Room6\Room6.CndMon2.RefIO'"	"0x1100"	"RefIO"	"RefIO"	"RefIO"	"RefIO"	"RefIO"	"RefIO"	"RefIO"	"RefIO"	
"0x2304 'Room6\Room6.CndMon2.RefIO'"	"0x010D"	"Room6.CndMon2.RefIO"	"Room6.CndMon2.RefIO"	"Room6.CndMon2.RefIO"	"Room6.CndMon2.RefIO"	"Room6.CndMon2.RefIO"	"Room6.CndMon2.RefIO"	"Room6.CndMon2.RefIO"	"Room6.CndMon2.RefIO"	
"0x2204 'Room6\Room6.CndMon2.Val'"	"0x1100"	"Val"	"Val"	"Val"	"Val"	"Val"	"Val"	"Val"	"Val"	
"0x2204 'Room6\Room6.CndMon2.Val'"	"0x010D"	"Room6.CndMon2.Val"	"Room6.CndMon2.Val"	"Room6.CndMon2.Val"	"Room6.CndMon2.Val"	"Room6.CndMon2.Val"	"Room6.CndMon2.Val"	"Room6.CndMon2.Val"	"Room6.CndMon2.Val"	
"0x2204 'Room6\Room6.CndMon2.Val'"	"0x1101"	"Passive*Active*Null"	"Passive*Active*Null"	"Passive*Active*Null"	"Passive*Active*Null"	"Passive*Active*Null"	"Passive*Active*Null"	"Passive*Active*Null"	"Passive*Active*Null"	
"0x2308 'Room6\Room6.CndMon'"	"0x1100"	"CndMon"	"CndMon"	"CndMon"	"CndMon"	"CndMon"	"CndMon"	"CndMon"	"CndMon"	
"0x2308 'Room6\Room6.CndMon'"	"0x010D"	"Room6.CndMon"	"Room6.CndMon"	"Room6.CndMon"	"Room6.CndMon"	"Room6.CndMon"	"Room6.CndMon"	"Room6.CndMon"	"Room6.CndMon"	
"0x2304 'Room6\Room6.CndMon.RefIO'"	"0x1100"	"RefIO"	"RefIO"	"RefIO"	"RefIO"	"RefIO"	"RefIO"	"RefIO"	"RefIO"	
"0x2304 'Room6\Room6.CndMon.RefIO'"	"0x010D"	"Room6.CndMon.RefIO"	"Room6.CndMon.RefIO"	"Room6.CndMon.RefIO"	"Room6.CndMon.RefIO"	"Room6.CndMon.RefIO"	"Room6.CndMon.RefIO"	"Room6.CndMon.RefIO"	"Room6.CndMon.RefIO"	
"0x2204 'Room6\Room6.CndMon.Val'"	"0x1100"	"Val"	"Val"	"Val"	"Val"	"Val"	"Val"	"Val"	"Val"	
"0x2204 'Room6\Room6.CndMon.Val'"	"0x010D"	"Room6.CndMon.Val"	"Room6.CndMon.Val"	"Room6.CndMon.Val"	"Room6.CndMon.Val"	"Room6.CndMon.Val"	"Room6.CndMon.Val"	"Room6.CndMon.Val"	"Room6.CndMon.Val"	
"0x2204 'Room6\Room6.CndMon.Val'"	"0x1101"	"Passive*Active*Null"	"Passive*Active*Null"	"Passive*Active*Null"	"Passive*Active*Null"	"Passive*Active*Null"	"Passive*Active*Null"	"Passive*Active*Null"	"Passive*Active*Null"	
"0x2308 'Room6\Room6.CndMon3'"	"0x1100"	"CndMon3"	"CndMon3"	"CndMon3"	"CndMon3"	"CndMon3"	"CndMon3"	"CndMon3"	"CndMon3"	
"0x2308 'Room6\Room6.CndMon3'"	"0x010D"	"Room6.CndMon3"	"Room6.CndMon3"	"Room6.CndMon3"	"Room6.CndMon3"	"Room6.CndMon3"	"Room6.CndMon3"	"Room6.CndMon3"	"Room6.CndMon3"	
"0x2304 'Room6\Room6.CndMon3.RefIO'"	"0x1100"	"RefIO"	"RefIO"	"RefIO"	"RefIO"	"RefIO"	"RefIO"	"RefIO"	"RefIO"	
"0x2304 'Room6\Room6.CndMon3.RefIO'"	"0x010D"	"Room6.CndMon3.RefIO"	"Room6.CndMon3.RefIO"	"Room6.CndMon3.RefIO"	"Room6.CndMon3.RefIO"	"Room6.CndMon3.RefIO"	"Room6.CndMon3.RefIO"	"Room6.CndMon3.RefIO"	"Room6.CndMon3.RefIO"	
"0x2204 'Room6\Room6.CndMon3.Val'"	"0x1100"	"Val"	"Val"	"Val"	"Val"	"Val"	"Val"	"Val"	"Val"	
"0x2204 'Room6\Room6.CndMon3.Val'"	"0x010D"	"Room6.CndMon3.Val"	"Room6.CndMon3.Val"	"Room6.CndMon3.Val"	"Room6.CndMon3.Val"	"Room6.CndMon3.Val"	"Room6.CndMon3.Val"	"Room6.CndMon3.Val"	"Room6.CndMon3.Val"	
"0x2204 'Room6\Room6.CndMon3.Val'"	"0x1101"	"Passive*Active*Null"	"Passive*Active*Null"	"Passive*Active*Null"	"Passive*Active*Null"	"Passive*Active*Null"	"Passive*Active*Null"	"Passive*Active*Null"	"Passive*Active*Null"	
"0x2308 'Room6\Room6.CndMon4'"	"0x1100"	"CndMon4"	"CndMon4"	"CndMon4"	"CndMon4"	"CndMon4"	"CndMon4"	"CndMon4"	"CndMon4"	
"0x2308 'Room6\Room6.CndMon4'"	"0x010D"	"Room6.CndMon4"	"Room6.CndMon4"	"Room6.CndMon4"	"Room6.CndMon4"	"Room6.CndMon4"	"Room6.CndMon4"	"Room6.CndMon4"	"Room6.CndMon4"	
"0x2304 'Room6\Room6.CndMon4.RefIO'"	"0x1100"	"RefIO"	"RefIO"	"RefIO"	"RefIO"	"RefIO"	"RefIO"	"RefIO"	"RefIO"	
"0x2304 'Room6\Room6.CndMon4.RefIO'"	"0x010D"	"Room6.CndMon4.RefIO"	"Room6.CndMon4.RefIO"	"Room6.CndMon4.RefIO"	"Room6.CndMon4.RefIO"	"Room6.CndMon4.RefIO"	"Room6.CndMon4.RefIO"	"Room6.CndMon4.RefIO"	"Room6.CndMon4.RefIO"	
"0x2204 'Room6\Room6.CndMon4.Val'"	"0x1100"	"Val"	"Val"	"Val"	"Val"	"Val"	"Val"	"Val"	"Val"	
"0x2204 'Room6\Room6.CndMon4.Val'"	"0x010D"	"Room6.CndMon4.Val"	"Room6.CndMon4.Val"	"Room6.CndMon4.Val"	"Room6.CndMon4.Val"	"Room6.CndMon4.Val"	"Room6.CndMon4.Val"	"Room6.CndMon4.Val"	"Room6.CndMon4.Val"	
"0x2204 'Room6\Room6.CndMon4.Val'"	"0x1101"	"Passive*Active*Null"	"Passive*Active*Null"	"Passive*Active*Null"	"Passive*Active*Null"	"Passive*Active*Null"	"Passive*Active*Null"	"Passive*Active*Null"	"Passive*Active*Null"	
"0x2302 'Room6\Room6.OpModMan'"	"0x1100"	"OpModMan"	"OpModMan"	"OpModMan"	"OpModMan"	"OpModMan"	"OpModMan"	"OpModMan"	"OpModMan"	
"0x2302 'Room6\Room6.OpModMan'"	"0x010D"	"Room6.OpModMan"	"Room6.OpModMan"	"Room6.OpModMan"	"Room6.OpModMan"	"Room6.OpModMan"	"Room6.OpModMan"	"Room6.OpModMan"	"Room6.OpModMan"	
"0x2302 'Room6\Room6.OpModMan'"	"0x1101"	"Prt*Eco*Cmf*Auto"	"Prt*Eco*Cmf*Auto"	"Prt*Eco*Cmf*Auto"	"Prt*Eco*Cmf*Auto"	"Prt*Eco*Cmf*Auto"	"Prt*Eco*Cmf*Auto"	"Prt*Eco*Cmf*Auto"	"Prt*Eco*Cmf*Auto"	
"0x2302 'Room6\Room6.ShedSel'"	"0x1100"	"ShedSel"	"ShedSel"	"ShedSel"	"ShedSel"	"ShedSel"	"ShedSel"	"ShedSel"	"ShedSel"	
"0x2302 'Room6\Room6.ShedSel'"	"0x010D"	"Room6.ShedSel"	"Room6.ShedSel"	"Room6.ShedSel"	"Room6.ShedSel"	"Room6.ShedSel"	"Room6.ShedSel"	"Room6.ShedSel"	"Room6.ShedSel"	
"0x2302 'Room6\Room6.ShedSel'"	"0x1101"	"TSP_1*TSP_2*TSP_3"	"TSP_1*TSP_2*TSP_3"	"TSP_1*TSP_2*TSP_3"	"TSP_1*TSP_2*TSP_3"	"TSP_1*TSP_2*TSP_3"	"TSP_1*TSP_2*TSP_3"	"TSP_1*TSP_2*TSP_3"	"TSP_1*TSP_2*TSP_3"	
"0x2300 'Room6\Room6.SpTRPrt'"	"0x1100"	"SpTRPrt"	"SpTRPrt"	"SpTRPrt"	"SpTRPrt"	"SpTRPrt"	"SpTRPrt"	"SpTRPrt"	"SpTRPrt"	
"0x2300 'Room6\Room6.SpTRPrt'"	"0x010D"	"Room6.SpTRPrt"	"Room6.SpTRPrt"	"Room6.SpTRPrt"	"Room6.SpTRPrt"	"Room6.SpTRPrt"	"Room6.SpTRPrt"	"Room6.SpTRPrt"	"Room6.SpTRPrt"	
"0x2300 'Room6\Room6.SpTRPrt'"	"0x1102"	"°C"	"°C"	"°C"	"°C"	"°C"	"°C"	"°C"	"°C"	
"0x2300 'Room6\Room6.SpTREco'"	"0x1100"	"SpTREco"	"SpTREco"	"SpTREco"	"SpTREco"	"SpTREco"	"SpTREco"	"SpTREco"	"SpTREco"	
"0x2300 'Room6\Room6.SpTREco'"	"0x010D"	"Room6.SpTREco"	"Room6.SpTREco"	"Room6.SpTREco"	"Room6.SpTREco"	"Room6.SpTREco"	"Room6.SpTREco"	"Room6.SpTREco"	"Room6.SpTREco"	
"0x2300 'Room6\Room6.SpTREco'"	"0x1102"	"°C"	"°C"	"°C"	"°C"	"°C"	"°C"	"°C"	"°C"	
"0x2300 'Room6\Room6.SpTRCmf'"	"0x1100"	"SpTRCmf"	"SpTRCmf"	"SpTRCmf"	"SpTRCmf"	"SpTRCmf"	"SpTRCmf"	"SpTRCmf"	"SpTRCmf"	
"0x2300 'Room6\Room6.SpTRCmf'"	"0x010D"	"Room6.SpTRCmf"	"Room6.SpTRCmf"	"Room6.SpTRCmf"	"Room6.SpTRCmf"	"Room6.SpTRCmf"	"Room6.SpTRCmf"	"Room6.SpTRCmf"	"Room6.SpTRCmf"	
"0x2300 'Room6\Room6.SpTRCmf'"	"0x1102"	"°C"	"°C"	"°C"	"°C"	"°C"	"°C"	"°C"	"°C"	
"0x2202 'Room6\Room6.PltMod'"	"0x1100"	"PltMod"	"PltMod"	"PltMod"	"PltMod"	"PltMod"	"PltMod"	"PltMod"	"PltMod"	
"0x2202 'Room6\Room6.PltMod'"	"0x010D"	"Room6.PltMod"	"Room6.PltMod"	"Room6.PltMod"	"Room6.PltMod"	"Room6.PltMod"	"Room6.PltMod"	"Room6.PltMod"	"Room6.PltMod"	
"0x2202 'Room6\Room6.PltMod'"	"0x1101"	"Null*Auto*Off*Ctl*Flt"	"Null*Auto*Off*Ctl*Flt"	"Null*Auto*Off*Ctl*Flt"	"Null*Auto*Off*Ctl*Flt"	"Null*Auto*Off*Ctl*Flt"	"Null*Auto*Off*Ctl*Flt"	"Null*Auto*Off*Ctl*Flt"	"Null*Auto*Off*Ctl*Flt"	
"0x2308 'Room6\Room6.VlvCtl'"	"0x1100"	"VlvCtl"	"VlvCtl"	"VlvCtl"	"VlvCtl"	"VlvCtl"	"VlvCtl"	"VlvCtl"	"VlvCtl"	
"0x2308 'Room6\Room6.VlvCtl'"	"0x010D"	"Room6.VlvCtl"	"Room6.VlvCtl"	"Room6.VlvCtl"	"Room6.VlvCtl"	"Room6.VlvCtl"	"Room6.VlvCtl"	"Room6.VlvCtl"	"Room6.VlvCtl"	
"0x2202 'Room6\Room6.VlvCtl.AggrMod'"	"0x1100"	"AggrMod"	"AggrMod"	"AggrMod"	"AggrMod"	"AggrMod"	"AggrMod"	"AggrMod"	"AggrMod"	
"0x2202 'Room6\Room6.VlvCtl.AggrMod'"	"0x010D"	"Room6.VlvCtl.AggrMod"	"Room6.VlvCtl.AggrMod"	"Room6.VlvCtl.AggrMod"	"Room6.VlvCtl.AggrMod"	"Room6.VlvCtl.AggrMod"	"Room6.VlvCtl.AggrMod"	"Room6.VlvCtl.AggrMod"	"Room6.VlvCtl.AggrMod"	
"0x2202 'Room6\Room6.VlvCtl.AggrMod'"	"0x1101"	"Auto*Off*On*Dmd*Loop*Low*High*Swi*Last*LoopDmd"	"Auto*Off*On*Dmd*Loop*Low*High*Swi*Last*LoopDmd"	"Auto*Off*On*Dmd*Loop*Low*High*Swi*Last*LoopDmd"	"Auto*Off*On*Dmd*Loop*Low*High*Swi*Last*LoopDmd"	"Auto*Off*On*Dmd*Loop*Low*High*Swi*Last*LoopDmd"	"Auto*Off*On*Dmd*Loop*Low*High*Swi*Last*LoopDmd"	"Auto*Off*On*Dmd*Loop*Low*High*Swi*Last*LoopDmd"	"Auto*Off*On*Dmd*Loop*Low*High*Swi*Last*LoopDmd"	
"0x2300 'Room6\Room6.VlvCtl.Low'"	"0x1100"	"Low"	"Low"	"Low"	"Low"	"Low"	"Low"	"Low"	"Low"	
"0x2300 'Room6\Room6.VlvCtl.Low'"	"0x010D"	"Room6.VlvCtl.Low"	"Room6.VlvCtl.Low"	"Room6.VlvCtl.Low"	"Room6.VlvCtl.Low"	"Room6.VlvCtl.Low"	"Room6.VlvCtl.Low"	"Room6.VlvCtl.Low"	"Room6.VlvCtl.Low"	
"0x2300 'Room6\Room6.VlvCtl.Low'"	"0x1102"	"%"	"%"	"%"	"%"	"%"	"%"	"%"	"%"	
"0x2300 'Room6\Room6.VlvCtl.High'"	"0x1100"	"High"	"High"	"High"	"High"	"High"	"High"	"High"	"High"	
"0x2300 'Room6\Room6.VlvCtl.High'"	"0x010D"	"Room6.VlvCtl.High"	"Room6.VlvCtl.High"	"Room6.VlvCtl.High"	"Room6.VlvCtl.High"	"Room6.VlvCtl.High"	"Room6.VlvCtl.High"	"Room6.VlvCtl.High"	"Room6.VlvCtl.High"	
"0x2300 'Room6\Room6.VlvCtl.High'"	"0x1102"	"%"	"%"	"%"	"%"	"%"	"%"	"%"	"%"	
"0x2300 'Room6\Room6.VlvCtl.TiDly'"	"0x1100"	"TiDly"	"TiDly"	"TiDly"	"TiDly"	"TiDly"	"TiDly"	"TiDly"	"TiDly"	
"0x2300 'Room6\Room6.VlvCtl.TiDly'"	"0x010D"	"Room6.VlvCtl.TiDly"	"Room6.VlvCtl.TiDly"	"Room6.VlvCtl.TiDly"	"Room6.VlvCtl.TiDly"	"Room6.VlvCtl.TiDly"	"Room6.VlvCtl.TiDly"	"Room6.VlvCtl.TiDly"	"Room6.VlvCtl.TiDly"	
"0x2300 'Room6\Room6.VlvCtl.TiDly'"	"0x1102"	"s"	"s"	"s"	"s"	"s"	"s"	"s"	"s"	
"0x2300 'Room6\Room6.VlvCtl.SwiOn'"	"0x1100"	"SwiOn"	"SwiOn"	"SwiOn"	"SwiOn"	"SwiOn"	"SwiOn"	"SwiOn"	"SwiOn"	
"0x2300 'Room6\Room6.VlvCtl.SwiOn'"	"0x010D"	"Room6.VlvCtl.SwiOn"	"Room6.VlvCtl.SwiOn"	"Room6.VlvCtl.SwiOn"	"Room6.VlvCtl.SwiOn"	"Room6.VlvCtl.SwiOn"	"Room6.VlvCtl.SwiOn"	"Room6.VlvCtl.SwiOn"	"Room6.VlvCtl.SwiOn"	
"0x2300 'Room6\Room6.VlvCtl.SwiOn'"	"0x1102"	"%"	"%"	"%"	"%"	"%"	"%"	"%"	"%"	
"0x2300 'Room6\Room6.VlvCtl.SwiOff'"	"0x1100"	"SwiOff"	"SwiOff"	"SwiOff"	"SwiOff"	"SwiOff"	"SwiOff"	"SwiOff"	"SwiOff"	
"0x2300 'Room6\Room6.VlvCtl.SwiOff'"	"0x010D"	"Room6.VlvCtl.SwiOff"	"Room6.VlvCtl.SwiOff"	"Room6.VlvCtl.SwiOff"	"Room6.VlvCtl.SwiOff"	"Room6.VlvCtl.SwiOff"	"Room6.VlvCtl.SwiOff"	"Room6.VlvCtl.SwiOff"	"Room6.VlvCtl.SwiOff"	
"0x2300 'Room6\Room6.VlvCtl.SwiOff'"	"0x1102"	"%"	"%"	"%"	"%"	"%"	"%"	"%"	"%"	
"0x2305 'Room6\Room6.VlvCtl.Ctl'"	"0x1100"	"Ctl"	"Ctl"	"Ctl"	"Ctl"	"Ctl"	"Ctl"	"Ctl"	"Ctl"	
"0x2305 'Room6\Room6.VlvCtl.Ctl'"	"0x010D"	"Room6.VlvCtl.Ctl"	"Room6.VlvCtl.Ctl"	"Room6.VlvCtl.Ctl"	"Room6.VlvCtl.Ctl"	"Room6.VlvCtl.Ctl"	"Room6.VlvCtl.Ctl"	"Room6.VlvCtl.Ctl"	"Room6.VlvCtl.Ctl"	
"0x2305 'Room6\Room6.VlvCtl.Ctl'"	"0x1102"	"°C"	"°C"	"°C"	"°C"	"°C"	"°C"	"°C"	"°C"	
"0x2305 'Room6\Room6.VlvCtl.Ctl'"	"0x1200"	"GESP*OG*UG*REG*Y-NV*UDEF"	"GESP*OG*UG*REG*Y-NV*UDEF"	"GESP*OG*UG*REG*Y-NV*UDEF"	"GESP*OG*UG*REG*Y-NV*UDEF"	"GESP*OG*UG*REG*Y-NV*UDEF"	"GESP*OG*UG*REG*Y-NV*UDEF"	"GESP*OG*UG*REG*Y-NV*UDEF"	"GESP*OG*UG*REG*Y-NV*UDEF"	
"0x2308 'Room6\Room6.Vlv2'"	"0x1100"	"Vlv2"	"Vlv2"	"Vlv2"	"Vlv2"	"Vlv2"	"Vlv2"	"Vlv2"	"Vlv2"	
"0x2308 'Room6\Room6.Vlv2'"	"0x010D"	"Room6.Vlv2"	"Room6.Vlv2"	"Room6.Vlv2"	"Room6.Vlv2"	"Room6.Vlv2"	"Room6.Vlv2"	"Room6.Vlv2"	"Room6.Vlv2"	
"0x2304 'Room6\Room6.Vlv2.RefIO'"	"0x1100"	"RefIO"	"RefIO"	"RefIO"	"RefIO"	"RefIO"	"RefIO"	"RefIO"	"RefIO"	
"0x2304 'Room6\Room6.Vlv2.RefIO'"	"0x010D"	"Room6.Vlv2.RefIO"	"Room6.Vlv2.RefIO"	"Room6.Vlv2.RefIO"	"Room6.Vlv2.RefIO"	"Room6.Vlv2.RefIO"	"Room6.Vlv2.RefIO"	"Room6.Vlv2.RefIO"	"Room6.Vlv2.RefIO"	
"0x2206 'Room6\Room6.Vlv2.Cmd'"	"0x1100"	"Cmd"	"Cmd"	"Cmd"	"Cmd"	"Cmd"	"Cmd"	"Cmd"	"Cmd"	
"0x2206 'Room6\Room6.Vlv2.Cmd'"	"0x010D"	"Room6.Vlv2.Cmd"	"Room6.Vlv2.Cmd"	"Room6.Vlv2.Cmd"	"Room6.Vlv2.Cmd"	"Room6.Vlv2.Cmd"	"Room6.Vlv2.Cmd"	"Room6.Vlv2.Cmd"	"Room6.Vlv2.Cmd"	
"0x2206 'Room6\Room6.Vlv2.Cmd'"	"0x1102"	"%"	"%"	"%"	"%"	"%"	"%"	"%"	"%"	
"0x2206 'Room6\Room6.Vlv2.Cmd'"	"0x1214"	"%"	"%"	"%"	"%"	"%"	"%"	"%"	"%"	
"0x2310 'Room6\Room6.Vlv2.Pos'"	"0x1100"	"Pos"	"Pos"	"Pos"	"Pos"	"Pos"	"Pos"	"Pos"	"Pos"	
"0x2310 'Room6\Room6.Vlv2.Pos'"	"0x010D"	"Room6.Vlv2.Pos"	"Room6.Vlv2.Pos"	"Room6.Vlv2.Pos"	"Room6.Vlv2.Pos"	"Room6.Vlv2.Pos"	"Room6.Vlv2.Pos"	"Room6.Vlv2.Pos"	"Room6.Vlv2.Pos"	
"0x2310 'Room6\Room6.Vlv2.Pos'"	"0x1101"	"Idle*Pos+*Pos-*Sync+*Sync-"	"Idle*Pos+*Pos-*Sync+*Sync-"	"Idle*Pos+*Pos-*Sync+*Sync-"	"Idle*Pos+*Pos-*Sync+*Sync-"	"Idle*Pos+*Pos-*Sync+*Sync-"	"Idle*Pos+*Pos-*Sync+*Sync-"	"Idle*Pos+*Pos-*Sync+*Sync-"	"Idle*Pos+*Pos-*Sync+*Sync-"	
"0x2308 'Room6\Room6.Vlv'"	"0x1100"	"Vlv"	"Vlv"	"Vlv"	"Vlv"	"Vlv"	"Vlv"	"Vlv"	"Vlv"	
"0x2308 'Room6\Room6.Vlv'"	"0x010D"	"Room6.Vlv"	"Room6.Vlv"	"Room6.Vlv"	"Room6.Vlv"	"Room6.Vlv"	"Room6.Vlv"	"Room6.Vlv"	"Room6.Vlv"	
"0x2304 'Room6\Room6.Vlv.RefIO'"	"0x1100"	"RefIO"	"RefIO"	"RefIO"	"RefIO"	"RefIO"	"RefIO"	"RefIO"	"RefIO"	
"0x2304 'Room6\Room6.Vlv.RefIO'"	"0x010D"	"Room6.Vlv.RefIO"	"Room6.Vlv.RefIO"	"Room6.Vlv.RefIO"	"Room6.Vlv.RefIO"	"Room6.Vlv.RefIO"	"Room6.Vlv.RefIO"	"Room6.Vlv.RefIO"	"Room6.Vlv.RefIO"	
"0x2206 'Room6\Room6.Vlv.Cmd'"	"0x1100"	"Cmd"	"Cmd"	"Cmd"	"Cmd"	"Cmd"	"Cmd"	"Cmd"	"Cmd"	
"0x2206 'Room6\Room6.Vlv.Cmd'"	"0x010D"	"Room6.Vlv.Cmd"	"Room6.Vlv.Cmd"	"Room6.Vlv.Cmd"	"Room6.Vlv.Cmd"	"Room6.Vlv.Cmd"	"Room6.Vlv.Cmd"	"Room6.Vlv.Cmd"	"Room6.Vlv.Cmd"	
"0x2206 'Room6\Room6.Vlv.Cmd'"	"0x1102"	"%"	"%"	"%"	"%"	"%"	"%"	"%"	"%"	
"0x2206 'Room6\Room6.Vlv.Cmd'"	"0x1214"	"%"	"%"	"%"	"%"	"%"	"%"	"%"	"%"	
"0x2310 'Room6\Room6.Vlv.Pos'"	"0x1100"	"Pos"	"Pos"	"Pos"	"Pos"	"Pos"	"Pos"	"Pos"	"Pos"	
"0x2310 'Room6\Room6.Vlv.Pos'"	"0x010D"	"Room6.Vlv.Pos"	"Room6.Vlv.Pos"	"Room6.Vlv.Pos"	"Room6.Vlv.Pos"	"Room6.Vlv.Pos"	"Room6.Vlv.Pos"	"Room6.Vlv.Pos"	"Room6.Vlv.Pos"	
"0x2310 'Room6\Room6.Vlv.Pos'"	"0x1101"	"Idle*Pos+*Pos-*Sync+*Sync-"	"Idle*Pos+*Pos-*Sync+*Sync-"	"Idle*Pos+*Pos-*Sync+*Sync-"	"Idle*Pos+*Pos-*Sync+*Sync-"	"Idle*Pos+*Pos-*Sync+*Sync-"	"Idle*Pos+*Pos-*Sync+*Sync-"	"Idle*Pos+*Pos-*Sync+*Sync-"	"Idle*Pos+*Pos-*Sync+*Sync-"	
"0x2308 'Room6\Room6.Vlv3'"	"0x1100"	"Vlv3"	"Vlv3"	"Vlv3"	"Vlv3"	"Vlv3"	"Vlv3"	"Vlv3"	"Vlv3"	
"0x2308 'Room6\Room6.Vlv3'"	"0x010D"	"Room6.Vlv3"	"Room6.Vlv3"	"Room6.Vlv3"	"Room6.Vlv3"	"Room6.Vlv3"	"Room6.Vlv3"	"Room6.Vlv3"	"Room6.Vlv3"	
"0x2304 'Room6\Room6.Vlv3.RefIO'"	"0x1100"	"RefIO"	"RefIO"	"RefIO"	"RefIO"	"RefIO"	"RefIO"	"RefIO"	"RefIO"	
"0x2304 'Room6\Room6.Vlv3.RefIO'"	"0x010D"	"Room6.Vlv3.RefIO"	"Room6.Vlv3.RefIO"	"Room6.Vlv3.RefIO"	"Room6.Vlv3.RefIO"	"Room6.Vlv3.RefIO"	"Room6.Vlv3.RefIO"	"Room6.Vlv3.RefIO"	"Room6.Vlv3.RefIO"	
"0x2206 'Room6\Room6.Vlv3.Cmd'"	"0x1100"	"Cmd"	"Cmd"	"Cmd"	"Cmd"	"Cmd"	"Cmd"	"Cmd"	"Cmd"	
"0x2206 'Room6\Room6.Vlv3.Cmd'"	"0x010D"	"Room6.Vlv3.Cmd"	"Room6.Vlv3.Cmd"	"Room6.Vlv3.Cmd"	"Room6.Vlv3.Cmd"	"Room6.Vlv3.Cmd"	"Room6.Vlv3.Cmd"	"Room6.Vlv3.Cmd"	"Room6.Vlv3.Cmd"	
"0x2206 'Room6\Room6.Vlv3.Cmd'"	"0x1102"	"%"	"%"	"%"	"%"	"%"	"%"	"%"	"%"	
"0x2206 'Room6\Room6.Vlv3.Cmd'"	"0x1214"	"%"	"%"	"%"	"%"	"%"	"%"	"%"	"%"	
"0x2310 'Room6\Room6.Vlv3.Pos'"	"0x1100"	"Pos"	"Pos"	"Pos"	"Pos"	"Pos"	"Pos"	"Pos"	"Pos"	
"0x2310 'Room6\Room6.Vlv3.Pos'"	"0x010D"	"Room6.Vlv3.Pos"	"Room6.Vlv3.Pos"	"Room6.Vlv3.Pos"	"Room6.Vlv3.Pos"	"Room6.Vlv3.Pos"	"Room6.Vlv3.Pos"	"Room6.Vlv3.Pos"	"Room6.Vlv3.Pos"	
"0x2310 'Room6\Room6.Vlv3.Pos'"	"0x1101"	"Idle*Pos+*Pos-*Sync+*Sync-"	"Idle*Pos+*Pos-*Sync+*Sync-"	"Idle*Pos+*Pos-*Sync+*Sync-"	"Idle*Pos+*Pos-*Sync+*Sync-"	"Idle*Pos+*Pos-*Sync+*Sync-"	"Idle*Pos+*Pos-*Sync+*Sync-"	"Idle*Pos+*Pos-*Sync+*Sync-"	"Idle*Pos+*Pos-*Sync+*Sync-"	
"0x2308 'Room6\Room6.Vlv4'"	"0x1100"	"Vlv4"	"Vlv4"	"Vlv4"	"Vlv4"	"Vlv4"	"Vlv4"	"Vlv4"	"Vlv4"	
"0x2308 'Room6\Room6.Vlv4'"	"0x010D"	"Room6.Vlv4"	"Room6.Vlv4"	"Room6.Vlv4"	"Room6.Vlv4"	"Room6.Vlv4"	"Room6.Vlv4"	"Room6.Vlv4"	"Room6.Vlv4"	
"0x2304 'Room6\Room6.Vlv4.RefIO'"	"0x1100"	"RefIO"	"RefIO"	"RefIO"	"RefIO"	"RefIO"	"RefIO"	"RefIO"	"RefIO"	
"0x2304 'Room6\Room6.Vlv4.RefIO'"	"0x010D"	"Room6.Vlv4.RefIO"	"Room6.Vlv4.RefIO"	"Room6.Vlv4.RefIO"	"Room6.Vlv4.RefIO"	"Room6.Vlv4.RefIO"	"Room6.Vlv4.RefIO"	"Room6.Vlv4.RefIO"	"Room6.Vlv4.RefIO"	
"0x2206 'Room6\Room6.Vlv4.Cmd'"	"0x1100"	"Cmd"	"Cmd"	"Cmd"	"Cmd"	"Cmd"	"Cmd"	"Cmd"	"Cmd"	
"0x2206 'Room6\Room6.Vlv4.Cmd'"	"0x010D"	"Room6.Vlv4.Cmd"	"Room6.Vlv4.Cmd"	"Room6.Vlv4.Cmd"	"Room6.Vlv4.Cmd"	"Room6.Vlv4.Cmd"	"Room6.Vlv4.Cmd"	"Room6.Vlv4.Cmd"	"Room6.Vlv4.Cmd"	
"0x2206 'Room6\Room6.Vlv4.Cmd'"	"0x1102"	"%"	"%"	"%"	"%"	"%"	"%"	"%"	"%"	
"0x2206 'Room6\Room6.Vlv4.Cmd'"	"0x1214"	"%"	"%"	"%"	"%"	"%"	"%"	"%"	"%"	
"0x2310 'Room6\Room6.Vlv4.Pos'"	"0x1100"	"Pos"	"Pos"	"Pos"	"Pos"	"Pos"	"Pos"	"Pos"	"Pos"	
"0x2310 'Room6\Room6.Vlv4.Pos'"	"0x010D"	"Room6.Vlv4.Pos"	"Room6.Vlv4.Pos"	"Room6.Vlv4.Pos"	"Room6.Vlv4.Pos"	"Room6.Vlv4.Pos"	"Room6.Vlv4.Pos"	"Room6.Vlv4.Pos"	"Room6.Vlv4.Pos"	
"0x2310 'Room6\Room6.Vlv4.Pos'"	"0x1101"	"Idle*Pos+*Pos-*Sync+*Sync-"	"Idle*Pos+*Pos-*Sync+*Sync-"	"Idle*Pos+*Pos-*Sync+*Sync-"	"Idle*Pos+*Pos-*Sync+*Sync-"	"Idle*Pos+*Pos-*Sync+*Sync-"	"Idle*Pos+*Pos-*Sync+*Sync-"	"Idle*Pos+*Pos-*Sync+*Sync-"	"Idle*Pos+*Pos-*Sync+*Sync-"	
"0x2304 'Room6\Room6.Ime'"	"0x1100"	"Ime"	"Ime"	"Ime"	"Ime"	"Ime"	"Ime"	"Ime"	"Ime"	
"0x2304 'Room6\Room6.Ime'"	"0x010D"	"Room6.Ime"	"Room6.Ime"	"Room6.Ime"	"Room6.Ime"	"Room6.Ime"	"Room6.Ime"	"Room6.Ime"	"Room6.Ime"	
"0x2309 '0x031D\Room7'"	"0x1100"	"Room7"	"Room7"	"Room7"	"Room7"	"Room7"	"Room7"	"Room7"	"Room7"	
"0x2309 '0x031D\Room7'"	"0x010D"	"Room7"	"Room7"	"Room7"	"Room7"	"Room7"	"Room7"	"Room7"	"Room7"	
"0x2308 'Room7\Room7.TR'"	"0x1100"	"TR"	"TR"	"TR"	"TR"	"TR"	"TR"	"TR"	"TR"	
"0x2308 'Room7\Room7.TR'"	"0x010D"	"Room7.TR"	"Room7.TR"	"Room7.TR"	"Room7.TR"	"Room7.TR"	"Room7.TR"	"Room7.TR"	"Room7.TR"	
"0x2300 'Room7\Room7.TR.SpTiCom'"	"0x1100"	"SpTiCom"	"SpTiCom"	"SpTiCom"	"SpTiCom"	"SpTiCom"	"SpTiCom"	"SpTiCom"	"SpTiCom"	
"0x2300 'Room7\Room7.TR.SpTiCom'"	"0x010D"	"Room7.TR.SpTiCom"	"Room7.TR.SpTiCom"	"Room7.TR.SpTiCom"	"Room7.TR.SpTiCom"	"Room7.TR.SpTiCom"	"Room7.TR.SpTiCom"	"Room7.TR.SpTiCom"	"Room7.TR.SpTiCom"	
"0x2300 'Room7\Room7.TR.SpTiCom'"	"0x1102"	"s"	"s"	"s"	"s"	"s"	"s"	"s"	"s"	
"0x2203 'Room7\Room7.TR.Val'"	"0x1100"	"Val"	"Val"	"Val"	"Val"	"Val"	"Val"	"Val"	"Val"	
"0x2203 'Room7\Room7.TR.Val'"	"0x010D"	"Room7.TR.Val"	"Room7.TR.Val"	"Room7.TR.Val"	"Room7.TR.Val"	"Room7.TR.Val"	"Room7.TR.Val"	"Room7.TR.Val"	"Room7.TR.Val"	
"0x2203 'Room7\Room7.TR.Val'"	"0x1102"	"°C"	"°C"	"°C"	"°C"	"°C"	"°C"	"°C"	"°C"	
"0x2203 'Room7\Room7.TR.Val'"	"0x1214"	"dK"	"dK"	"dK"	"dK"	"dK"	"dK"	"dK"	"dK"	
"0x2308 'Room7\Room7.CndMon2'"	"0x1100"	"CndMon2"	"CndMon2"	"CndMon2"	"CndMon2"	"CndMon2"	"CndMon2"	"CndMon2"	"CndMon2"	
"0x2308 'Room7\Room7.CndMon2'"	"0x010D"	"Room7.CndMon2"	"Room7.CndMon2"	"Room7.CndMon2"	"Room7.CndMon2"	"Room7.CndMon2"	"Room7.CndMon2"	"Room7.CndMon2"	"Room7.CndMon2"	
"0x2304 'Room7\Room7.CndMon2.RefIO'"	"0x1100"	"RefIO"	"RefIO"	"RefIO"	"RefIO"	"RefIO"	"RefIO"	"RefIO"	"RefIO"	
"0x2304 'Room7\Room7.CndMon2.RefIO'"	"0x010D"	"Room7.CndMon2.RefIO"	"Room7.CndMon2.RefIO"	"Room7.CndMon2.RefIO"	"Room7.CndMon2.RefIO"	"Room7.CndMon2.RefIO"	"Room7.CndMon2.RefIO"	"Room7.CndMon2.RefIO"	"Room7.CndMon2.RefIO"	
"0x2204 'Room7\Room7.CndMon2.Val'"	"0x1100"	"Val"	"Val"	"Val"	"Val"	"Val"	"Val"	"Val"	"Val"	
"0x2204 'Room7\Room7.CndMon2.Val'"	"0x010D"	"Room7.CndMon2.Val"	"Room7.CndMon2.Val"	"Room7.CndMon2.Val"	"Room7.CndMon2.Val"	"Room7.CndMon2.Val"	"Room7.CndMon2.Val"	"Room7.CndMon2.Val"	"Room7.CndMon2.Val"	
"0x2204 'Room7\Room7.CndMon2.Val'"	"0x1101"	"Passive*Active*Null"	"Passive*Active*Null"	"Passive*Active*Null"	"Passive*Active*Null"	"Passive*Active*Null"	"Passive*Active*Null"	"Passive*Active*Null"	"Passive*Active*Null"	
"0x2308 'Room7\Room7.CndMon'"	"0x1100"	"CndMon"	"CndMon"	"CndMon"	"CndMon"	"CndMon"	"CndMon"	"CndMon"	"CndMon"	
"0x2308 'Room7\Room7.CndMon'"	"0x010D"	"Room7.CndMon"	"Room7.CndMon"	"Room7.CndMon"	"Room7.CndMon"	"Room7.CndMon"	"Room7.CndMon"	"Room7.CndMon"	"Room7.CndMon"	
"0x2304 'Room7\Room7.CndMon.RefIO'"	"0x1100"	"RefIO"	"RefIO"	"RefIO"	"RefIO"	"RefIO"	"RefIO"	"RefIO"	"RefIO"	
"0x2304 'Room7\Room7.CndMon.RefIO'"	"0x010D"	"Room7.CndMon.RefIO"	"Room7.CndMon.RefIO"	"Room7.CndMon.RefIO"	"Room7.CndMon.RefIO"	"Room7.CndMon.RefIO"	"Room7.CndMon.RefIO"	"Room7.CndMon.RefIO"	"Room7.CndMon.RefIO"	
"0x2204 'Room7\Room7.CndMon.Val'"	"0x1100"	"Val"	"Val"	"Val"	"Val"	"Val"	"Val"	"Val"	"Val"	
"0x2204 'Room7\Room7.CndMon.Val'"	"0x010D"	"Room7.CndMon.Val"	"Room7.CndMon.Val"	"Room7.CndMon.Val"	"Room7.CndMon.Val"	"Room7.CndMon.Val"	"Room7.CndMon.Val"	"Room7.CndMon.Val"	"Room7.CndMon.Val"	
"0x2204 'Room7\Room7.CndMon.Val'"	"0x1101"	"Passive*Active*Null"	"Passive*Active*Null"	"Passive*Active*Null"	"Passive*Active*Null"	"Passive*Active*Null"	"Passive*Active*Null"	"Passive*Active*Null"	"Passive*Active*Null"	
"0x2308 'Room7\Room7.CndMon3'"	"0x1100"	"CndMon3"	"CndMon3"	"CndMon3"	"CndMon3"	"CndMon3"	"CndMon3"	"CndMon3"	"CndMon3"	
"0x2308 'Room7\Room7.CndMon3'"	"0x010D"	"Room7.CndMon3"	"Room7.CndMon3"	"Room7.CndMon3"	"Room7.CndMon3"	"Room7.CndMon3"	"Room7.CndMon3"	"Room7.CndMon3"	"Room7.CndMon3"	
"0x2304 'Room7\Room7.CndMon3.RefIO'"	"0x1100"	"RefIO"	"RefIO"	"RefIO"	"RefIO"	"RefIO"	"RefIO"	"RefIO"	"RefIO"	
"0x2304 'Room7\Room7.CndMon3.RefIO'"	"0x010D"	"Room7.CndMon3.RefIO"	"Room7.CndMon3.RefIO"	"Room7.CndMon3.RefIO"	"Room7.CndMon3.RefIO"	"Room7.CndMon3.RefIO"	"Room7.CndMon3.RefIO"	"Room7.CndMon3.RefIO"	"Room7.CndMon3.RefIO"	
"0x2204 'Room7\Room7.CndMon3.Val'"	"0x1100"	"Val"	"Val"	"Val"	"Val"	"Val"	"Val"	"Val"	"Val"	
"0x2204 'Room7\Room7.CndMon3.Val'"	"0x010D"	"Room7.CndMon3.Val"	"Room7.CndMon3.Val"	"Room7.CndMon3.Val"	"Room7.CndMon3.Val"	"Room7.CndMon3.Val"	"Room7.CndMon3.Val"	"Room7.CndMon3.Val"	"Room7.CndMon3.Val"	
"0x2204 'Room7\Room7.CndMon3.Val'"	"0x1101"	"Passive*Active*Null"	"Passive*Active*Null"	"Passive*Active*Null"	"Passive*Active*Null"	"Passive*Active*Null"	"Passive*Active*Null"	"Passive*Active*Null"	"Passive*Active*Null"	
"0x2308 'Room7\Room7.CndMon4'"	"0x1100"	"CndMon4"	"CndMon4"	"CndMon4"	"CndMon4"	"CndMon4"	"CndMon4"	"CndMon4"	"CndMon4"	
"0x2308 'Room7\Room7.CndMon4'"	"0x010D"	"Room7.CndMon4"	"Room7.CndMon4"	"Room7.CndMon4"	"Room7.CndMon4"	"Room7.CndMon4"	"Room7.CndMon4"	"Room7.CndMon4"	"Room7.CndMon4"	
"0x2304 'Room7\Room7.CndMon4.RefIO'"	"0x1100"	"RefIO"	"RefIO"	"RefIO"	"RefIO"	"RefIO"	"RefIO"	"RefIO"	"RefIO"	
"0x2304 'Room7\Room7.CndMon4.RefIO'"	"0x010D"	"Room7.CndMon4.RefIO"	"Room7.CndMon4.RefIO"	"Room7.CndMon4.RefIO"	"Room7.CndMon4.RefIO"	"Room7.CndMon4.RefIO"	"Room7.CndMon4.RefIO"	"Room7.CndMon4.RefIO"	"Room7.CndMon4.RefIO"	
"0x2204 'Room7\Room7.CndMon4.Val'"	"0x1100"	"Val"	"Val"	"Val"	"Val"	"Val"	"Val"	"Val"	"Val"	
"0x2204 'Room7\Room7.CndMon4.Val'"	"0x010D"	"Room7.CndMon4.Val"	"Room7.CndMon4.Val"	"Room7.CndMon4.Val"	"Room7.CndMon4.Val"	"Room7.CndMon4.Val"	"Room7.CndMon4.Val"	"Room7.CndMon4.Val"	"Room7.CndMon4.Val"	
"0x2204 'Room7\Room7.CndMon4.Val'"	"0x1101"	"Passive*Active*Null"	"Passive*Active*Null"	"Passive*Active*Null"	"Passive*Active*Null"	"Passive*Active*Null"	"Passive*Active*Null"	"Passive*Active*Null"	"Passive*Active*Null"	
"0x2302 'Room7\Room7.OpModMan'"	"0x1100"	"OpModMan"	"OpModMan"	"OpModMan"	"OpModMan"	"OpModMan"	"OpModMan"	"OpModMan"	"OpModMan"	
"0x2302 'Room7\Room7.OpModMan'"	"0x010D"	"Room7.OpModMan"	"Room7.OpModMan"	"Room7.OpModMan"	"Room7.OpModMan"	"Room7.OpModMan"	"Room7.OpModMan"	"Room7.OpModMan"	"Room7.OpModMan"	
"0x2302 'Room7\Room7.OpModMan'"	"0x1101"	"Prt*Eco*Cmf*Auto"	"Prt*Eco*Cmf*Auto"	"Prt*Eco*Cmf*Auto"	"Prt*Eco*Cmf*Auto"	"Prt*Eco*Cmf*Auto"	"Prt*Eco*Cmf*Auto"	"Prt*Eco*Cmf*Auto"	"Prt*Eco*Cmf*Auto"	
"0x2302 'Room7\Room7.ShedSel'"	"0x1100"	"ShedSel"	"ShedSel"	"ShedSel"	"ShedSel"	"ShedSel"	"ShedSel"	"ShedSel"	"ShedSel"	
"0x2302 'Room7\Room7.ShedSel'"	"0x010D"	"Room7.ShedSel"	"Room7.ShedSel"	"Room7.ShedSel"	"Room7.ShedSel"	"Room7.ShedSel"	"Room7.ShedSel"	"Room7.ShedSel"	"Room7.ShedSel"	
"0x2302 'Room7\Room7.ShedSel'"	"0x1101"	"TSP_1*TSP_2*TSP_3"	"TSP_1*TSP_2*TSP_3"	"TSP_1*TSP_2*TSP_3"	"TSP_1*TSP_2*TSP_3"	"TSP_1*TSP_2*TSP_3"	"TSP_1*TSP_2*TSP_3"	"TSP_1*TSP_2*TSP_3"	"TSP_1*TSP_2*TSP_3"	
"0x2300 'Room7\Room7.SpTRPrt'"	"0x1100"	"SpTRPrt"	"SpTRPrt"	"SpTRPrt"	"SpTRPrt"	"SpTRPrt"	"SpTRPrt"	"SpTRPrt"	"SpTRPrt"	
"0x2300 'Room7\Room7.SpTRPrt'"	"0x010D"	"Room7.SpTRPrt"	"Room7.SpTRPrt"	"Room7.SpTRPrt"	"Room7.SpTRPrt"	"Room7.SpTRPrt"	"Room7.SpTRPrt"	"Room7.SpTRPrt"	"Room7.SpTRPrt"	
"0x2300 'Room7\Room7.SpTRPrt'"	"0x1102"	"°C"	"°C"	"°C"	"°C"	"°C"	"°C"	"°C"	"°C"	
"0x2300 'Room7\Room7.SpTREco'"	"0x1100"	"SpTREco"	"SpTREco"	"SpTREco"	"SpTREco"	"SpTREco"	"SpTREco"	"SpTREco"	"SpTREco"	
"0x2300 'Room7\Room7.SpTREco'"	"0x010D"	"Room7.SpTREco"	"Room7.SpTREco"	"Room7.SpTREco"	"Room7.SpTREco"	"Room7.SpTREco"	"Room7.SpTREco"	"Room7.SpTREco"	"Room7.SpTREco"	
"0x2300 'Room7\Room7.SpTREco'"	"0x1102"	"°C"	"°C"	"°C"	"°C"	"°C"	"°C"	"°C"	"°C"	
"0x2300 'Room7\Room7.SpTRCmf'"	"0x1100"	"SpTRCmf"	"SpTRCmf"	"SpTRCmf"	"SpTRCmf"	"SpTRCmf"	"SpTRCmf"	"SpTRCmf"	"SpTRCmf"	
"0x2300 'Room7\Room7.SpTRCmf'"	"0x010D"	"Room7.SpTRCmf"	"Room7.SpTRCmf"	"Room7.SpTRCmf"	"Room7.SpTRCmf"	"Room7.SpTRCmf"	"Room7.SpTRCmf"	"Room7.SpTRCmf"	"Room7.SpTRCmf"	
"0x2300 'Room7\Room7.SpTRCmf'"	"0x1102"	"°C"	"°C"	"°C"	"°C"	"°C"	"°C"	"°C"	"°C"	
"0x2202 'Room7\Room7.PltMod'"	"0x1100"	"PltMod"	"PltMod"	"PltMod"	"PltMod"	"PltMod"	"PltMod"	"PltMod"	"PltMod"	
"0x2202 'Room7\Room7.PltMod'"	"0x010D"	"Room7.PltMod"	"Room7.PltMod"	"Room7.PltMod"	"Room7.PltMod"	"Room7.PltMod"	"Room7.PltMod"	"Room7.PltMod"	"Room7.PltMod"	
"0x2202 'Room7\Room7.PltMod'"	"0x1101"	"Null*Auto*Off*Ctl*Flt"	"Null*Auto*Off*Ctl*Flt"	"Null*Auto*Off*Ctl*Flt"	"Null*Auto*Off*Ctl*Flt"	"Null*Auto*Off*Ctl*Flt"	"Null*Auto*Off*Ctl*Flt"	"Null*Auto*Off*Ctl*Flt"	"Null*Auto*Off*Ctl*Flt"	
"0x2308 'Room7\Room7.VlvCtl'"	"0x1100"	"VlvCtl"	"VlvCtl"	"VlvCtl"	"VlvCtl"	"VlvCtl"	"VlvCtl"	"VlvCtl"	"VlvCtl"	
"0x2308 'Room7\Room7.VlvCtl'"	"0x010D"	"Room7.VlvCtl"	"Room7.VlvCtl"	"Room7.VlvCtl"	"Room7.VlvCtl"	"Room7.VlvCtl"	"Room7.VlvCtl"	"Room7.VlvCtl"	"Room7.VlvCtl"	
"0x2202 'Room7\Room7.VlvCtl.AggrMod'"	"0x1100"	"AggrMod"	"AggrMod"	"AggrMod"	"AggrMod"	"AggrMod"	"AggrMod"	"AggrMod"	"AggrMod"	
"0x2202 'Room7\Room7.VlvCtl.AggrMod'"	"0x010D"	"Room7.VlvCtl.AggrMod"	"Room7.VlvCtl.AggrMod"	"Room7.VlvCtl.AggrMod"	"Room7.VlvCtl.AggrMod"	"Room7.VlvCtl.AggrMod"	"Room7.VlvCtl.AggrMod"	"Room7.VlvCtl.AggrMod"	"Room7.VlvCtl.AggrMod"	
"0x2202 'Room7\Room7.VlvCtl.AggrMod'"	"0x1101"	"Auto*Off*On*Dmd*Loop*Low*High*Swi*Last*LoopDmd"	"Auto*Off*On*Dmd*Loop*Low*High*Swi*Last*LoopDmd"	"Auto*Off*On*Dmd*Loop*Low*High*Swi*Last*LoopDmd"	"Auto*Off*On*Dmd*Loop*Low*High*Swi*Last*LoopDmd"	"Auto*Off*On*Dmd*Loop*Low*High*Swi*Last*LoopDmd"	"Auto*Off*On*Dmd*Loop*Low*High*Swi*Last*LoopDmd"	"Auto*Off*On*Dmd*Loop*Low*High*Swi*Last*LoopDmd"	"Auto*Off*On*Dmd*Loop*Low*High*Swi*Last*LoopDmd"	
"0x2300 'Room7\Room7.VlvCtl.Low'"	"0x1100"	"Low"	"Low"	"Low"	"Low"	"Low"	"Low"	"Low"	"Low"	
"0x2300 'Room7\Room7.VlvCtl.Low'"	"0x010D"	"Room7.VlvCtl.Low"	"Room7.VlvCtl.Low"	"Room7.VlvCtl.Low"	"Room7.VlvCtl.Low"	"Room7.VlvCtl.Low"	"Room7.VlvCtl.Low"	"Room7.VlvCtl.Low"	"Room7.VlvCtl.Low"	
"0x2300 'Room7\Room7.VlvCtl.Low'"	"0x1102"	"%"	"%"	"%"	"%"	"%"	"%"	"%"	"%"	
"0x2300 'Room7\Room7.VlvCtl.High'"	"0x1100"	"High"	"High"	"High"	"High"	"High"	"High"	"High"	"High"	
"0x2300 'Room7\Room7.VlvCtl.High'"	"0x010D"	"Room7.VlvCtl.High"	"Room7.VlvCtl.High"	"Room7.VlvCtl.High"	"Room7.VlvCtl.High"	"Room7.VlvCtl.High"	"Room7.VlvCtl.High"	"Room7.VlvCtl.High"	"Room7.VlvCtl.High"	
"0x2300 'Room7\Room7.VlvCtl.High'"	"0x1102"	"%"	"%"	"%"	"%"	"%"	"%"	"%"	"%"	
"0x2300 'Room7\Room7.VlvCtl.TiDly'"	"0x1100"	"TiDly"	"TiDly"	"TiDly"	"TiDly"	"TiDly"	"TiDly"	"TiDly"	"TiDly"	
"0x2300 'Room7\Room7.VlvCtl.TiDly'"	"0x010D"	"Room7.VlvCtl.TiDly"	"Room7.VlvCtl.TiDly"	"Room7.VlvCtl.TiDly"	"Room7.VlvCtl.TiDly"	"Room7.VlvCtl.TiDly"	"Room7.VlvCtl.TiDly"	"Room7.VlvCtl.TiDly"	"Room7.VlvCtl.TiDly"	
"0x2300 'Room7\Room7.VlvCtl.TiDly'"	"0x1102"	"s"	"s"	"s"	"s"	"s"	"s"	"s"	"s"	
"0x2300 'Room7\Room7.VlvCtl.SwiOn'"	"0x1100"	"SwiOn"	"SwiOn"	"SwiOn"	"SwiOn"	"SwiOn"	"SwiOn"	"SwiOn"	"SwiOn"	
"0x2300 'Room7\Room7.VlvCtl.SwiOn'"	"0x010D"	"Room7.VlvCtl.SwiOn"	"Room7.VlvCtl.SwiOn"	"Room7.VlvCtl.SwiOn"	"Room7.VlvCtl.SwiOn"	"Room7.VlvCtl.SwiOn"	"Room7.VlvCtl.SwiOn"	"Room7.VlvCtl.SwiOn"	"Room7.VlvCtl.SwiOn"	
"0x2300 'Room7\Room7.VlvCtl.SwiOn'"	"0x1102"	"%"	"%"	"%"	"%"	"%"	"%"	"%"	"%"	
"0x2300 'Room7\Room7.VlvCtl.SwiOff'"	"0x1100"	"SwiOff"	"SwiOff"	"SwiOff"	"SwiOff"	"SwiOff"	"SwiOff"	"SwiOff"	"SwiOff"	
"0x2300 'Room7\Room7.VlvCtl.SwiOff'"	"0x010D"	"Room7.VlvCtl.SwiOff"	"Room7.VlvCtl.SwiOff"	"Room7.VlvCtl.SwiOff"	"Room7.VlvCtl.SwiOff"	"Room7.VlvCtl.SwiOff"	"Room7.VlvCtl.SwiOff"	"Room7.VlvCtl.SwiOff"	"Room7.VlvCtl.SwiOff"	
"0x2300 'Room7\Room7.VlvCtl.SwiOff'"	"0x1102"	"%"	"%"	"%"	"%"	"%"	"%"	"%"	"%"	
"0x2305 'Room7\Room7.VlvCtl.Ctl'"	"0x1100"	"Ctl"	"Ctl"	"Ctl"	"Ctl"	"Ctl"	"Ctl"	"Ctl"	"Ctl"	
"0x2305 'Room7\Room7.VlvCtl.Ctl'"	"0x010D"	"Room7.VlvCtl.Ctl"	"Room7.VlvCtl.Ctl"	"Room7.VlvCtl.Ctl"	"Room7.VlvCtl.Ctl"	"Room7.VlvCtl.Ctl"	"Room7.VlvCtl.Ctl"	"Room7.VlvCtl.Ctl"	"Room7.VlvCtl.Ctl"	
"0x2305 'Room7\Room7.VlvCtl.Ctl'"	"0x1102"	"°C"	"°C"	"°C"	"°C"	"°C"	"°C"	"°C"	"°C"	
"0x2305 'Room7\Room7.VlvCtl.Ctl'"	"0x1200"	"GESP*OG*UG*REG*Y-NV*UDEF"	"GESP*OG*UG*REG*Y-NV*UDEF"	"GESP*OG*UG*REG*Y-NV*UDEF"	"GESP*OG*UG*REG*Y-NV*UDEF"	"GESP*OG*UG*REG*Y-NV*UDEF"	"GESP*OG*UG*REG*Y-NV*UDEF"	"GESP*OG*UG*REG*Y-NV*UDEF"	"GESP*OG*UG*REG*Y-NV*UDEF"	
"0x2308 'Room7\Room7.Vlv2'"	"0x1100"	"Vlv2"	"Vlv2"	"Vlv2"	"Vlv2"	"Vlv2"	"Vlv2"	"Vlv2"	"Vlv2"	
"0x2308 'Room7\Room7.Vlv2'"	"0x010D"	"Room7.Vlv2"	"Room7.Vlv2"	"Room7.Vlv2"	"Room7.Vlv2"	"Room7.Vlv2"	"Room7.Vlv2"	"Room7.Vlv2"	"Room7.Vlv2"	
"0x2304 'Room7\Room7.Vlv2.RefIO'"	"0x1100"	"RefIO"	"RefIO"	"RefIO"	"RefIO"	"RefIO"	"RefIO"	"RefIO"	"RefIO"	
"0x2304 'Room7\Room7.Vlv2.RefIO'"	"0x010D"	"Room7.Vlv2.RefIO"	"Room7.Vlv2.RefIO"	"Room7.Vlv2.RefIO"	"Room7.Vlv2.RefIO"	"Room7.Vlv2.RefIO"	"Room7.Vlv2.RefIO"	"Room7.Vlv2.RefIO"	"Room7.Vlv2.RefIO"	
"0x2206 'Room7\Room7.Vlv2.Cmd'"	"0x1100"	"Cmd"	"Cmd"	"Cmd"	"Cmd"	"Cmd"	"Cmd"	"Cmd"	"Cmd"	
"0x2206 'Room7\Room7.Vlv2.Cmd'"	"0x010D"	"Room7.Vlv2.Cmd"	"Room7.Vlv2.Cmd"	"Room7.Vlv2.Cmd"	"Room7.Vlv2.Cmd"	"Room7.Vlv2.Cmd"	"Room7.Vlv2.Cmd"	"Room7.Vlv2.Cmd"	"Room7.Vlv2.Cmd"	
"0x2206 'Room7\Room7.Vlv2.Cmd'"	"0x1102"	"%"	"%"	"%"	"%"	"%"	"%"	"%"	"%"	
"0x2206 'Room7\Room7.Vlv2.Cmd'"	"0x1214"	"%"	"%"	"%"	"%"	"%"	"%"	"%"	"%"	
"0x2310 'Room7\Room7.Vlv2.Pos'"	"0x1100"	"Pos"	"Pos"	"Pos"	"Pos"	"Pos"	"Pos"	"Pos"	"Pos"	
"0x2310 'Room7\Room7.Vlv2.Pos'"	"0x010D"	"Room7.Vlv2.Pos"	"Room7.Vlv2.Pos"	"Room7.Vlv2.Pos"	"Room7.Vlv2.Pos"	"Room7.Vlv2.Pos"	"Room7.Vlv2.Pos"	"Room7.Vlv2.Pos"	"Room7.Vlv2.Pos"	
"0x2310 'Room7\Room7.Vlv2.Pos'"	"0x1101"	"Idle*Pos+*Pos-*Sync+*Sync-"	"Idle*Pos+*Pos-*Sync+*Sync-"	"Idle*Pos+*Pos-*Sync+*Sync-"	"Idle*Pos+*Pos-*Sync+*Sync-"	"Idle*Pos+*Pos-*Sync+*Sync-"	"Idle*Pos+*Pos-*Sync+*Sync-"	"Idle*Pos+*Pos-*Sync+*Sync-"	"Idle*Pos+*Pos-*Sync+*Sync-"	
"0x2308 'Room7\Room7.Vlv'"	"0x1100"	"Vlv"	"Vlv"	"Vlv"	"Vlv"	"Vlv"	"Vlv"	"Vlv"	"Vlv"	
"0x2308 'Room7\Room7.Vlv'"	"0x010D"	"Room7.Vlv"	"Room7.Vlv"	"Room7.Vlv"	"Room7.Vlv"	"Room7.Vlv"	"Room7.Vlv"	"Room7.Vlv"	"Room7.Vlv"	
"0x2304 'Room7\Room7.Vlv.RefIO'"	"0x1100"	"RefIO"	"RefIO"	"RefIO"	"RefIO"	"RefIO"	"RefIO"	"RefIO"	"RefIO"	
"0x2304 'Room7\Room7.Vlv.RefIO'"	"0x010D"	"Room7.Vlv.RefIO"	"Room7.Vlv.RefIO"	"Room7.Vlv.RefIO"	"Room7.Vlv.RefIO"	"Room7.Vlv.RefIO"	"Room7.Vlv.RefIO"	"Room7.Vlv.RefIO"	"Room7.Vlv.RefIO"	
"0x2206 'Room7\Room7.Vlv.Cmd'"	"0x1100"	"Cmd"	"Cmd"	"Cmd"	"Cmd"	"Cmd"	"Cmd"	"Cmd"	"Cmd"	
"0x2206 'Room7\Room7.Vlv.Cmd'"	"0x010D"	"Room7.Vlv.Cmd"	"Room7.Vlv.Cmd"	"Room7.Vlv.Cmd"	"Room7.Vlv.Cmd"	"Room7.Vlv.Cmd"	"Room7.Vlv.Cmd"	"Room7.Vlv.Cmd"	"Room7.Vlv.Cmd"	
"0x2206 'Room7\Room7.Vlv.Cmd'"	"0x1102"	"%"	"%"	"%"	"%"	"%"	"%"	"%"	"%"	
"0x2206 'Room7\Room7.Vlv.Cmd'"	"0x1214"	"%"	"%"	"%"	"%"	"%"	"%"	"%"	"%"	
"0x2310 'Room7\Room7.Vlv.Pos'"	"0x1100"	"Pos"	"Pos"	"Pos"	"Pos"	"Pos"	"Pos"	"Pos"	"Pos"	
"0x2310 'Room7\Room7.Vlv.Pos'"	"0x010D"	"Room7.Vlv.Pos"	"Room7.Vlv.Pos"	"Room7.Vlv.Pos"	"Room7.Vlv.Pos"	"Room7.Vlv.Pos"	"Room7.Vlv.Pos"	"Room7.Vlv.Pos"	"Room7.Vlv.Pos"	
"0x2310 'Room7\Room7.Vlv.Pos'"	"0x1101"	"Idle*Pos+*Pos-*Sync+*Sync-"	"Idle*Pos+*Pos-*Sync+*Sync-"	"Idle*Pos+*Pos-*Sync+*Sync-"	"Idle*Pos+*Pos-*Sync+*Sync-"	"Idle*Pos+*Pos-*Sync+*Sync-"	"Idle*Pos+*Pos-*Sync+*Sync-"	"Idle*Pos+*Pos-*Sync+*Sync-"	"Idle*Pos+*Pos-*Sync+*Sync-"	
"0x2308 'Room7\Room7.Vlv3'"	"0x1100"	"Vlv3"	"Vlv3"	"Vlv3"	"Vlv3"	"Vlv3"	"Vlv3"	"Vlv3"	"Vlv3"	
"0x2308 'Room7\Room7.Vlv3'"	"0x010D"	"Room7.Vlv3"	"Room7.Vlv3"	"Room7.Vlv3"	"Room7.Vlv3"	"Room7.Vlv3"	"Room7.Vlv3"	"Room7.Vlv3"	"Room7.Vlv3"	
"0x2304 'Room7\Room7.Vlv3.RefIO'"	"0x1100"	"RefIO"	"RefIO"	"RefIO"	"RefIO"	"RefIO"	"RefIO"	"RefIO"	"RefIO"	
"0x2304 'Room7\Room7.Vlv3.RefIO'"	"0x010D"	"Room7.Vlv3.RefIO"	"Room7.Vlv3.RefIO"	"Room7.Vlv3.RefIO"	"Room7.Vlv3.RefIO"	"Room7.Vlv3.RefIO"	"Room7.Vlv3.RefIO"	"Room7.Vlv3.RefIO"	"Room7.Vlv3.RefIO"	
"0x2206 'Room7\Room7.Vlv3.Cmd'"	"0x1100"	"Cmd"	"Cmd"	"Cmd"	"Cmd"	"Cmd"	"Cmd"	"Cmd"	"Cmd"	
"0x2206 'Room7\Room7.Vlv3.Cmd'"	"0x010D"	"Room7.Vlv3.Cmd"	"Room7.Vlv3.Cmd"	"Room7.Vlv3.Cmd"	"Room7.Vlv3.Cmd"	"Room7.Vlv3.Cmd"	"Room7.Vlv3.Cmd"	"Room7.Vlv3.Cmd"	"Room7.Vlv3.Cmd"	
"0x2206 'Room7\Room7.Vlv3.Cmd'"	"0x1102"	"%"	"%"	"%"	"%"	"%"	"%"	"%"	"%"	
"0x2206 'Room7\Room7.Vlv3.Cmd'"	"0x1214"	"%"	"%"	"%"	"%"	"%"	"%"	"%"	"%"	
"0x2310 'Room7\Room7.Vlv3.Pos'"	"0x1100"	"Pos"	"Pos"	"Pos"	"Pos"	"Pos"	"Pos"	"Pos"	"Pos"	
"0x2310 'Room7\Room7.Vlv3.Pos'"	"0x010D"	"Room7.Vlv3.Pos"	"Room7.Vlv3.Pos"	"Room7.Vlv3.Pos"	"Room7.Vlv3.Pos"	"Room7.Vlv3.Pos"	"Room7.Vlv3.Pos"	"Room7.Vlv3.Pos"	"Room7.Vlv3.Pos"	
"0x2310 'Room7\Room7.Vlv3.Pos'"	"0x1101"	"Idle*Pos+*Pos-*Sync+*Sync-"	"Idle*Pos+*Pos-*Sync+*Sync-"	"Idle*Pos+*Pos-*Sync+*Sync-"	"Idle*Pos+*Pos-*Sync+*Sync-"	"Idle*Pos+*Pos-*Sync+*Sync-"	"Idle*Pos+*Pos-*Sync+*Sync-"	"Idle*Pos+*Pos-*Sync+*Sync-"	"Idle*Pos+*Pos-*Sync+*Sync-"	
"0x2308 'Room7\Room7.Vlv4'"	"0x1100"	"Vlv4"	"Vlv4"	"Vlv4"	"Vlv4"	"Vlv4"	"Vlv4"	"Vlv4"	"Vlv4"	
"0x2308 'Room7\Room7.Vlv4'"	"0x010D"	"Room7.Vlv4"	"Room7.Vlv4"	"Room7.Vlv4"	"Room7.Vlv4"	"Room7.Vlv4"	"Room7.Vlv4"	"Room7.Vlv4"	"Room7.Vlv4"	
"0x2304 'Room7\Room7.Vlv4.RefIO'"	"0x1100"	"RefIO"	"RefIO"	"RefIO"	"RefIO"	"RefIO"	"RefIO"	"RefIO"	"RefIO"	
"0x2304 'Room7\Room7.Vlv4.RefIO'"	"0x010D"	"Room7.Vlv4.RefIO"	"Room7.Vlv4.RefIO"	"Room7.Vlv4.RefIO"	"Room7.Vlv4.RefIO"	"Room7.Vlv4.RefIO"	"Room7.Vlv4.RefIO"	"Room7.Vlv4.RefIO"	"Room7.Vlv4.RefIO"	
"0x2206 'Room7\Room7.Vlv4.Cmd'"	"0x1100"	"Cmd"	"Cmd"	"Cmd"	"Cmd"	"Cmd"	"Cmd"	"Cmd"	"Cmd"	
"0x2206 'Room7\Room7.Vlv4.Cmd'"	"0x010D"	"Room7.Vlv4.Cmd"	"Room7.Vlv4.Cmd"	"Room7.Vlv4.Cmd"	"Room7.Vlv4.Cmd"	"Room7.Vlv4.Cmd"	"Room7.Vlv4.Cmd"	"Room7.Vlv4.Cmd"	"Room7.Vlv4.Cmd"	
"0x2206 'Room7\Room7.Vlv4.Cmd'"	"0x1102"	"%"	"%"	"%"	"%"	"%"	"%"	"%"	"%"	
"0x2206 'Room7\Room7.Vlv4.Cmd'"	"0x1214"	"%"	"%"	"%"	"%"	"%"	"%"	"%"	"%"	
"0x2310 'Room7\Room7.Vlv4.Pos'"	"0x1100"	"Pos"	"Pos"	"Pos"	"Pos"	"Pos"	"Pos"	"Pos"	"Pos"	
"0x2310 'Room7\Room7.Vlv4.Pos'"	"0x010D"	"Room7.Vlv4.Pos"	"Room7.Vlv4.Pos"	"Room7.Vlv4.Pos"	"Room7.Vlv4.Pos"	"Room7.Vlv4.Pos"	"Room7.Vlv4.Pos"	"Room7.Vlv4.Pos"	"Room7.Vlv4.Pos"	
"0x2310 'Room7\Room7.Vlv4.Pos'"	"0x1101"	"Idle*Pos+*Pos-*Sync+*Sync-"	"Idle*Pos+*Pos-*Sync+*Sync-"	"Idle*Pos+*Pos-*Sync+*Sync-"	"Idle*Pos+*Pos-*Sync+*Sync-"	"Idle*Pos+*Pos-*Sync+*Sync-"	"Idle*Pos+*Pos-*Sync+*Sync-"	"Idle*Pos+*Pos-*Sync+*Sync-"	"Idle*Pos+*Pos-*Sync+*Sync-"	
"0x2304 'Room7\Room7.Ime'"	"0x1100"	"Ime"	"Ime"	"Ime"	"Ime"	"Ime"	"Ime"	"Ime"	"Ime"	
"0x2304 'Room7\Room7.Ime'"	"0x010D"	"Room7.Ime"	"Room7.Ime"	"Room7.Ime"	"Room7.Ime"	"Room7.Ime"	"Room7.Ime"	"Room7.Ime"	"Room7.Ime"	
"0x2309 '0x031D\Room8'"	"0x1100"	"Room8"	"Room8"	"Room8"	"Room8"	"Room8"	"Room8"	"Room8"	"Room8"	
"0x2309 '0x031D\Room8'"	"0x010D"	"Room8"	"Room8"	"Room8"	"Room8"	"Room8"	"Room8"	"Room8"	"Room8"	
"0x2308 'Room8\Room8.TR'"	"0x1100"	"TR"	"TR"	"TR"	"TR"	"TR"	"TR"	"TR"	"TR"	
"0x2308 'Room8\Room8.TR'"	"0x010D"	"Room8.TR"	"Room8.TR"	"Room8.TR"	"Room8.TR"	"Room8.TR"	"Room8.TR"	"Room8.TR"	"Room8.TR"	
"0x2300 'Room8\Room8.TR.SpTiCom'"	"0x1100"	"SpTiCom"	"SpTiCom"	"SpTiCom"	"SpTiCom"	"SpTiCom"	"SpTiCom"	"SpTiCom"	"SpTiCom"	
"0x2300 'Room8\Room8.TR.SpTiCom'"	"0x010D"	"Room8.TR.SpTiCom"	"Room8.TR.SpTiCom"	"Room8.TR.SpTiCom"	"Room8.TR.SpTiCom"	"Room8.TR.SpTiCom"	"Room8.TR.SpTiCom"	"Room8.TR.SpTiCom"	"Room8.TR.SpTiCom"	
"0x2300 'Room8\Room8.TR.SpTiCom'"	"0x1102"	"s"	"s"	"s"	"s"	"s"	"s"	"s"	"s"	
"0x2203 'Room8\Room8.TR.Val'"	"0x1100"	"Val"	"Val"	"Val"	"Val"	"Val"	"Val"	"Val"	"Val"	
"0x2203 'Room8\Room8.TR.Val'"	"0x010D"	"Room8.TR.Val"	"Room8.TR.Val"	"Room8.TR.Val"	"Room8.TR.Val"	"Room8.TR.Val"	"Room8.TR.Val"	"Room8.TR.Val"	"Room8.TR.Val"	
"0x2203 'Room8\Room8.TR.Val'"	"0x1102"	"°C"	"°C"	"°C"	"°C"	"°C"	"°C"	"°C"	"°C"	
"0x2203 'Room8\Room8.TR.Val'"	"0x1214"	"dK"	"dK"	"dK"	"dK"	"dK"	"dK"	"dK"	"dK"	
"0x2308 'Room8\Room8.CndMon2'"	"0x1100"	"CndMon2"	"CndMon2"	"CndMon2"	"CndMon2"	"CndMon2"	"CndMon2"	"CndMon2"	"CndMon2"	
"0x2308 'Room8\Room8.CndMon2'"	"0x010D"	"Room8.CndMon2"	"Room8.CndMon2"	"Room8.CndMon2"	"Room8.CndMon2"	"Room8.CndMon2"	"Room8.CndMon2"	"Room8.CndMon2"	"Room8.CndMon2"	
"0x2304 'Room8\Room8.CndMon2.RefIO'"	"0x1100"	"RefIO"	"RefIO"	"RefIO"	"RefIO"	"RefIO"	"RefIO"	"RefIO"	"RefIO"	
"0x2304 'Room8\Room8.CndMon2.RefIO'"	"0x010D"	"Room8.CndMon2.RefIO"	"Room8.CndMon2.RefIO"	"Room8.CndMon2.RefIO"	"Room8.CndMon2.RefIO"	"Room8.CndMon2.RefIO"	"Room8.CndMon2.RefIO"	"Room8.CndMon2.RefIO"	"Room8.CndMon2.RefIO"	
"0x2204 'Room8\Room8.CndMon2.Val'"	"0x1100"	"Val"	"Val"	"Val"	"Val"	"Val"	"Val"	"Val"	"Val"	
"0x2204 'Room8\Room8.CndMon2.Val'"	"0x010D"	"Room8.CndMon2.Val"	"Room8.CndMon2.Val"	"Room8.CndMon2.Val"	"Room8.CndMon2.Val"	"Room8.CndMon2.Val"	"Room8.CndMon2.Val"	"Room8.CndMon2.Val"	"Room8.CndMon2.Val"	
"0x2204 'Room8\Room8.CndMon2.Val'"	"0x1101"	"Passive*Active*Null"	"Passive*Active*Null"	"Passive*Active*Null"	"Passive*Active*Null"	"Passive*Active*Null"	"Passive*Active*Null"	"Passive*Active*Null"	"Passive*Active*Null"	
"0x2308 'Room8\Room8.CndMon'"	"0x1100"	"CndMon"	"CndMon"	"CndMon"	"CndMon"	"CndMon"	"CndMon"	"CndMon"	"CndMon"	
"0x2308 'Room8\Room8.CndMon'"	"0x010D"	"Room8.CndMon"	"Room8.CndMon"	"Room8.CndMon"	"Room8.CndMon"	"Room8.CndMon"	"Room8.CndMon"	"Room8.CndMon"	"Room8.CndMon"	
"0x2304 'Room8\Room8.CndMon.RefIO'"	"0x1100"	"RefIO"	"RefIO"	"RefIO"	"RefIO"	"RefIO"	"RefIO"	"RefIO"	"RefIO"	
"0x2304 'Room8\Room8.CndMon.RefIO'"	"0x010D"	"Room8.CndMon.RefIO"	"Room8.CndMon.RefIO"	"Room8.CndMon.RefIO"	"Room8.CndMon.RefIO"	"Room8.CndMon.RefIO"	"Room8.CndMon.RefIO"	"Room8.CndMon.RefIO"	"Room8.CndMon.RefIO"	
"0x2204 'Room8\Room8.CndMon.Val'"	"0x1100"	"Val"	"Val"	"Val"	"Val"	"Val"	"Val"	"Val"	"Val"	
"0x2204 'Room8\Room8.CndMon.Val'"	"0x010D"	"Room8.CndMon.Val"	"Room8.CndMon.Val"	"Room8.CndMon.Val"	"Room8.CndMon.Val"	"Room8.CndMon.Val"	"Room8.CndMon.Val"	"Room8.CndMon.Val"	"Room8.CndMon.Val"	
"0x2204 'Room8\Room8.CndMon.Val'"	"0x1101"	"Passive*Active*Null"	"Passive*Active*Null"	"Passive*Active*Null"	"Passive*Active*Null"	"Passive*Active*Null"	"Passive*Active*Null"	"Passive*Active*Null"	"Passive*Active*Null"	
"0x2308 'Room8\Room8.CndMon3'"	"0x1100"	"CndMon3"	"CndMon3"	"CndMon3"	"CndMon3"	"CndMon3"	"CndMon3"	"CndMon3"	"CndMon3"	
"0x2308 'Room8\Room8.CndMon3'"	"0x010D"	"Room8.CndMon3"	"Room8.CndMon3"	"Room8.CndMon3"	"Room8.CndMon3"	"Room8.CndMon3"	"Room8.CndMon3"	"Room8.CndMon3"	"Room8.CndMon3"	
"0x2304 'Room8\Room8.CndMon3.RefIO'"	"0x1100"	"RefIO"	"RefIO"	"RefIO"	"RefIO"	"RefIO"	"RefIO"	"RefIO"	"RefIO"	
"0x2304 'Room8\Room8.CndMon3.RefIO'"	"0x010D"	"Room8.CndMon3.RefIO"	"Room8.CndMon3.RefIO"	"Room8.CndMon3.RefIO"	"Room8.CndMon3.RefIO"	"Room8.CndMon3.RefIO"	"Room8.CndMon3.RefIO"	"Room8.CndMon3.RefIO"	"Room8.CndMon3.RefIO"	
"0x2204 'Room8\Room8.CndMon3.Val'"	"0x1100"	"Val"	"Val"	"Val"	"Val"	"Val"	"Val"	"Val"	"Val"	
"0x2204 'Room8\Room8.CndMon3.Val'"	"0x010D"	"Room8.CndMon3.Val"	"Room8.CndMon3.Val"	"Room8.CndMon3.Val"	"Room8.CndMon3.Val"	"Room8.CndMon3.Val"	"Room8.CndMon3.Val"	"Room8.CndMon3.Val"	"Room8.CndMon3.Val"	
"0x2204 'Room8\Room8.CndMon3.Val'"	"0x1101"	"Passive*Active*Null"	"Passive*Active*Null"	"Passive*Active*Null"	"Passive*Active*Null"	"Passive*Active*Null"	"Passive*Active*Null"	"Passive*Active*Null"	"Passive*Active*Null"	
"0x2308 'Room8\Room8.CndMon4'"	"0x1100"	"CndMon4"	"CndMon4"	"CndMon4"	"CndMon4"	"CndMon4"	"CndMon4"	"CndMon4"	"CndMon4"	
"0x2308 'Room8\Room8.CndMon4'"	"0x010D"	"Room8.CndMon4"	"Room8.CndMon4"	"Room8.CndMon4"	"Room8.CndMon4"	"Room8.CndMon4"	"Room8.CndMon4"	"Room8.CndMon4"	"Room8.CndMon4"	
"0x2304 'Room8\Room8.CndMon4.RefIO'"	"0x1100"	"RefIO"	"RefIO"	"RefIO"	"RefIO"	"RefIO"	"RefIO"	"RefIO"	"RefIO"	
"0x2304 'Room8\Room8.CndMon4.RefIO'"	"0x010D"	"Room8.CndMon4.RefIO"	"Room8.CndMon4.RefIO"	"Room8.CndMon4.RefIO"	"Room8.CndMon4.RefIO"	"Room8.CndMon4.RefIO"	"Room8.CndMon4.RefIO"	"Room8.CndMon4.RefIO"	"Room8.CndMon4.RefIO"	
"0x2204 'Room8\Room8.CndMon4.Val'"	"0x1100"	"Val"	"Val"	"Val"	"Val"	"Val"	"Val"	"Val"	"Val"	
"0x2204 'Room8\Room8.CndMon4.Val'"	"0x010D"	"Room8.CndMon4.Val"	"Room8.CndMon4.Val"	"Room8.CndMon4.Val"	"Room8.CndMon4.Val"	"Room8.CndMon4.Val"	"Room8.CndMon4.Val"	"Room8.CndMon4.Val"	"Room8.CndMon4.Val"	
"0x2204 'Room8\Room8.CndMon4.Val'"	"0x1101"	"Passive*Active*Null"	"Passive*Active*Null"	"Passive*Active*Null"	"Passive*Active*Null"	"Passive*Active*Null"	"Passive*Active*Null"	"Passive*Active*Null"	"Passive*Active*Null"	
"0x2302 'Room8\Room8.OpModMan'"	"0x1100"	"OpModMan"	"OpModMan"	"OpModMan"	"OpModMan"	"OpModMan"	"OpModMan"	"OpModMan"	"OpModMan"	
"0x2302 'Room8\Room8.OpModMan'"	"0x010D"	"Room8.OpModMan"	"Room8.OpModMan"	"Room8.OpModMan"	"Room8.OpModMan"	"Room8.OpModMan"	"Room8.OpModMan"	"Room8.OpModMan"	"Room8.OpModMan"	
"0x2302 'Room8\Room8.OpModMan'"	"0x1101"	"Prt*Eco*Cmf*Auto"	"Prt*Eco*Cmf*Auto"	"Prt*Eco*Cmf*Auto"	"Prt*Eco*Cmf*Auto"	"Prt*Eco*Cmf*Auto"	"Prt*Eco*Cmf*Auto"	"Prt*Eco*Cmf*Auto"	"Prt*Eco*Cmf*Auto"	
"0x2302 'Room8\Room8.ShedSel'"	"0x1100"	"ShedSel"	"ShedSel"	"ShedSel"	"ShedSel"	"ShedSel"	"ShedSel"	"ShedSel"	"ShedSel"	
"0x2302 'Room8\Room8.ShedSel'"	"0x010D"	"Room8.ShedSel"	"Room8.ShedSel"	"Room8.ShedSel"	"Room8.ShedSel"	"Room8.ShedSel"	"Room8.ShedSel"	"Room8.ShedSel"	"Room8.ShedSel"	
"0x2302 'Room8\Room8.ShedSel'"	"0x1101"	"TSP_1*TSP_2*TSP_3"	"TSP_1*TSP_2*TSP_3"	"TSP_1*TSP_2*TSP_3"	"TSP_1*TSP_2*TSP_3"	"TSP_1*TSP_2*TSP_3"	"TSP_1*TSP_2*TSP_3"	"TSP_1*TSP_2*TSP_3"	"TSP_1*TSP_2*TSP_3"	
"0x2300 'Room8\Room8.SpTRPrt'"	"0x1100"	"SpTRPrt"	"SpTRPrt"	"SpTRPrt"	"SpTRPrt"	"SpTRPrt"	"SpTRPrt"	"SpTRPrt"	"SpTRPrt"	
"0x2300 'Room8\Room8.SpTRPrt'"	"0x010D"	"Room8.SpTRPrt"	"Room8.SpTRPrt"	"Room8.SpTRPrt"	"Room8.SpTRPrt"	"Room8.SpTRPrt"	"Room8.SpTRPrt"	"Room8.SpTRPrt"	"Room8.SpTRPrt"	
"0x2300 'Room8\Room8.SpTRPrt'"	"0x1102"	"°C"	"°C"	"°C"	"°C"	"°C"	"°C"	"°C"	"°C"	
"0x2300 'Room8\Room8.SpTREco'"	"0x1100"	"SpTREco"	"SpTREco"	"SpTREco"	"SpTREco"	"SpTREco"	"SpTREco"	"SpTREco"	"SpTREco"	
"0x2300 'Room8\Room8.SpTREco'"	"0x010D"	"Room8.SpTREco"	"Room8.SpTREco"	"Room8.SpTREco"	"Room8.SpTREco"	"Room8.SpTREco"	"Room8.SpTREco"	"Room8.SpTREco"	"Room8.SpTREco"	
"0x2300 'Room8\Room8.SpTREco'"	"0x1102"	"°C"	"°C"	"°C"	"°C"	"°C"	"°C"	"°C"	"°C"	
"0x2300 'Room8\Room8.SpTRCmf'"	"0x1100"	"SpTRCmf"	"SpTRCmf"	"SpTRCmf"	"SpTRCmf"	"SpTRCmf"	"SpTRCmf"	"SpTRCmf"	"SpTRCmf"	
"0x2300 'Room8\Room8.SpTRCmf'"	"0x010D"	"Room8.SpTRCmf"	"Room8.SpTRCmf"	"Room8.SpTRCmf"	"Room8.SpTRCmf"	"Room8.SpTRCmf"	"Room8.SpTRCmf"	"Room8.SpTRCmf"	"Room8.SpTRCmf"	
"0x2300 'Room8\Room8.SpTRCmf'"	"0x1102"	"°C"	"°C"	"°C"	"°C"	"°C"	"°C"	"°C"	"°C"	
"0x2202 'Room8\Room8.PltMod'"	"0x1100"	"PltMod"	"PltMod"	"PltMod"	"PltMod"	"PltMod"	"PltMod"	"PltMod"	"PltMod"	
"0x2202 'Room8\Room8.PltMod'"	"0x010D"	"Room8.PltMod"	"Room8.PltMod"	"Room8.PltMod"	"Room8.PltMod"	"Room8.PltMod"	"Room8.PltMod"	"Room8.PltMod"	"Room8.PltMod"	
"0x2202 'Room8\Room8.PltMod'"	"0x1101"	"Null*Auto*Off*Ctl*Flt"	"Null*Auto*Off*Ctl*Flt"	"Null*Auto*Off*Ctl*Flt"	"Null*Auto*Off*Ctl*Flt"	"Null*Auto*Off*Ctl*Flt"	"Null*Auto*Off*Ctl*Flt"	"Null*Auto*Off*Ctl*Flt"	"Null*Auto*Off*Ctl*Flt"	
"0x2308 'Room8\Room8.VlvCtl'"	"0x1100"	"VlvCtl"	"VlvCtl"	"VlvCtl"	"VlvCtl"	"VlvCtl"	"VlvCtl"	"VlvCtl"	"VlvCtl"	
"0x2308 'Room8\Room8.VlvCtl'"	"0x010D"	"Room8.VlvCtl"	"Room8.VlvCtl"	"Room8.VlvCtl"	"Room8.VlvCtl"	"Room8.VlvCtl"	"Room8.VlvCtl"	"Room8.VlvCtl"	"Room8.VlvCtl"	
"0x2202 'Room8\Room8.VlvCtl.AggrMod'"	"0x1100"	"AggrMod"	"AggrMod"	"AggrMod"	"AggrMod"	"AggrMod"	"AggrMod"	"AggrMod"	"AggrMod"	
"0x2202 'Room8\Room8.VlvCtl.AggrMod'"	"0x010D"	"Room8.VlvCtl.AggrMod"	"Room8.VlvCtl.AggrMod"	"Room8.VlvCtl.AggrMod"	"Room8.VlvCtl.AggrMod"	"Room8.VlvCtl.AggrMod"	"Room8.VlvCtl.AggrMod"	"Room8.VlvCtl.AggrMod"	"Room8.VlvCtl.AggrMod"	
"0x2202 'Room8\Room8.VlvCtl.AggrMod'"	"0x1101"	"Auto*Off*On*Dmd*Loop*Low*High*Swi*Last*LoopDmd"	"Auto*Off*On*Dmd*Loop*Low*High*Swi*Last*LoopDmd"	"Auto*Off*On*Dmd*Loop*Low*High*Swi*Last*LoopDmd"	"Auto*Off*On*Dmd*Loop*Low*High*Swi*Last*LoopDmd"	"Auto*Off*On*Dmd*Loop*Low*High*Swi*Last*LoopDmd"	"Auto*Off*On*Dmd*Loop*Low*High*Swi*Last*LoopDmd"	"Auto*Off*On*Dmd*Loop*Low*High*Swi*Last*LoopDmd"	"Auto*Off*On*Dmd*Loop*Low*High*Swi*Last*LoopDmd"	
"0x2300 'Room8\Room8.VlvCtl.Low'"	"0x1100"	"Low"	"Low"	"Low"	"Low"	"Low"	"Low"	"Low"	"Low"	
"0x2300 'Room8\Room8.VlvCtl.Low'"	"0x010D"	"Room8.VlvCtl.Low"	"Room8.VlvCtl.Low"	"Room8.VlvCtl.Low"	"Room8.VlvCtl.Low"	"Room8.VlvCtl.Low"	"Room8.VlvCtl.Low"	"Room8.VlvCtl.Low"	"Room8.VlvCtl.Low"	
"0x2300 'Room8\Room8.VlvCtl.Low'"	"0x1102"	"%"	"%"	"%"	"%"	"%"	"%"	"%"	"%"	
"0x2300 'Room8\Room8.VlvCtl.High'"	"0x1100"	"High"	"High"	"High"	"High"	"High"	"High"	"High"	"High"	
"0x2300 'Room8\Room8.VlvCtl.High'"	"0x010D"	"Room8.VlvCtl.High"	"Room8.VlvCtl.High"	"Room8.VlvCtl.High"	"Room8.VlvCtl.High"	"Room8.VlvCtl.High"	"Room8.VlvCtl.High"	"Room8.VlvCtl.High"	"Room8.VlvCtl.High"	
"0x2300 'Room8\Room8.VlvCtl.High'"	"0x1102"	"%"	"%"	"%"	"%"	"%"	"%"	"%"	"%"	
"0x2300 'Room8\Room8.VlvCtl.TiDly'"	"0x1100"	"TiDly"	"TiDly"	"TiDly"	"TiDly"	"TiDly"	"TiDly"	"TiDly"	"TiDly"	
"0x2300 'Room8\Room8.VlvCtl.TiDly'"	"0x010D"	"Room8.VlvCtl.TiDly"	"Room8.VlvCtl.TiDly"	"Room8.VlvCtl.TiDly"	"Room8.VlvCtl.TiDly"	"Room8.VlvCtl.TiDly"	"Room8.VlvCtl.TiDly"	"Room8.VlvCtl.TiDly"	"Room8.VlvCtl.TiDly"	
"0x2300 'Room8\Room8.VlvCtl.TiDly'"	"0x1102"	"s"	"s"	"s"	"s"	"s"	"s"	"s"	"s"	
"0x2300 'Room8\Room8.VlvCtl.SwiOn'"	"0x1100"	"SwiOn"	"SwiOn"	"SwiOn"	"SwiOn"	"SwiOn"	"SwiOn"	"SwiOn"	"SwiOn"	
"0x2300 'Room8\Room8.VlvCtl.SwiOn'"	"0x010D"	"Room8.VlvCtl.SwiOn"	"Room8.VlvCtl.SwiOn"	"Room8.VlvCtl.SwiOn"	"Room8.VlvCtl.SwiOn"	"Room8.VlvCtl.SwiOn"	"Room8.VlvCtl.SwiOn"	"Room8.VlvCtl.SwiOn"	"Room8.VlvCtl.SwiOn"	
"0x2300 'Room8\Room8.VlvCtl.SwiOn'"	"0x1102"	"%"	"%"	"%"	"%"	"%"	"%"	"%"	"%"	
"0x2300 'Room8\Room8.VlvCtl.SwiOff'"	"0x1100"	"SwiOff"	"SwiOff"	"SwiOff"	"SwiOff"	"SwiOff"	"SwiOff"	"SwiOff"	"SwiOff"	
"0x2300 'Room8\Room8.VlvCtl.SwiOff'"	"0x010D"	"Room8.VlvCtl.SwiOff"	"Room8.VlvCtl.SwiOff"	"Room8.VlvCtl.SwiOff"	"Room8.VlvCtl.SwiOff"	"Room8.VlvCtl.SwiOff"	"Room8.VlvCtl.SwiOff"	"Room8.VlvCtl.SwiOff"	"Room8.VlvCtl.SwiOff"	
"0x2300 'Room8\Room8.VlvCtl.SwiOff'"	"0x1102"	"%"	"%"	"%"	"%"	"%"	"%"	"%"	"%"	
"0x2305 'Room8\Room8.VlvCtl.Ctl'"	"0x1100"	"Ctl"	"Ctl"	"Ctl"	"Ctl"	"Ctl"	"Ctl"	"Ctl"	"Ctl"	
"0x2305 'Room8\Room8.VlvCtl.Ctl'"	"0x010D"	"Room8.VlvCtl.Ctl"	"Room8.VlvCtl.Ctl"	"Room8.VlvCtl.Ctl"	"Room8.VlvCtl.Ctl"	"Room8.VlvCtl.Ctl"	"Room8.VlvCtl.Ctl"	"Room8.VlvCtl.Ctl"	"Room8.VlvCtl.Ctl"	
"0x2305 'Room8\Room8.VlvCtl.Ctl'"	"0x1102"	"°C"	"°C"	"°C"	"°C"	"°C"	"°C"	"°C"	"°C"	
"0x2305 'Room8\Room8.VlvCtl.Ctl'"	"0x1200"	"GESP*OG*UG*REG*Y-NV*UDEF"	"GESP*OG*UG*REG*Y-NV*UDEF"	"GESP*OG*UG*REG*Y-NV*UDEF"	"GESP*OG*UG*REG*Y-NV*UDEF"	"GESP*OG*UG*REG*Y-NV*UDEF"	"GESP*OG*UG*REG*Y-NV*UDEF"	"GESP*OG*UG*REG*Y-NV*UDEF"	"GESP*OG*UG*REG*Y-NV*UDEF"	
"0x2308 'Room8\Room8.Vlv2'"	"0x1100"	"Vlv2"	"Vlv2"	"Vlv2"	"Vlv2"	"Vlv2"	"Vlv2"	"Vlv2"	"Vlv2"	
"0x2308 'Room8\Room8.Vlv2'"	"0x010D"	"Room8.Vlv2"	"Room8.Vlv2"	"Room8.Vlv2"	"Room8.Vlv2"	"Room8.Vlv2"	"Room8.Vlv2"	"Room8.Vlv2"	"Room8.Vlv2"	
"0x2304 'Room8\Room8.Vlv2.RefIO'"	"0x1100"	"RefIO"	"RefIO"	"RefIO"	"RefIO"	"RefIO"	"RefIO"	"RefIO"	"RefIO"	
"0x2304 'Room8\Room8.Vlv2.RefIO'"	"0x010D"	"Room8.Vlv2.RefIO"	"Room8.Vlv2.RefIO"	"Room8.Vlv2.RefIO"	"Room8.Vlv2.RefIO"	"Room8.Vlv2.RefIO"	"Room8.Vlv2.RefIO"	"Room8.Vlv2.RefIO"	"Room8.Vlv2.RefIO"	
"0x2206 'Room8\Room8.Vlv2.Cmd'"	"0x1100"	"Cmd"	"Cmd"	"Cmd"	"Cmd"	"Cmd"	"Cmd"	"Cmd"	"Cmd"	
"0x2206 'Room8\Room8.Vlv2.Cmd'"	"0x010D"	"Room8.Vlv2.Cmd"	"Room8.Vlv2.Cmd"	"Room8.Vlv2.Cmd"	"Room8.Vlv2.Cmd"	"Room8.Vlv2.Cmd"	"Room8.Vlv2.Cmd"	"Room8.Vlv2.Cmd"	"Room8.Vlv2.Cmd"	
"0x2206 'Room8\Room8.Vlv2.Cmd'"	"0x1102"	"%"	"%"	"%"	"%"	"%"	"%"	"%"	"%"	
"0x2206 'Room8\Room8.Vlv2.Cmd'"	"0x1214"	"%"	"%"	"%"	"%"	"%"	"%"	"%"	"%"	
"0x2310 'Room8\Room8.Vlv2.Pos'"	"0x1100"	"Pos"	"Pos"	"Pos"	"Pos"	"Pos"	"Pos"	"Pos"	"Pos"	
"0x2310 'Room8\Room8.Vlv2.Pos'"	"0x010D"	"Room8.Vlv2.Pos"	"Room8.Vlv2.Pos"	"Room8.Vlv2.Pos"	"Room8.Vlv2.Pos"	"Room8.Vlv2.Pos"	"Room8.Vlv2.Pos"	"Room8.Vlv2.Pos"	"Room8.Vlv2.Pos"	
"0x2310 'Room8\Room8.Vlv2.Pos'"	"0x1101"	"Idle*Pos+*Pos-*Sync+*Sync-"	"Idle*Pos+*Pos-*Sync+*Sync-"	"Idle*Pos+*Pos-*Sync+*Sync-"	"Idle*Pos+*Pos-*Sync+*Sync-"	"Idle*Pos+*Pos-*Sync+*Sync-"	"Idle*Pos+*Pos-*Sync+*Sync-"	"Idle*Pos+*Pos-*Sync+*Sync-"	"Idle*Pos+*Pos-*Sync+*Sync-"	
"0x2308 'Room8\Room8.Vlv'"	"0x1100"	"Vlv"	"Vlv"	"Vlv"	"Vlv"	"Vlv"	"Vlv"	"Vlv"	"Vlv"	
"0x2308 'Room8\Room8.Vlv'"	"0x010D"	"Room8.Vlv"	"Room8.Vlv"	"Room8.Vlv"	"Room8.Vlv"	"Room8.Vlv"	"Room8.Vlv"	"Room8.Vlv"	"Room8.Vlv"	
"0x2304 'Room8\Room8.Vlv.RefIO'"	"0x1100"	"RefIO"	"RefIO"	"RefIO"	"RefIO"	"RefIO"	"RefIO"	"RefIO"	"RefIO"	
"0x2304 'Room8\Room8.Vlv.RefIO'"	"0x010D"	"Room8.Vlv.RefIO"	"Room8.Vlv.RefIO"	"Room8.Vlv.RefIO"	"Room8.Vlv.RefIO"	"Room8.Vlv.RefIO"	"Room8.Vlv.RefIO"	"Room8.Vlv.RefIO"	"Room8.Vlv.RefIO"	
"0x2206 'Room8\Room8.Vlv.Cmd'"	"0x1100"	"Cmd"	"Cmd"	"Cmd"	"Cmd"	"Cmd"	"Cmd"	"Cmd"	"Cmd"	
"0x2206 'Room8\Room8.Vlv.Cmd'"	"0x010D"	"Room8.Vlv.Cmd"	"Room8.Vlv.Cmd"	"Room8.Vlv.Cmd"	"Room8.Vlv.Cmd"	"Room8.Vlv.Cmd"	"Room8.Vlv.Cmd"	"Room8.Vlv.Cmd"	"Room8.Vlv.Cmd"	
"0x2206 'Room8\Room8.Vlv.Cmd'"	"0x1102"	"%"	"%"	"%"	"%"	"%"	"%"	"%"	"%"	
"0x2206 'Room8\Room8.Vlv.Cmd'"	"0x1214"	"%"	"%"	"%"	"%"	"%"	"%"	"%"	"%"	
"0x2310 'Room8\Room8.Vlv.Pos'"	"0x1100"	"Pos"	"Pos"	"Pos"	"Pos"	"Pos"	"Pos"	"Pos"	"Pos"	
"0x2310 'Room8\Room8.Vlv.Pos'"	"0x010D"	"Room8.Vlv.Pos"	"Room8.Vlv.Pos"	"Room8.Vlv.Pos"	"Room8.Vlv.Pos"	"Room8.Vlv.Pos"	"Room8.Vlv.Pos"	"Room8.Vlv.Pos"	"Room8.Vlv.Pos"	
"0x2310 'Room8\Room8.Vlv.Pos'"	"0x1101"	"Idle*Pos+*Pos-*Sync+*Sync-"	"Idle*Pos+*Pos-*Sync+*Sync-"	"Idle*Pos+*Pos-*Sync+*Sync-"	"Idle*Pos+*Pos-*Sync+*Sync-"	"Idle*Pos+*Pos-*Sync+*Sync-"	"Idle*Pos+*Pos-*Sync+*Sync-"	"Idle*Pos+*Pos-*Sync+*Sync-"	"Idle*Pos+*Pos-*Sync+*Sync-"	
"0x2308 'Room8\Room8.Vlv3'"	"0x1100"	"Vlv3"	"Vlv3"	"Vlv3"	"Vlv3"	"Vlv3"	"Vlv3"	"Vlv3"	"Vlv3"	
"0x2308 'Room8\Room8.Vlv3'"	"0x010D"	"Room8.Vlv3"	"Room8.Vlv3"	"Room8.Vlv3"	"Room8.Vlv3"	"Room8.Vlv3"	"Room8.Vlv3"	"Room8.Vlv3"	"Room8.Vlv3"	
"0x2304 'Room8\Room8.Vlv3.RefIO'"	"0x1100"	"RefIO"	"RefIO"	"RefIO"	"RefIO"	"RefIO"	"RefIO"	"RefIO"	"RefIO"	
"0x2304 'Room8\Room8.Vlv3.RefIO'"	"0x010D"	"Room8.Vlv3.RefIO"	"Room8.Vlv3.RefIO"	"Room8.Vlv3.RefIO"	"Room8.Vlv3.RefIO"	"Room8.Vlv3.RefIO"	"Room8.Vlv3.RefIO"	"Room8.Vlv3.RefIO"	"Room8.Vlv3.RefIO"	
"0x2206 'Room8\Room8.Vlv3.Cmd'"	"0x1100"	"Cmd"	"Cmd"	"Cmd"	"Cmd"	"Cmd"	"Cmd"	"Cmd"	"Cmd"	
"0x2206 'Room8\Room8.Vlv3.Cmd'"	"0x010D"	"Room8.Vlv3.Cmd"	"Room8.Vlv3.Cmd"	"Room8.Vlv3.Cmd"	"Room8.Vlv3.Cmd"	"Room8.Vlv3.Cmd"	"Room8.Vlv3.Cmd"	"Room8.Vlv3.Cmd"	"Room8.Vlv3.Cmd"	
"0x2206 'Room8\Room8.Vlv3.Cmd'"	"0x1102"	"%"	"%"	"%"	"%"	"%"	"%"	"%"	"%"	
"0x2206 'Room8\Room8.Vlv3.Cmd'"	"0x1214"	"%"	"%"	"%"	"%"	"%"	"%"	"%"	"%"	
"0x2310 'Room8\Room8.Vlv3.Pos'"	"0x1100"	"Pos"	"Pos"	"Pos"	"Pos"	"Pos"	"Pos"	"Pos"	"Pos"	
"0x2310 'Room8\Room8.Vlv3.Pos'"	"0x010D"	"Room8.Vlv3.Pos"	"Room8.Vlv3.Pos"	"Room8.Vlv3.Pos"	"Room8.Vlv3.Pos"	"Room8.Vlv3.Pos"	"Room8.Vlv3.Pos"	"Room8.Vlv3.Pos"	"Room8.Vlv3.Pos"	
"0x2310 'Room8\Room8.Vlv3.Pos'"	"0x1101"	"Idle*Pos+*Pos-*Sync+*Sync-"	"Idle*Pos+*Pos-*Sync+*Sync-"	"Idle*Pos+*Pos-*Sync+*Sync-"	"Idle*Pos+*Pos-*Sync+*Sync-"	"Idle*Pos+*Pos-*Sync+*Sync-"	"Idle*Pos+*Pos-*Sync+*Sync-"	"Idle*Pos+*Pos-*Sync+*Sync-"	"Idle*Pos+*Pos-*Sync+*Sync-"	
"0x2308 'Room8\Room8.Vlv4'"	"0x1100"	"Vlv4"	"Vlv4"	"Vlv4"	"Vlv4"	"Vlv4"	"Vlv4"	"Vlv4"	"Vlv4"	
"0x2308 'Room8\Room8.Vlv4'"	"0x010D"	"Room8.Vlv4"	"Room8.Vlv4"	"Room8.Vlv4"	"Room8.Vlv4"	"Room8.Vlv4"	"Room8.Vlv4"	"Room8.Vlv4"	"Room8.Vlv4"	
"0x2304 'Room8\Room8.Vlv4.RefIO'"	"0x1100"	"RefIO"	"RefIO"	"RefIO"	"RefIO"	"RefIO"	"RefIO"	"RefIO"	"RefIO"	
"0x2304 'Room8\Room8.Vlv4.RefIO'"	"0x010D"	"Room8.Vlv4.RefIO"	"Room8.Vlv4.RefIO"	"Room8.Vlv4.RefIO"	"Room8.Vlv4.RefIO"	"Room8.Vlv4.RefIO"	"Room8.Vlv4.RefIO"	"Room8.Vlv4.RefIO"	"Room8.Vlv4.RefIO"	
"0x2206 'Room8\Room8.Vlv4.Cmd'"	"0x1100"	"Cmd"	"Cmd"	"Cmd"	"Cmd"	"Cmd"	"Cmd"	"Cmd"	"Cmd"	
"0x2206 'Room8\Room8.Vlv4.Cmd'"	"0x010D"	"Room8.Vlv4.Cmd"	"Room8.Vlv4.Cmd"	"Room8.Vlv4.Cmd"	"Room8.Vlv4.Cmd"	"Room8.Vlv4.Cmd"	"Room8.Vlv4.Cmd"	"Room8.Vlv4.Cmd"	"Room8.Vlv4.Cmd"	
"0x2206 'Room8\Room8.Vlv4.Cmd'"	"0x1102"	"%"	"%"	"%"	"%"	"%"	"%"	"%"	"%"	
"0x2206 'Room8\Room8.Vlv4.Cmd'"	"0x1214"	"%"	"%"	"%"	"%"	"%"	"%"	"%"	"%"	
"0x2310 'Room8\Room8.Vlv4.Pos'"	"0x1100"	"Pos"	"Pos"	"Pos"	"Pos"	"Pos"	"Pos"	"Pos"	"Pos"	
"0x2310 'Room8\Room8.Vlv4.Pos'"	"0x010D"	"Room8.Vlv4.Pos"	"Room8.Vlv4.Pos"	"Room8.Vlv4.Pos"	"Room8.Vlv4.Pos"	"Room8.Vlv4.Pos"	"Room8.Vlv4.Pos"	"Room8.Vlv4.Pos"	"Room8.Vlv4.Pos"	
"0x2310 'Room8\Room8.Vlv4.Pos'"	"0x1101"	"Idle*Pos+*Pos-*Sync+*Sync-"	"Idle*Pos+*Pos-*Sync+*Sync-"	"Idle*Pos+*Pos-*Sync+*Sync-"	"Idle*Pos+*Pos-*Sync+*Sync-"	"Idle*Pos+*Pos-*Sync+*Sync-"	"Idle*Pos+*Pos-*Sync+*Sync-"	"Idle*Pos+*Pos-*Sync+*Sync-"	"Idle*Pos+*Pos-*Sync+*Sync-"	
"0x2304 'Room8\Room8.Ime'"	"0x1100"	"Ime"	"Ime"	"Ime"	"Ime"	"Ime"	"Ime"	"Ime"	"Ime"	
"0x2304 'Room8\Room8.Ime'"	"0x010D"	"Room8.Ime"	"Room8.Ime"	"Room8.Ime"	"Room8.Ime"	"Room8.Ime"	"Room8.Ime"	"Room8.Ime"	"Room8.Ime"	
"0x2309 '0x031D\Room9'"	"0x1100"	"Room9"	"Room9"	"Room9"	"Room9"	"Room9"	"Room9"	"Room9"	"Room9"	
"0x2309 '0x031D\Room9'"	"0x010D"	"Room9"	"Room9"	"Room9"	"Room9"	"Room9"	"Room9"	"Room9"	"Room9"	
"0x2308 'Room9\Room9.TR'"	"0x1100"	"TR"	"TR"	"TR"	"TR"	"TR"	"TR"	"TR"	"TR"	
"0x2308 'Room9\Room9.TR'"	"0x010D"	"Room9.TR"	"Room9.TR"	"Room9.TR"	"Room9.TR"	"Room9.TR"	"Room9.TR"	"Room9.TR"	"Room9.TR"	
"0x2300 'Room9\Room9.TR.SpTiCom'"	"0x1100"	"SpTiCom"	"SpTiCom"	"SpTiCom"	"SpTiCom"	"SpTiCom"	"SpTiCom"	"SpTiCom"	"SpTiCom"	
"0x2300 'Room9\Room9.TR.SpTiCom'"	"0x010D"	"Room9.TR.SpTiCom"	"Room9.TR.SpTiCom"	"Room9.TR.SpTiCom"	"Room9.TR.SpTiCom"	"Room9.TR.SpTiCom"	"Room9.TR.SpTiCom"	"Room9.TR.SpTiCom"	"Room9.TR.SpTiCom"	
"0x2300 'Room9\Room9.TR.SpTiCom'"	"0x1102"	"s"	"s"	"s"	"s"	"s"	"s"	"s"	"s"	
"0x2203 'Room9\Room9.TR.Val'"	"0x1100"	"Val"	"Val"	"Val"	"Val"	"Val"	"Val"	"Val"	"Val"	
"0x2203 'Room9\Room9.TR.Val'"	"0x010D"	"Room9.TR.Val"	"Room9.TR.Val"	"Room9.TR.Val"	"Room9.TR.Val"	"Room9.TR.Val"	"Room9.TR.Val"	"Room9.TR.Val"	"Room9.TR.Val"	
"0x2203 'Room9\Room9.TR.Val'"	"0x1102"	"°C"	"°C"	"°C"	"°C"	"°C"	"°C"	"°C"	"°C"	
"0x2203 'Room9\Room9.TR.Val'"	"0x1214"	"dK"	"dK"	"dK"	"dK"	"dK"	"dK"	"dK"	"dK"	
"0x2308 'Room9\Room9.CndMon2'"	"0x1100"	"CndMon2"	"CndMon2"	"CndMon2"	"CndMon2"	"CndMon2"	"CndMon2"	"CndMon2"	"CndMon2"	
"0x2308 'Room9\Room9.CndMon2'"	"0x010D"	"Room9.CndMon2"	"Room9.CndMon2"	"Room9.CndMon2"	"Room9.CndMon2"	"Room9.CndMon2"	"Room9.CndMon2"	"Room9.CndMon2"	"Room9.CndMon2"	
"0x2304 'Room9\Room9.CndMon2.RefIO'"	"0x1100"	"RefIO"	"RefIO"	"RefIO"	"RefIO"	"RefIO"	"RefIO"	"RefIO"	"RefIO"	
"0x2304 'Room9\Room9.CndMon2.RefIO'"	"0x010D"	"Room9.CndMon2.RefIO"	"Room9.CndMon2.RefIO"	"Room9.CndMon2.RefIO"	"Room9.CndMon2.RefIO"	"Room9.CndMon2.RefIO"	"Room9.CndMon2.RefIO"	"Room9.CndMon2.RefIO"	"Room9.CndMon2.RefIO"	
"0x2204 'Room9\Room9.CndMon2.Val'"	"0x1100"	"Val"	"Val"	"Val"	"Val"	"Val"	"Val"	"Val"	"Val"	
"0x2204 'Room9\Room9.CndMon2.Val'"	"0x010D"	"Room9.CndMon2.Val"	"Room9.CndMon2.Val"	"Room9.CndMon2.Val"	"Room9.CndMon2.Val"	"Room9.CndMon2.Val"	"Room9.CndMon2.Val"	"Room9.CndMon2.Val"	"Room9.CndMon2.Val"	
"0x2204 'Room9\Room9.CndMon2.Val'"	"0x1101"	"Passive*Active*Null"	"Passive*Active*Null"	"Passive*Active*Null"	"Passive*Active*Null"	"Passive*Active*Null"	"Passive*Active*Null"	"Passive*Active*Null"	"Passive*Active*Null"	
"0x2308 'Room9\Room9.CndMon'"	"0x1100"	"CndMon"	"CndMon"	"CndMon"	"CndMon"	"CndMon"	"CndMon"	"CndMon"	"CndMon"	
"0x2308 'Room9\Room9.CndMon'"	"0x010D"	"Room9.CndMon"	"Room9.CndMon"	"Room9.CndMon"	"Room9.CndMon"	"Room9.CndMon"	"Room9.CndMon"	"Room9.CndMon"	"Room9.CndMon"	
"0x2304 'Room9\Room9.CndMon.RefIO'"	"0x1100"	"RefIO"	"RefIO"	"RefIO"	"RefIO"	"RefIO"	"RefIO"	"RefIO"	"RefIO"	
"0x2304 'Room9\Room9.CndMon.RefIO'"	"0x010D"	"Room9.CndMon.RefIO"	"Room9.CndMon.RefIO"	"Room9.CndMon.RefIO"	"Room9.CndMon.RefIO"	"Room9.CndMon.RefIO"	"Room9.CndMon.RefIO"	"Room9.CndMon.RefIO"	"Room9.CndMon.RefIO"	
"0x2204 'Room9\Room9.CndMon.Val'"	"0x1100"	"Val"	"Val"	"Val"	"Val"	"Val"	"Val"	"Val"	"Val"	
"0x2204 'Room9\Room9.CndMon.Val'"	"0x010D"	"Room9.CndMon.Val"	"Room9.CndMon.Val"	"Room9.CndMon.Val"	"Room9.CndMon.Val"	"Room9.CndMon.Val"	"Room9.CndMon.Val"	"Room9.CndMon.Val"	"Room9.CndMon.Val"	
"0x2204 'Room9\Room9.CndMon.Val'"	"0x1101"	"Passive*Active*Null"	"Passive*Active*Null"	"Passive*Active*Null"	"Passive*Active*Null"	"Passive*Active*Null"	"Passive*Active*Null"	"Passive*Active*Null"	"Passive*Active*Null"	
"0x2308 'Room9\Room9.CndMon3'"	"0x1100"	"CndMon3"	"CndMon3"	"CndMon3"	"CndMon3"	"CndMon3"	"CndMon3"	"CndMon3"	"CndMon3"	
"0x2308 'Room9\Room9.CndMon3'"	"0x010D"	"Room9.CndMon3"	"Room9.CndMon3"	"Room9.CndMon3"	"Room9.CndMon3"	"Room9.CndMon3"	"Room9.CndMon3"	"Room9.CndMon3"	"Room9.CndMon3"	
"0x2304 'Room9\Room9.CndMon3.RefIO'"	"0x1100"	"RefIO"	"RefIO"	"RefIO"	"RefIO"	"RefIO"	"RefIO"	"RefIO"	"RefIO"	
"0x2304 'Room9\Room9.CndMon3.RefIO'"	"0x010D"	"Room9.CndMon3.RefIO"	"Room9.CndMon3.RefIO"	"Room9.CndMon3.RefIO"	"Room9.CndMon3.RefIO"	"Room9.CndMon3.RefIO"	"Room9.CndMon3.RefIO"	"Room9.CndMon3.RefIO"	"Room9.CndMon3.RefIO"	
"0x2204 'Room9\Room9.CndMon3.Val'"	"0x1100"	"Val"	"Val"	"Val"	"Val"	"Val"	"Val"	"Val"	"Val"	
"0x2204 'Room9\Room9.CndMon3.Val'"	"0x010D"	"Room9.CndMon3.Val"	"Room9.CndMon3.Val"	"Room9.CndMon3.Val"	"Room9.CndMon3.Val"	"Room9.CndMon3.Val"	"Room9.CndMon3.Val"	"Room9.CndMon3.Val"	"Room9.CndMon3.Val"	
"0x2204 'Room9\Room9.CndMon3.Val'"	"0x1101"	"Passive*Active*Null"	"Passive*Active*Null"	"Passive*Active*Null"	"Passive*Active*Null"	"Passive*Active*Null"	"Passive*Active*Null"	"Passive*Active*Null"	"Passive*Active*Null"	
"0x2308 'Room9\Room9.CndMon4'"	"0x1100"	"CndMon4"	"CndMon4"	"CndMon4"	"CndMon4"	"CndMon4"	"CndMon4"	"CndMon4"	"CndMon4"	
"0x2308 'Room9\Room9.CndMon4'"	"0x010D"	"Room9.CndMon4"	"Room9.CndMon4"	"Room9.CndMon4"	"Room9.CndMon4"	"Room9.CndMon4"	"Room9.CndMon4"	"Room9.CndMon4"	"Room9.CndMon4"	
"0x2304 'Room9\Room9.CndMon4.RefIO'"	"0x1100"	"RefIO"	"RefIO"	"RefIO"	"RefIO"	"RefIO"	"RefIO"	"RefIO"	"RefIO"	
"0x2304 'Room9\Room9.CndMon4.RefIO'"	"0x010D"	"Room9.CndMon4.RefIO"	"Room9.CndMon4.RefIO"	"Room9.CndMon4.RefIO"	"Room9.CndMon4.RefIO"	"Room9.CndMon4.RefIO"	"Room9.CndMon4.RefIO"	"Room9.CndMon4.RefIO"	"Room9.CndMon4.RefIO"	
"0x2204 'Room9\Room9.CndMon4.Val'"	"0x1100"	"Val"	"Val"	"Val"	"Val"	"Val"	"Val"	"Val"	"Val"	
"0x2204 'Room9\Room9.CndMon4.Val'"	"0x010D"	"Room9.CndMon4.Val"	"Room9.CndMon4.Val"	"Room9.CndMon4.Val"	"Room9.CndMon4.Val"	"Room9.CndMon4.Val"	"Room9.CndMon4.Val"	"Room9.CndMon4.Val"	"Room9.CndMon4.Val"	
"0x2204 'Room9\Room9.CndMon4.Val'"	"0x1101"	"Passive*Active*Null"	"Passive*Active*Null"	"Passive*Active*Null"	"Passive*Active*Null"	"Passive*Active*Null"	"Passive*Active*Null"	"Passive*Active*Null"	"Passive*Active*Null"	
"0x2302 'Room9\Room9.OpModMan'"	"0x1100"	"OpModMan"	"OpModMan"	"OpModMan"	"OpModMan"	"OpModMan"	"OpModMan"	"OpModMan"	"OpModMan"	
"0x2302 'Room9\Room9.OpModMan'"	"0x010D"	"Room9.OpModMan"	"Room9.OpModMan"	"Room9.OpModMan"	"Room9.OpModMan"	"Room9.OpModMan"	"Room9.OpModMan"	"Room9.OpModMan"	"Room9.OpModMan"	
"0x2302 'Room9\Room9.OpModMan'"	"0x1101"	"Prt*Eco*Cmf*Auto"	"Prt*Eco*Cmf*Auto"	"Prt*Eco*Cmf*Auto"	"Prt*Eco*Cmf*Auto"	"Prt*Eco*Cmf*Auto"	"Prt*Eco*Cmf*Auto"	"Prt*Eco*Cmf*Auto"	"Prt*Eco*Cmf*Auto"	
"0x2302 'Room9\Room9.ShedSel'"	"0x1100"	"ShedSel"	"ShedSel"	"ShedSel"	"ShedSel"	"ShedSel"	"ShedSel"	"ShedSel"	"ShedSel"	
"0x2302 'Room9\Room9.ShedSel'"	"0x010D"	"Room9.ShedSel"	"Room9.ShedSel"	"Room9.ShedSel"	"Room9.ShedSel"	"Room9.ShedSel"	"Room9.ShedSel"	"Room9.ShedSel"	"Room9.ShedSel"	
"0x2302 'Room9\Room9.ShedSel'"	"0x1101"	"TSP_1*TSP_2*TSP_3"	"TSP_1*TSP_2*TSP_3"	"TSP_1*TSP_2*TSP_3"	"TSP_1*TSP_2*TSP_3"	"TSP_1*TSP_2*TSP_3"	"TSP_1*TSP_2*TSP_3"	"TSP_1*TSP_2*TSP_3"	"TSP_1*TSP_2*TSP_3"	
"0x2300 'Room9\Room9.SpTRPrt'"	"0x1100"	"SpTRPrt"	"SpTRPrt"	"SpTRPrt"	"SpTRPrt"	"SpTRPrt"	"SpTRPrt"	"SpTRPrt"	"SpTRPrt"	
"0x2300 'Room9\Room9.SpTRPrt'"	"0x010D"	"Room9.SpTRPrt"	"Room9.SpTRPrt"	"Room9.SpTRPrt"	"Room9.SpTRPrt"	"Room9.SpTRPrt"	"Room9.SpTRPrt"	"Room9.SpTRPrt"	"Room9.SpTRPrt"	
"0x2300 'Room9\Room9.SpTRPrt'"	"0x1102"	"°C"	"°C"	"°C"	"°C"	"°C"	"°C"	"°C"	"°C"	
"0x2300 'Room9\Room9.SpTREco'"	"0x1100"	"SpTREco"	"SpTREco"	"SpTREco"	"SpTREco"	"SpTREco"	"SpTREco"	"SpTREco"	"SpTREco"	
"0x2300 'Room9\Room9.SpTREco'"	"0x010D"	"Room9.SpTREco"	"Room9.SpTREco"	"Room9.SpTREco"	"Room9.SpTREco"	"Room9.SpTREco"	"Room9.SpTREco"	"Room9.SpTREco"	"Room9.SpTREco"	
"0x2300 'Room9\Room9.SpTREco'"	"0x1102"	"°C"	"°C"	"°C"	"°C"	"°C"	"°C"	"°C"	"°C"	
"0x2300 'Room9\Room9.SpTRCmf'"	"0x1100"	"SpTRCmf"	"SpTRCmf"	"SpTRCmf"	"SpTRCmf"	"SpTRCmf"	"SpTRCmf"	"SpTRCmf"	"SpTRCmf"	
"0x2300 'Room9\Room9.SpTRCmf'"	"0x010D"	"Room9.SpTRCmf"	"Room9.SpTRCmf"	"Room9.SpTRCmf"	"Room9.SpTRCmf"	"Room9.SpTRCmf"	"Room9.SpTRCmf"	"Room9.SpTRCmf"	"Room9.SpTRCmf"	
"0x2300 'Room9\Room9.SpTRCmf'"	"0x1102"	"°C"	"°C"	"°C"	"°C"	"°C"	"°C"	"°C"	"°C"	
"0x2202 'Room9\Room9.PltMod'"	"0x1100"	"PltMod"	"PltMod"	"PltMod"	"PltMod"	"PltMod"	"PltMod"	"PltMod"	"PltMod"	
"0x2202 'Room9\Room9.PltMod'"	"0x010D"	"Room9.PltMod"	"Room9.PltMod"	"Room9.PltMod"	"Room9.PltMod"	"Room9.PltMod"	"Room9.PltMod"	"Room9.PltMod"	"Room9.PltMod"	
"0x2202 'Room9\Room9.PltMod'"	"0x1101"	"Null*Auto*Off*Ctl*Flt"	"Null*Auto*Off*Ctl*Flt"	"Null*Auto*Off*Ctl*Flt"	"Null*Auto*Off*Ctl*Flt"	"Null*Auto*Off*Ctl*Flt"	"Null*Auto*Off*Ctl*Flt"	"Null*Auto*Off*Ctl*Flt"	"Null*Auto*Off*Ctl*Flt"	
"0x2308 'Room9\Room9.VlvCtl'"	"0x1100"	"VlvCtl"	"VlvCtl"	"VlvCtl"	"VlvCtl"	"VlvCtl"	"VlvCtl"	"VlvCtl"	"VlvCtl"	
"0x2308 'Room9\Room9.VlvCtl'"	"0x010D"	"Room9.VlvCtl"	"Room9.VlvCtl"	"Room9.VlvCtl"	"Room9.VlvCtl"	"Room9.VlvCtl"	"Room9.VlvCtl"	"Room9.VlvCtl"	"Room9.VlvCtl"	
"0x2202 'Room9\Room9.VlvCtl.AggrMod'"	"0x1100"	"AggrMod"	"AggrMod"	"AggrMod"	"AggrMod"	"AggrMod"	"AggrMod"	"AggrMod"	"AggrMod"	
"0x2202 'Room9\Room9.VlvCtl.AggrMod'"	"0x010D"	"Room9.VlvCtl.AggrMod"	"Room9.VlvCtl.AggrMod"	"Room9.VlvCtl.AggrMod"	"Room9.VlvCtl.AggrMod"	"Room9.VlvCtl.AggrMod"	"Room9.VlvCtl.AggrMod"	"Room9.VlvCtl.AggrMod"	"Room9.VlvCtl.AggrMod"	
"0x2202 'Room9\Room9.VlvCtl.AggrMod'"	"0x1101"	"Auto*Off*On*Dmd*Loop*Low*High*Swi*Last*LoopDmd"	"Auto*Off*On*Dmd*Loop*Low*High*Swi*Last*LoopDmd"	"Auto*Off*On*Dmd*Loop*Low*High*Swi*Last*LoopDmd"	"Auto*Off*On*Dmd*Loop*Low*High*Swi*Last*LoopDmd"	"Auto*Off*On*Dmd*Loop*Low*High*Swi*Last*LoopDmd"	"Auto*Off*On*Dmd*Loop*Low*High*Swi*Last*LoopDmd"	"Auto*Off*On*Dmd*Loop*Low*High*Swi*Last*LoopDmd"	"Auto*Off*On*Dmd*Loop*Low*High*Swi*Last*LoopDmd"	
"0x2300 'Room9\Room9.VlvCtl.Low'"	"0x1100"	"Low"	"Low"	"Low"	"Low"	"Low"	"Low"	"Low"	"Low"	
"0x2300 'Room9\Room9.VlvCtl.Low'"	"0x010D"	"Room9.VlvCtl.Low"	"Room9.VlvCtl.Low"	"Room9.VlvCtl.Low"	"Room9.VlvCtl.Low"	"Room9.VlvCtl.Low"	"Room9.VlvCtl.Low"	"Room9.VlvCtl.Low"	"Room9.VlvCtl.Low"	
"0x2300 'Room9\Room9.VlvCtl.Low'"	"0x1102"	"%"	"%"	"%"	"%"	"%"	"%"	"%"	"%"	
"0x2300 'Room9\Room9.VlvCtl.High'"	"0x1100"	"High"	"High"	"High"	"High"	"High"	"High"	"High"	"High"	
"0x2300 'Room9\Room9.VlvCtl.High'"	"0x010D"	"Room9.VlvCtl.High"	"Room9.VlvCtl.High"	"Room9.VlvCtl.High"	"Room9.VlvCtl.High"	"Room9.VlvCtl.High"	"Room9.VlvCtl.High"	"Room9.VlvCtl.High"	"Room9.VlvCtl.High"	
"0x2300 'Room9\Room9.VlvCtl.High'"	"0x1102"	"%"	"%"	"%"	"%"	"%"	"%"	"%"	"%"	
"0x2300 'Room9\Room9.VlvCtl.TiDly'"	"0x1100"	"TiDly"	"TiDly"	"TiDly"	"TiDly"	"TiDly"	"TiDly"	"TiDly"	"TiDly"	
"0x2300 'Room9\Room9.VlvCtl.TiDly'"	"0x010D"	"Room9.VlvCtl.TiDly"	"Room9.VlvCtl.TiDly"	"Room9.VlvCtl.TiDly"	"Room9.VlvCtl.TiDly"	"Room9.VlvCtl.TiDly"	"Room9.VlvCtl.TiDly"	"Room9.VlvCtl.TiDly"	"Room9.VlvCtl.TiDly"	
"0x2300 'Room9\Room9.VlvCtl.TiDly'"	"0x1102"	"s"	"s"	"s"	"s"	"s"	"s"	"s"	"s"	
"0x2300 'Room9\Room9.VlvCtl.SwiOn'"	"0x1100"	"SwiOn"	"SwiOn"	"SwiOn"	"SwiOn"	"SwiOn"	"SwiOn"	"SwiOn"	"SwiOn"	
"0x2300 'Room9\Room9.VlvCtl.SwiOn'"	"0x010D"	"Room9.VlvCtl.SwiOn"	"Room9.VlvCtl.SwiOn"	"Room9.VlvCtl.SwiOn"	"Room9.VlvCtl.SwiOn"	"Room9.VlvCtl.SwiOn"	"Room9.VlvCtl.SwiOn"	"Room9.VlvCtl.SwiOn"	"Room9.VlvCtl.SwiOn"	
"0x2300 'Room9\Room9.VlvCtl.SwiOn'"	"0x1102"	"%"	"%"	"%"	"%"	"%"	"%"	"%"	"%"	
"0x2300 'Room9\Room9.VlvCtl.SwiOff'"	"0x1100"	"SwiOff"	"SwiOff"	"SwiOff"	"SwiOff"	"SwiOff"	"SwiOff"	"SwiOff"	"SwiOff"	
"0x2300 'Room9\Room9.VlvCtl.SwiOff'"	"0x010D"	"Room9.VlvCtl.SwiOff"	"Room9.VlvCtl.SwiOff"	"Room9.VlvCtl.SwiOff"	"Room9.VlvCtl.SwiOff"	"Room9.VlvCtl.SwiOff"	"Room9.VlvCtl.SwiOff"	"Room9.VlvCtl.SwiOff"	"Room9.VlvCtl.SwiOff"	
"0x2300 'Room9\Room9.VlvCtl.SwiOff'"	"0x1102"	"%"	"%"	"%"	"%"	"%"	"%"	"%"	"%"	
"0x2305 'Room9\Room9.VlvCtl.Ctl'"	"0x1100"	"Ctl"	"Ctl"	"Ctl"	"Ctl"	"Ctl"	"Ctl"	"Ctl"	"Ctl"	
"0x2305 'Room9\Room9.VlvCtl.Ctl'"	"0x010D"	"Room9.VlvCtl.Ctl"	"Room9.VlvCtl.Ctl"	"Room9.VlvCtl.Ctl"	"Room9.VlvCtl.Ctl"	"Room9.VlvCtl.Ctl"	"Room9.VlvCtl.Ctl"	"Room9.VlvCtl.Ctl"	"Room9.VlvCtl.Ctl"	
"0x2305 'Room9\Room9.VlvCtl.Ctl'"	"0x1102"	"°C"	"°C"	"°C"	"°C"	"°C"	"°C"	"°C"	"°C"	
"0x2305 'Room9\Room9.VlvCtl.Ctl'"	"0x1200"	"GESP*OG*UG*REG*Y-NV*UDEF"	"GESP*OG*UG*REG*Y-NV*UDEF"	"GESP*OG*UG*REG*Y-NV*UDEF"	"GESP*OG*UG*REG*Y-NV*UDEF"	"GESP*OG*UG*REG*Y-NV*UDEF"	"GESP*OG*UG*REG*Y-NV*UDEF"	"GESP*OG*UG*REG*Y-NV*UDEF"	"GESP*OG*UG*REG*Y-NV*UDEF"	
"0x2308 'Room9\Room9.Vlv2'"	"0x1100"	"Vlv2"	"Vlv2"	"Vlv2"	"Vlv2"	"Vlv2"	"Vlv2"	"Vlv2"	"Vlv2"	
"0x2308 'Room9\Room9.Vlv2'"	"0x010D"	"Room9.Vlv2"	"Room9.Vlv2"	"Room9.Vlv2"	"Room9.Vlv2"	"Room9.Vlv2"	"Room9.Vlv2"	"Room9.Vlv2"	"Room9.Vlv2"	
"0x2304 'Room9\Room9.Vlv2.RefIO'"	"0x1100"	"RefIO"	"RefIO"	"RefIO"	"RefIO"	"RefIO"	"RefIO"	"RefIO"	"RefIO"	
"0x2304 'Room9\Room9.Vlv2.RefIO'"	"0x010D"	"Room9.Vlv2.RefIO"	"Room9.Vlv2.RefIO"	"Room9.Vlv2.RefIO"	"Room9.Vlv2.RefIO"	"Room9.Vlv2.RefIO"	"Room9.Vlv2.RefIO"	"Room9.Vlv2.RefIO"	"Room9.Vlv2.RefIO"	
"0x2206 'Room9\Room9.Vlv2.Cmd'"	"0x1100"	"Cmd"	"Cmd"	"Cmd"	"Cmd"	"Cmd"	"Cmd"	"Cmd"	"Cmd"	
"0x2206 'Room9\Room9.Vlv2.Cmd'"	"0x010D"	"Room9.Vlv2.Cmd"	"Room9.Vlv2.Cmd"	"Room9.Vlv2.Cmd"	"Room9.Vlv2.Cmd"	"Room9.Vlv2.Cmd"	"Room9.Vlv2.Cmd"	"Room9.Vlv2.Cmd"	"Room9.Vlv2.Cmd"	
"0x2206 'Room9\Room9.Vlv2.Cmd'"	"0x1102"	"%"	"%"	"%"	"%"	"%"	"%"	"%"	"%"	
"0x2206 'Room9\Room9.Vlv2.Cmd'"	"0x1214"	"%"	"%"	"%"	"%"	"%"	"%"	"%"	"%"	
"0x2310 'Room9\Room9.Vlv2.Pos'"	"0x1100"	"Pos"	"Pos"	"Pos"	"Pos"	"Pos"	"Pos"	"Pos"	"Pos"	
"0x2310 'Room9\Room9.Vlv2.Pos'"	"0x010D"	"Room9.Vlv2.Pos"	"Room9.Vlv2.Pos"	"Room9.Vlv2.Pos"	"Room9.Vlv2.Pos"	"Room9.Vlv2.Pos"	"Room9.Vlv2.Pos"	"Room9.Vlv2.Pos"	"Room9.Vlv2.Pos"	
"0x2310 'Room9\Room9.Vlv2.Pos'"	"0x1101"	"Idle*Pos+*Pos-*Sync+*Sync-"	"Idle*Pos+*Pos-*Sync+*Sync-"	"Idle*Pos+*Pos-*Sync+*Sync-"	"Idle*Pos+*Pos-*Sync+*Sync-"	"Idle*Pos+*Pos-*Sync+*Sync-"	"Idle*Pos+*Pos-*Sync+*Sync-"	"Idle*Pos+*Pos-*Sync+*Sync-"	"Idle*Pos+*Pos-*Sync+*Sync-"	
"0x2308 'Room9\Room9.Vlv'"	"0x1100"	"Vlv"	"Vlv"	"Vlv"	"Vlv"	"Vlv"	"Vlv"	"Vlv"	"Vlv"	
"0x2308 'Room9\Room9.Vlv'"	"0x010D"	"Room9.Vlv"	"Room9.Vlv"	"Room9.Vlv"	"Room9.Vlv"	"Room9.Vlv"	"Room9.Vlv"	"Room9.Vlv"	"Room9.Vlv"	
"0x2304 'Room9\Room9.Vlv.RefIO'"	"0x1100"	"RefIO"	"RefIO"	"RefIO"	"RefIO"	"RefIO"	"RefIO"	"RefIO"	"RefIO"	
"0x2304 'Room9\Room9.Vlv.RefIO'"	"0x010D"	"Room9.Vlv.RefIO"	"Room9.Vlv.RefIO"	"Room9.Vlv.RefIO"	"Room9.Vlv.RefIO"	"Room9.Vlv.RefIO"	"Room9.Vlv.RefIO"	"Room9.Vlv.RefIO"	"Room9.Vlv.RefIO"	
"0x2206 'Room9\Room9.Vlv.Cmd'"	"0x1100"	"Cmd"	"Cmd"	"Cmd"	"Cmd"	"Cmd"	"Cmd"	"Cmd"	"Cmd"	
"0x2206 'Room9\Room9.Vlv.Cmd'"	"0x010D"	"Room9.Vlv.Cmd"	"Room9.Vlv.Cmd"	"Room9.Vlv.Cmd"	"Room9.Vlv.Cmd"	"Room9.Vlv.Cmd"	"Room9.Vlv.Cmd"	"Room9.Vlv.Cmd"	"Room9.Vlv.Cmd"	
"0x2206 'Room9\Room9.Vlv.Cmd'"	"0x1102"	"%"	"%"	"%"	"%"	"%"	"%"	"%"	"%"	
"0x2206 'Room9\Room9.Vlv.Cmd'"	"0x1214"	"%"	"%"	"%"	"%"	"%"	"%"	"%"	"%"	
"0x2310 'Room9\Room9.Vlv.Pos'"	"0x1100"	"Pos"	"Pos"	"Pos"	"Pos"	"Pos"	"Pos"	"Pos"	"Pos"	
"0x2310 'Room9\Room9.Vlv.Pos'"	"0x010D"	"Room9.Vlv.Pos"	"Room9.Vlv.Pos"	"Room9.Vlv.Pos"	"Room9.Vlv.Pos"	"Room9.Vlv.Pos"	"Room9.Vlv.Pos"	"Room9.Vlv.Pos"	"Room9.Vlv.Pos"	
"0x2310 'Room9\Room9.Vlv.Pos'"	"0x1101"	"Idle*Pos+*Pos-*Sync+*Sync-"	"Idle*Pos+*Pos-*Sync+*Sync-"	"Idle*Pos+*Pos-*Sync+*Sync-"	"Idle*Pos+*Pos-*Sync+*Sync-"	"Idle*Pos+*Pos-*Sync+*Sync-"	"Idle*Pos+*Pos-*Sync+*Sync-"	"Idle*Pos+*Pos-*Sync+*Sync-"	"Idle*Pos+*Pos-*Sync+*Sync-"	
"0x2308 'Room9\Room9.Vlv3'"	"0x1100"	"Vlv3"	"Vlv3"	"Vlv3"	"Vlv3"	"Vlv3"	"Vlv3"	"Vlv3"	"Vlv3"	
"0x2308 'Room9\Room9.Vlv3'"	"0x010D"	"Room9.Vlv3"	"Room9.Vlv3"	"Room9.Vlv3"	"Room9.Vlv3"	"Room9.Vlv3"	"Room9.Vlv3"	"Room9.Vlv3"	"Room9.Vlv3"	
"0x2304 'Room9\Room9.Vlv3.RefIO'"	"0x1100"	"RefIO"	"RefIO"	"RefIO"	"RefIO"	"RefIO"	"RefIO"	"RefIO"	"RefIO"	
"0x2304 'Room9\Room9.Vlv3.RefIO'"	"0x010D"	"Room9.Vlv3.RefIO"	"Room9.Vlv3.RefIO"	"Room9.Vlv3.RefIO"	"Room9.Vlv3.RefIO"	"Room9.Vlv3.RefIO"	"Room9.Vlv3.RefIO"	"Room9.Vlv3.RefIO"	"Room9.Vlv3.RefIO"	
"0x2206 'Room9\Room9.Vlv3.Cmd'"	"0x1100"	"Cmd"	"Cmd"	"Cmd"	"Cmd"	"Cmd"	"Cmd"	"Cmd"	"Cmd"	
"0x2206 'Room9\Room9.Vlv3.Cmd'"	"0x010D"	"Room9.Vlv3.Cmd"	"Room9.Vlv3.Cmd"	"Room9.Vlv3.Cmd"	"Room9.Vlv3.Cmd"	"Room9.Vlv3.Cmd"	"Room9.Vlv3.Cmd"	"Room9.Vlv3.Cmd"	"Room9.Vlv3.Cmd"	
"0x2206 'Room9\Room9.Vlv3.Cmd'"	"0x1102"	"%"	"%"	"%"	"%"	"%"	"%"	"%"	"%"	
"0x2206 'Room9\Room9.Vlv3.Cmd'"	"0x1214"	"%"	"%"	"%"	"%"	"%"	"%"	"%"	"%"	
"0x2310 'Room9\Room9.Vlv3.Pos'"	"0x1100"	"Pos"	"Pos"	"Pos"	"Pos"	"Pos"	"Pos"	"Pos"	"Pos"	
"0x2310 'Room9\Room9.Vlv3.Pos'"	"0x010D"	"Room9.Vlv3.Pos"	"Room9.Vlv3.Pos"	"Room9.Vlv3.Pos"	"Room9.Vlv3.Pos"	"Room9.Vlv3.Pos"	"Room9.Vlv3.Pos"	"Room9.Vlv3.Pos"	"Room9.Vlv3.Pos"	
"0x2310 'Room9\Room9.Vlv3.Pos'"	"0x1101"	"Idle*Pos+*Pos-*Sync+*Sync-"	"Idle*Pos+*Pos-*Sync+*Sync-"	"Idle*Pos+*Pos-*Sync+*Sync-"	"Idle*Pos+*Pos-*Sync+*Sync-"	"Idle*Pos+*Pos-*Sync+*Sync-"	"Idle*Pos+*Pos-*Sync+*Sync-"	"Idle*Pos+*Pos-*Sync+*Sync-"	"Idle*Pos+*Pos-*Sync+*Sync-"	
"0x2308 'Room9\Room9.Vlv4'"	"0x1100"	"Vlv4"	"Vlv4"	"Vlv4"	"Vlv4"	"Vlv4"	"Vlv4"	"Vlv4"	"Vlv4"	
"0x2308 'Room9\Room9.Vlv4'"	"0x010D"	"Room9.Vlv4"	"Room9.Vlv4"	"Room9.Vlv4"	"Room9.Vlv4"	"Room9.Vlv4"	"Room9.Vlv4"	"Room9.Vlv4"	"Room9.Vlv4"	
"0x2304 'Room9\Room9.Vlv4.RefIO'"	"0x1100"	"RefIO"	"RefIO"	"RefIO"	"RefIO"	"RefIO"	"RefIO"	"RefIO"	"RefIO"	
"0x2304 'Room9\Room9.Vlv4.RefIO'"	"0x010D"	"Room9.Vlv4.RefIO"	"Room9.Vlv4.RefIO"	"Room9.Vlv4.RefIO"	"Room9.Vlv4.RefIO"	"Room9.Vlv4.RefIO"	"Room9.Vlv4.RefIO"	"Room9.Vlv4.RefIO"	"Room9.Vlv4.RefIO"	
"0x2206 'Room9\Room9.Vlv4.Cmd'"	"0x1100"	"Cmd"	"Cmd"	"Cmd"	"Cmd"	"Cmd"	"Cmd"	"Cmd"	"Cmd"	
"0x2206 'Room9\Room9.Vlv4.Cmd'"	"0x010D"	"Room9.Vlv4.Cmd"	"Room9.Vlv4.Cmd"	"Room9.Vlv4.Cmd"	"Room9.Vlv4.Cmd"	"Room9.Vlv4.Cmd"	"Room9.Vlv4.Cmd"	"Room9.Vlv4.Cmd"	"Room9.Vlv4.Cmd"	
"0x2206 'Room9\Room9.Vlv4.Cmd'"	"0x1102"	"%"	"%"	"%"	"%"	"%"	"%"	"%"	"%"	
"0x2206 'Room9\Room9.Vlv4.Cmd'"	"0x1214"	"%"	"%"	"%"	"%"	"%"	"%"	"%"	"%"	
"0x2310 'Room9\Room9.Vlv4.Pos'"	"0x1100"	"Pos"	"Pos"	"Pos"	"Pos"	"Pos"	"Pos"	"Pos"	"Pos"	
"0x2310 'Room9\Room9.Vlv4.Pos'"	"0x010D"	"Room9.Vlv4.Pos"	"Room9.Vlv4.Pos"	"Room9.Vlv4.Pos"	"Room9.Vlv4.Pos"	"Room9.Vlv4.Pos"	"Room9.Vlv4.Pos"	"Room9.Vlv4.Pos"	"Room9.Vlv4.Pos"	
"0x2310 'Room9\Room9.Vlv4.Pos'"	"0x1101"	"Idle*Pos+*Pos-*Sync+*Sync-"	"Idle*Pos+*Pos-*Sync+*Sync-"	"Idle*Pos+*Pos-*Sync+*Sync-"	"Idle*Pos+*Pos-*Sync+*Sync-"	"Idle*Pos+*Pos-*Sync+*Sync-"	"Idle*Pos+*Pos-*Sync+*Sync-"	"Idle*Pos+*Pos-*Sync+*Sync-"	"Idle*Pos+*Pos-*Sync+*Sync-"	
"0x2304 'Room9\Room9.Ime'"	"0x1100"	"Ime"	"Ime"	"Ime"	"Ime"	"Ime"	"Ime"	"Ime"	"Ime"	
"0x2304 'Room9\Room9.Ime'"	"0x010D"	"Room9.Ime"	"Room9.Ime"	"Room9.Ime"	"Room9.Ime"	"Room9.Ime"	"Room9.Ime"	"Room9.Ime"	"Room9.Ime"	
"0x2309 '0x031D\Room10'"	"0x1100"	"Room10"	"Room10"	"Room10"	"Room10"	"Room10"	"Room10"	"Room10"	"Room10"	
"0x2309 '0x031D\Room10'"	"0x010D"	"Room10"	"Room10"	"Room10"	"Room10"	"Room10"	"Room10"	"Room10"	"Room10"	
"0x2308 'Room10\Room10.TR'"	"0x1100"	"TR"	"TR"	"TR"	"TR"	"TR"	"TR"	"TR"	"TR"	
"0x2308 'Room10\Room10.TR'"	"0x010D"	"Room10.TR"	"Room10.TR"	"Room10.TR"	"Room10.TR"	"Room10.TR"	"Room10.TR"	"Room10.TR"	"Room10.TR"	
"0x2300 'Room10\Room10.TR.SpTiCom'"	"0x1100"	"SpTiCom"	"SpTiCom"	"SpTiCom"	"SpTiCom"	"SpTiCom"	"SpTiCom"	"SpTiCom"	"SpTiCom"	
"0x2300 'Room10\Room10.TR.SpTiCom'"	"0x010D"	"Room10.TR.SpTiCom"	"Room10.TR.SpTiCom"	"Room10.TR.SpTiCom"	"Room10.TR.SpTiCom"	"Room10.TR.SpTiCom"	"Room10.TR.SpTiCom"	"Room10.TR.SpTiCom"	"Room10.TR.SpTiCom"	
"0x2300 'Room10\Room10.TR.SpTiCom'"	"0x1102"	"s"	"s"	"s"	"s"	"s"	"s"	"s"	"s"	
"0x2203 'Room10\Room10.TR.Val'"	"0x1100"	"Val"	"Val"	"Val"	"Val"	"Val"	"Val"	"Val"	"Val"	
"0x2203 'Room10\Room10.TR.Val'"	"0x010D"	"Room10.TR.Val"	"Room10.TR.Val"	"Room10.TR.Val"	"Room10.TR.Val"	"Room10.TR.Val"	"Room10.TR.Val"	"Room10.TR.Val"	"Room10.TR.Val"	
"0x2203 'Room10\Room10.TR.Val'"	"0x1102"	"°C"	"°C"	"°C"	"°C"	"°C"	"°C"	"°C"	"°C"	
"0x2203 'Room10\Room10.TR.Val'"	"0x1214"	"dK"	"dK"	"dK"	"dK"	"dK"	"dK"	"dK"	"dK"	
"0x2308 'Room10\Room10.CndMon2'"	"0x1100"	"CndMon2"	"CndMon2"	"CndMon2"	"CndMon2"	"CndMon2"	"CndMon2"	"CndMon2"	"CndMon2"	
"0x2308 'Room10\Room10.CndMon2'"	"0x010D"	"Room10.CndMon2"	"Room10.CndMon2"	"Room10.CndMon2"	"Room10.CndMon2"	"Room10.CndMon2"	"Room10.CndMon2"	"Room10.CndMon2"	"Room10.CndMon2"	
"0x2304 'Room10\Room10.CndMon2.RefIO'"	"0x1100"	"RefIO"	"RefIO"	"RefIO"	"RefIO"	"RefIO"	"RefIO"	"RefIO"	"RefIO"	
"0x2304 'Room10\Room10.CndMon2.RefIO'"	"0x010D"	"Room10.CndMon2.RefIO"	"Room10.CndMon2.RefIO"	"Room10.CndMon2.RefIO"	"Room10.CndMon2.RefIO"	"Room10.CndMon2.RefIO"	"Room10.CndMon2.RefIO"	"Room10.CndMon2.RefIO"	"Room10.CndMon2.RefIO"	
"0x2204 'Room10\Room10.CndMon2.Val'"	"0x1100"	"Val"	"Val"	"Val"	"Val"	"Val"	"Val"	"Val"	"Val"	
"0x2204 'Room10\Room10.CndMon2.Val'"	"0x010D"	"Room10.CndMon2.Val"	"Room10.CndMon2.Val"	"Room10.CndMon2.Val"	"Room10.CndMon2.Val"	"Room10.CndMon2.Val"	"Room10.CndMon2.Val"	"Room10.CndMon2.Val"	"Room10.CndMon2.Val"	
"0x2204 'Room10\Room10.CndMon2.Val'"	"0x1101"	"Passive*Active*Null"	"Passive*Active*Null"	"Passive*Active*Null"	"Passive*Active*Null"	"Passive*Active*Null"	"Passive*Active*Null"	"Passive*Active*Null"	"Passive*Active*Null"	
"0x2308 'Room10\Room10.CndMon'"	"0x1100"	"CndMon"	"CndMon"	"CndMon"	"CndMon"	"CndMon"	"CndMon"	"CndMon"	"CndMon"	
"0x2308 'Room10\Room10.CndMon'"	"0x010D"	"Room10.CndMon"	"Room10.CndMon"	"Room10.CndMon"	"Room10.CndMon"	"Room10.CndMon"	"Room10.CndMon"	"Room10.CndMon"	"Room10.CndMon"	
"0x2304 'Room10\Room10.CndMon.RefIO'"	"0x1100"	"RefIO"	"RefIO"	"RefIO"	"RefIO"	"RefIO"	"RefIO"	"RefIO"	"RefIO"	
"0x2304 'Room10\Room10.CndMon.RefIO'"	"0x010D"	"Room10.CndMon.RefIO"	"Room10.CndMon.RefIO"	"Room10.CndMon.RefIO"	"Room10.CndMon.RefIO"	"Room10.CndMon.RefIO"	"Room10.CndMon.RefIO"	"Room10.CndMon.RefIO"	"Room10.CndMon.RefIO"	
"0x2204 'Room10\Room10.CndMon.Val'"	"0x1100"	"Val"	"Val"	"Val"	"Val"	"Val"	"Val"	"Val"	"Val"	
"0x2204 'Room10\Room10.CndMon.Val'"	"0x010D"	"Room10.CndMon.Val"	"Room10.CndMon.Val"	"Room10.CndMon.Val"	"Room10.CndMon.Val"	"Room10.CndMon.Val"	"Room10.CndMon.Val"	"Room10.CndMon.Val"	"Room10.CndMon.Val"	
"0x2204 'Room10\Room10.CndMon.Val'"	"0x1101"	"Passive*Active*Null"	"Passive*Active*Null"	"Passive*Active*Null"	"Passive*Active*Null"	"Passive*Active*Null"	"Passive*Active*Null"	"Passive*Active*Null"	"Passive*Active*Null"	
"0x2308 'Room10\Room10.CndMon3'"	"0x1100"	"CndMon3"	"CndMon3"	"CndMon3"	"CndMon3"	"CndMon3"	"CndMon3"	"CndMon3"	"CndMon3"	
"0x2308 'Room10\Room10.CndMon3'"	"0x010D"	"Room10.CndMon3"	"Room10.CndMon3"	"Room10.CndMon3"	"Room10.CndMon3"	"Room10.CndMon3"	"Room10.CndMon3"	"Room10.CndMon3"	"Room10.CndMon3"	
"0x2304 'Room10\Room10.CndMon3.RefIO'"	"0x1100"	"RefIO"	"RefIO"	"RefIO"	"RefIO"	"RefIO"	"RefIO"	"RefIO"	"RefIO"	
"0x2304 'Room10\Room10.CndMon3.RefIO'"	"0x010D"	"Room10.CndMon3.RefIO"	"Room10.CndMon3.RefIO"	"Room10.CndMon3.RefIO"	"Room10.CndMon3.RefIO"	"Room10.CndMon3.RefIO"	"Room10.CndMon3.RefIO"	"Room10.CndMon3.RefIO"	"Room10.CndMon3.RefIO"	
"0x2204 'Room10\Room10.CndMon3.Val'"	"0x1100"	"Val"	"Val"	"Val"	"Val"	"Val"	"Val"	"Val"	"Val"	
"0x2204 'Room10\Room10.CndMon3.Val'"	"0x010D"	"Room10.CndMon3.Val"	"Room10.CndMon3.Val"	"Room10.CndMon3.Val"	"Room10.CndMon3.Val"	"Room10.CndMon3.Val"	"Room10.CndMon3.Val"	"Room10.CndMon3.Val"	"Room10.CndMon3.Val"	
"0x2204 'Room10\Room10.CndMon3.Val'"	"0x1101"	"Passive*Active*Null"	"Passive*Active*Null"	"Passive*Active*Null"	"Passive*Active*Null"	"Passive*Active*Null"	"Passive*Active*Null"	"Passive*Active*Null"	"Passive*Active*Null"	
"0x2308 'Room10\Room10.CndMon4'"	"0x1100"	"CndMon4"	"CndMon4"	"CndMon4"	"CndMon4"	"CndMon4"	"CndMon4"	"CndMon4"	"CndMon4"	
"0x2308 'Room10\Room10.CndMon4'"	"0x010D"	"Room10.CndMon4"	"Room10.CndMon4"	"Room10.CndMon4"	"Room10.CndMon4"	"Room10.CndMon4"	"Room10.CndMon4"	"Room10.CndMon4"	"Room10.CndMon4"	
"0x2304 'Room10\Room10.CndMon4.RefIO'"	"0x1100"	"RefIO"	"RefIO"	"RefIO"	"RefIO"	"RefIO"	"RefIO"	"RefIO"	"RefIO"	
"0x2304 'Room10\Room10.CndMon4.RefIO'"	"0x010D"	"Room10.CndMon4.RefIO"	"Room10.CndMon4.RefIO"	"Room10.CndMon4.RefIO"	"Room10.CndMon4.RefIO"	"Room10.CndMon4.RefIO"	"Room10.CndMon4.RefIO"	"Room10.CndMon4.RefIO"	"Room10.CndMon4.RefIO"	
"0x2204 'Room10\Room10.CndMon4.Val'"	"0x1100"	"Val"	"Val"	"Val"	"Val"	"Val"	"Val"	"Val"	"Val"	
"0x2204 'Room10\Room10.CndMon4.Val'"	"0x010D"	"Room10.CndMon4.Val"	"Room10.CndMon4.Val"	"Room10.CndMon4.Val"	"Room10.CndMon4.Val"	"Room10.CndMon4.Val"	"Room10.CndMon4.Val"	"Room10.CndMon4.Val"	"Room10.CndMon4.Val"	
"0x2204 'Room10\Room10.CndMon4.Val'"	"0x1101"	"Passive*Active*Null"	"Passive*Active*Null"	"Passive*Active*Null"	"Passive*Active*Null"	"Passive*Active*Null"	"Passive*Active*Null"	"Passive*Active*Null"	"Passive*Active*Null"	
"0x2302 'Room10\Room10.OpModMan'"	"0x1100"	"OpModMan"	"OpModMan"	"OpModMan"	"OpModMan"	"OpModMan"	"OpModMan"	"OpModMan"	"OpModMan"	
"0x2302 'Room10\Room10.OpModMan'"	"0x010D"	"Room10.OpModMan"	"Room10.OpModMan"	"Room10.OpModMan"	"Room10.OpModMan"	"Room10.OpModMan"	"Room10.OpModMan"	"Room10.OpModMan"	"Room10.OpModMan"	
"0x2302 'Room10\Room10.OpModMan'"	"0x1101"	"Prt*Eco*Cmf*Auto"	"Prt*Eco*Cmf*Auto"	"Prt*Eco*Cmf*Auto"	"Prt*Eco*Cmf*Auto"	"Prt*Eco*Cmf*Auto"	"Prt*Eco*Cmf*Auto"	"Prt*Eco*Cmf*Auto"	"Prt*Eco*Cmf*Auto"	
"0x2302 'Room10\Room10.ShedSel'"	"0x1100"	"ShedSel"	"ShedSel"	"ShedSel"	"ShedSel"	"ShedSel"	"ShedSel"	"ShedSel"	"ShedSel"	
"0x2302 'Room10\Room10.ShedSel'"	"0x010D"	"Room10.ShedSel"	"Room10.ShedSel"	"Room10.ShedSel"	"Room10.ShedSel"	"Room10.ShedSel"	"Room10.ShedSel"	"Room10.ShedSel"	"Room10.ShedSel"	
"0x2302 'Room10\Room10.ShedSel'"	"0x1101"	"TSP_1*TSP_2*TSP_3"	"TSP_1*TSP_2*TSP_3"	"TSP_1*TSP_2*TSP_3"	"TSP_1*TSP_2*TSP_3"	"TSP_1*TSP_2*TSP_3"	"TSP_1*TSP_2*TSP_3"	"TSP_1*TSP_2*TSP_3"	"TSP_1*TSP_2*TSP_3"	
"0x2300 'Room10\Room10.SpTRPrt'"	"0x1100"	"SpTRPrt"	"SpTRPrt"	"SpTRPrt"	"SpTRPrt"	"SpTRPrt"	"SpTRPrt"	"SpTRPrt"	"SpTRPrt"	
"0x2300 'Room10\Room10.SpTRPrt'"	"0x010D"	"Room10.SpTRPrt"	"Room10.SpTRPrt"	"Room10.SpTRPrt"	"Room10.SpTRPrt"	"Room10.SpTRPrt"	"Room10.SpTRPrt"	"Room10.SpTRPrt"	"Room10.SpTRPrt"	
"0x2300 'Room10\Room10.SpTRPrt'"	"0x1102"	"°C"	"°C"	"°C"	"°C"	"°C"	"°C"	"°C"	"°C"	
"0x2300 'Room10\Room10.SpTREco'"	"0x1100"	"SpTREco"	"SpTREco"	"SpTREco"	"SpTREco"	"SpTREco"	"SpTREco"	"SpTREco"	"SpTREco"	
"0x2300 'Room10\Room10.SpTREco'"	"0x010D"	"Room10.SpTREco"	"Room10.SpTREco"	"Room10.SpTREco"	"Room10.SpTREco"	"Room10.SpTREco"	"Room10.SpTREco"	"Room10.SpTREco"	"Room10.SpTREco"	
"0x2300 'Room10\Room10.SpTREco'"	"0x1102"	"°C"	"°C"	"°C"	"°C"	"°C"	"°C"	"°C"	"°C"	
"0x2300 'Room10\Room10.SpTRCmf'"	"0x1100"	"SpTRCmf"	"SpTRCmf"	"SpTRCmf"	"SpTRCmf"	"SpTRCmf"	"SpTRCmf"	"SpTRCmf"	"SpTRCmf"	
"0x2300 'Room10\Room10.SpTRCmf'"	"0x010D"	"Room10.SpTRCmf"	"Room10.SpTRCmf"	"Room10.SpTRCmf"	"Room10.SpTRCmf"	"Room10.SpTRCmf"	"Room10.SpTRCmf"	"Room10.SpTRCmf"	"Room10.SpTRCmf"	
"0x2300 'Room10\Room10.SpTRCmf'"	"0x1102"	"°C"	"°C"	"°C"	"°C"	"°C"	"°C"	"°C"	"°C"	
"0x2202 'Room10\Room10.PltMod'"	"0x1100"	"PltMod"	"PltMod"	"PltMod"	"PltMod"	"PltMod"	"PltMod"	"PltMod"	"PltMod"	
"0x2202 'Room10\Room10.PltMod'"	"0x010D"	"Room10.PltMod"	"Room10.PltMod"	"Room10.PltMod"	"Room10.PltMod"	"Room10.PltMod"	"Room10.PltMod"	"Room10.PltMod"	"Room10.PltMod"	
"0x2202 'Room10\Room10.PltMod'"	"0x1101"	"Null*Auto*Off*Ctl*Flt"	"Null*Auto*Off*Ctl*Flt"	"Null*Auto*Off*Ctl*Flt"	"Null*Auto*Off*Ctl*Flt"	"Null*Auto*Off*Ctl*Flt"	"Null*Auto*Off*Ctl*Flt"	"Null*Auto*Off*Ctl*Flt"	"Null*Auto*Off*Ctl*Flt"	
"0x2308 'Room10\Room10.VlvCtl'"	"0x1100"	"VlvCtl"	"VlvCtl"	"VlvCtl"	"VlvCtl"	"VlvCtl"	"VlvCtl"	"VlvCtl"	"VlvCtl"	
"0x2308 'Room10\Room10.VlvCtl'"	"0x010D"	"Room10.VlvCtl"	"Room10.VlvCtl"	"Room10.VlvCtl"	"Room10.VlvCtl"	"Room10.VlvCtl"	"Room10.VlvCtl"	"Room10.VlvCtl"	"Room10.VlvCtl"	
"0x2202 'Room10\Room10.VlvCtl.AggrMod'"	"0x1100"	"AggrMod"	"AggrMod"	"AggrMod"	"AggrMod"	"AggrMod"	"AggrMod"	"AggrMod"	"AggrMod"	
"0x2202 'Room10\Room10.VlvCtl.AggrMod'"	"0x010D"	"Room10.VlvCtl.AggrMod"	"Room10.VlvCtl.AggrMod"	"Room10.VlvCtl.AggrMod"	"Room10.VlvCtl.AggrMod"	"Room10.VlvCtl.AggrMod"	"Room10.VlvCtl.AggrMod"	"Room10.VlvCtl.AggrMod"	"Room10.VlvCtl.AggrMod"	
"0x2202 'Room10\Room10.VlvCtl.AggrMod'"	"0x1101"	"Auto*Off*On*Dmd*Loop*Low*High*Swi*Last*LoopDmd"	"Auto*Off*On*Dmd*Loop*Low*High*Swi*Last*LoopDmd"	"Auto*Off*On*Dmd*Loop*Low*High*Swi*Last*LoopDmd"	"Auto*Off*On*Dmd*Loop*Low*High*Swi*Last*LoopDmd"	"Auto*Off*On*Dmd*Loop*Low*High*Swi*Last*LoopDmd"	"Auto*Off*On*Dmd*Loop*Low*High*Swi*Last*LoopDmd"	"Auto*Off*On*Dmd*Loop*Low*High*Swi*Last*LoopDmd"	"Auto*Off*On*Dmd*Loop*Low*High*Swi*Last*LoopDmd"	
"0x2300 'Room10\Room10.VlvCtl.Low'"	"0x1100"	"Low"	"Low"	"Low"	"Low"	"Low"	"Low"	"Low"	"Low"	
"0x2300 'Room10\Room10.VlvCtl.Low'"	"0x010D"	"Room10.VlvCtl.Low"	"Room10.VlvCtl.Low"	"Room10.VlvCtl.Low"	"Room10.VlvCtl.Low"	"Room10.VlvCtl.Low"	"Room10.VlvCtl.Low"	"Room10.VlvCtl.Low"	"Room10.VlvCtl.Low"	
"0x2300 'Room10\Room10.VlvCtl.Low'"	"0x1102"	"%"	"%"	"%"	"%"	"%"	"%"	"%"	"%"	
"0x2300 'Room10\Room10.VlvCtl.High'"	"0x1100"	"High"	"High"	"High"	"High"	"High"	"High"	"High"	"High"	
"0x2300 'Room10\Room10.VlvCtl.High'"	"0x010D"	"Room10.VlvCtl.High"	"Room10.VlvCtl.High"	"Room10.VlvCtl.High"	"Room10.VlvCtl.High"	"Room10.VlvCtl.High"	"Room10.VlvCtl.High"	"Room10.VlvCtl.High"	"Room10.VlvCtl.High"	
"0x2300 'Room10\Room10.VlvCtl.High'"	"0x1102"	"%"	"%"	"%"	"%"	"%"	"%"	"%"	"%"	
"0x2300 'Room10\Room10.VlvCtl.TiDly'"	"0x1100"	"TiDly"	"TiDly"	"TiDly"	"TiDly"	"TiDly"	"TiDly"	"TiDly"	"TiDly"	
"0x2300 'Room10\Room10.VlvCtl.TiDly'"	"0x010D"	"Room10.VlvCtl.TiDly"	"Room10.VlvCtl.TiDly"	"Room10.VlvCtl.TiDly"	"Room10.VlvCtl.TiDly"	"Room10.VlvCtl.TiDly"	"Room10.VlvCtl.TiDly"	"Room10.VlvCtl.TiDly"	"Room10.VlvCtl.TiDly"	
"0x2300 'Room10\Room10.VlvCtl.TiDly'"	"0x1102"	"s"	"s"	"s"	"s"	"s"	"s"	"s"	"s"	
"0x2300 'Room10\Room10.VlvCtl.SwiOn'"	"0x1100"	"SwiOn"	"SwiOn"	"SwiOn"	"SwiOn"	"SwiOn"	"SwiOn"	"SwiOn"	"SwiOn"	
"0x2300 'Room10\Room10.VlvCtl.SwiOn'"	"0x010D"	"Room10.VlvCtl.SwiOn"	"Room10.VlvCtl.SwiOn"	"Room10.VlvCtl.SwiOn"	"Room10.VlvCtl.SwiOn"	"Room10.VlvCtl.SwiOn"	"Room10.VlvCtl.SwiOn"	"Room10.VlvCtl.SwiOn"	"Room10.VlvCtl.SwiOn"	
"0x2300 'Room10\Room10.VlvCtl.SwiOn'"	"0x1102"	"%"	"%"	"%"	"%"	"%"	"%"	"%"	"%"	
"0x2300 'Room10\Room10.VlvCtl.SwiOff'"	"0x1100"	"SwiOff"	"SwiOff"	"SwiOff"	"SwiOff"	"SwiOff"	"SwiOff"	"SwiOff"	"SwiOff"	
"0x2300 'Room10\Room10.VlvCtl.SwiOff'"	"0x010D"	"Room10.VlvCtl.SwiOff"	"Room10.VlvCtl.SwiOff"	"Room10.VlvCtl.SwiOff"	"Room10.VlvCtl.SwiOff"	"Room10.VlvCtl.SwiOff"	"Room10.VlvCtl.SwiOff"	"Room10.VlvCtl.SwiOff"	"Room10.VlvCtl.SwiOff"	
"0x2300 'Room10\Room10.VlvCtl.SwiOff'"	"0x1102"	"%"	"%"	"%"	"%"	"%"	"%"	"%"	"%"	
"0x2305 'Room10\Room10.VlvCtl.Ctl'"	"0x1100"	"Ctl"	"Ctl"	"Ctl"	"Ctl"	"Ctl"	"Ctl"	"Ctl"	"Ctl"	
"0x2305 'Room10\Room10.VlvCtl.Ctl'"	"0x010D"	"Room10.VlvCtl.Ctl"	"Room10.VlvCtl.Ctl"	"Room10.VlvCtl.Ctl"	"Room10.VlvCtl.Ctl"	"Room10.VlvCtl.Ctl"	"Room10.VlvCtl.Ctl"	"Room10.VlvCtl.Ctl"	"Room10.VlvCtl.Ctl"	
"0x2305 'Room10\Room10.VlvCtl.Ctl'"	"0x1102"	"°C"	"°C"	"°C"	"°C"	"°C"	"°C"	"°C"	"°C"	
"0x2305 'Room10\Room10.VlvCtl.Ctl'"	"0x1200"	"GESP*OG*UG*REG*Y-NV*UDEF"	"GESP*OG*UG*REG*Y-NV*UDEF"	"GESP*OG*UG*REG*Y-NV*UDEF"	"GESP*OG*UG*REG*Y-NV*UDEF"	"GESP*OG*UG*REG*Y-NV*UDEF"	"GESP*OG*UG*REG*Y-NV*UDEF"	"GESP*OG*UG*REG*Y-NV*UDEF"	"GESP*OG*UG*REG*Y-NV*UDEF"	
"0x2308 'Room10\Room10.Vlv2'"	"0x1100"	"Vlv2"	"Vlv2"	"Vlv2"	"Vlv2"	"Vlv2"	"Vlv2"	"Vlv2"	"Vlv2"	
"0x2308 'Room10\Room10.Vlv2'"	"0x010D"	"Room10.Vlv2"	"Room10.Vlv2"	"Room10.Vlv2"	"Room10.Vlv2"	"Room10.Vlv2"	"Room10.Vlv2"	"Room10.Vlv2"	"Room10.Vlv2"	
"0x2304 'Room10\Room10.Vlv2.RefIO'"	"0x1100"	"RefIO"	"RefIO"	"RefIO"	"RefIO"	"RefIO"	"RefIO"	"RefIO"	"RefIO"	
"0x2304 'Room10\Room10.Vlv2.RefIO'"	"0x010D"	"Room10.Vlv2.RefIO"	"Room10.Vlv2.RefIO"	"Room10.Vlv2.RefIO"	"Room10.Vlv2.RefIO"	"Room10.Vlv2.RefIO"	"Room10.Vlv2.RefIO"	"Room10.Vlv2.RefIO"	"Room10.Vlv2.RefIO"	
"0x2206 'Room10\Room10.Vlv2.Cmd'"	"0x1100"	"Cmd"	"Cmd"	"Cmd"	"Cmd"	"Cmd"	"Cmd"	"Cmd"	"Cmd"	
"0x2206 'Room10\Room10.Vlv2.Cmd'"	"0x010D"	"Room10.Vlv2.Cmd"	"Room10.Vlv2.Cmd"	"Room10.Vlv2.Cmd"	"Room10.Vlv2.Cmd"	"Room10.Vlv2.Cmd"	"Room10.Vlv2.Cmd"	"Room10.Vlv2.Cmd"	"Room10.Vlv2.Cmd"	
"0x2206 'Room10\Room10.Vlv2.Cmd'"	"0x1102"	"%"	"%"	"%"	"%"	"%"	"%"	"%"	"%"	
"0x2206 'Room10\Room10.Vlv2.Cmd'"	"0x1214"	"%"	"%"	"%"	"%"	"%"	"%"	"%"	"%"	
"0x2310 'Room10\Room10.Vlv2.Pos'"	"0x1100"	"Pos"	"Pos"	"Pos"	"Pos"	"Pos"	"Pos"	"Pos"	"Pos"	
"0x2310 'Room10\Room10.Vlv2.Pos'"	"0x010D"	"Room10.Vlv2.Pos"	"Room10.Vlv2.Pos"	"Room10.Vlv2.Pos"	"Room10.Vlv2.Pos"	"Room10.Vlv2.Pos"	"Room10.Vlv2.Pos"	"Room10.Vlv2.Pos"	"Room10.Vlv2.Pos"	
"0x2310 'Room10\Room10.Vlv2.Pos'"	"0x1101"	"Idle*Pos+*Pos-*Sync+*Sync-"	"Idle*Pos+*Pos-*Sync+*Sync-"	"Idle*Pos+*Pos-*Sync+*Sync-"	"Idle*Pos+*Pos-*Sync+*Sync-"	"Idle*Pos+*Pos-*Sync+*Sync-"	"Idle*Pos+*Pos-*Sync+*Sync-"	"Idle*Pos+*Pos-*Sync+*Sync-"	"Idle*Pos+*Pos-*Sync+*Sync-"	
"0x2308 'Room10\Room10.Vlv'"	"0x1100"	"Vlv"	"Vlv"	"Vlv"	"Vlv"	"Vlv"	"Vlv"	"Vlv"	"Vlv"	
"0x2308 'Room10\Room10.Vlv'"	"0x010D"	"Room10.Vlv"	"Room10.Vlv"	"Room10.Vlv"	"Room10.Vlv"	"Room10.Vlv"	"Room10.Vlv"	"Room10.Vlv"	"Room10.Vlv"	
"0x2304 'Room10\Room10.Vlv.RefIO'"	"0x1100"	"RefIO"	"RefIO"	"RefIO"	"RefIO"	"RefIO"	"RefIO"	"RefIO"	"RefIO"	
"0x2304 'Room10\Room10.Vlv.RefIO'"	"0x010D"	"Room10.Vlv.RefIO"	"Room10.Vlv.RefIO"	"Room10.Vlv.RefIO"	"Room10.Vlv.RefIO"	"Room10.Vlv.RefIO"	"Room10.Vlv.RefIO"	"Room10.Vlv.RefIO"	"Room10.Vlv.RefIO"	
"0x2206 'Room10\Room10.Vlv.Cmd'"	"0x1100"	"Cmd"	"Cmd"	"Cmd"	"Cmd"	"Cmd"	"Cmd"	"Cmd"	"Cmd"	
"0x2206 'Room10\Room10.Vlv.Cmd'"	"0x010D"	"Room10.Vlv.Cmd"	"Room10.Vlv.Cmd"	"Room10.Vlv.Cmd"	"Room10.Vlv.Cmd"	"Room10.Vlv.Cmd"	"Room10.Vlv.Cmd"	"Room10.Vlv.Cmd"	"Room10.Vlv.Cmd"	
"0x2206 'Room10\Room10.Vlv.Cmd'"	"0x1102"	"%"	"%"	"%"	"%"	"%"	"%"	"%"	"%"	
"0x2206 'Room10\Room10.Vlv.Cmd'"	"0x1214"	"%"	"%"	"%"	"%"	"%"	"%"	"%"	"%"	
"0x2310 'Room10\Room10.Vlv.Pos'"	"0x1100"	"Pos"	"Pos"	"Pos"	"Pos"	"Pos"	"Pos"	"Pos"	"Pos"	
"0x2310 'Room10\Room10.Vlv.Pos'"	"0x010D"	"Room10.Vlv.Pos"	"Room10.Vlv.Pos"	"Room10.Vlv.Pos"	"Room10.Vlv.Pos"	"Room10.Vlv.Pos"	"Room10.Vlv.Pos"	"Room10.Vlv.Pos"	"Room10.Vlv.Pos"	
"0x2310 'Room10\Room10.Vlv.Pos'"	"0x1101"	"Idle*Pos+*Pos-*Sync+*Sync-"	"Idle*Pos+*Pos-*Sync+*Sync-"	"Idle*Pos+*Pos-*Sync+*Sync-"	"Idle*Pos+*Pos-*Sync+*Sync-"	"Idle*Pos+*Pos-*Sync+*Sync-"	"Idle*Pos+*Pos-*Sync+*Sync-"	"Idle*Pos+*Pos-*Sync+*Sync-"	"Idle*Pos+*Pos-*Sync+*Sync-"	
"0x2308 'Room10\Room10.Vlv3'"	"0x1100"	"Vlv3"	"Vlv3"	"Vlv3"	"Vlv3"	"Vlv3"	"Vlv3"	"Vlv3"	"Vlv3"	
"0x2308 'Room10\Room10.Vlv3'"	"0x010D"	"Room10.Vlv3"	"Room10.Vlv3"	"Room10.Vlv3"	"Room10.Vlv3"	"Room10.Vlv3"	"Room10.Vlv3"	"Room10.Vlv3"	"Room10.Vlv3"	
"0x2304 'Room10\Room10.Vlv3.RefIO'"	"0x1100"	"RefIO"	"RefIO"	"RefIO"	"RefIO"	"RefIO"	"RefIO"	"RefIO"	"RefIO"	
"0x2304 'Room10\Room10.Vlv3.RefIO'"	"0x010D"	"Room10.Vlv3.RefIO"	"Room10.Vlv3.RefIO"	"Room10.Vlv3.RefIO"	"Room10.Vlv3.RefIO"	"Room10.Vlv3.RefIO"	"Room10.Vlv3.RefIO"	"Room10.Vlv3.RefIO"	"Room10.Vlv3.RefIO"	
"0x2206 'Room10\Room10.Vlv3.Cmd'"	"0x1100"	"Cmd"	"Cmd"	"Cmd"	"Cmd"	"Cmd"	"Cmd"	"Cmd"	"Cmd"	
"0x2206 'Room10\Room10.Vlv3.Cmd'"	"0x010D"	"Room10.Vlv3.Cmd"	"Room10.Vlv3.Cmd"	"Room10.Vlv3.Cmd"	"Room10.Vlv3.Cmd"	"Room10.Vlv3.Cmd"	"Room10.Vlv3.Cmd"	"Room10.Vlv3.Cmd"	"Room10.Vlv3.Cmd"	
"0x2206 'Room10\Room10.Vlv3.Cmd'"	"0x1102"	"%"	"%"	"%"	"%"	"%"	"%"	"%"	"%"	
"0x2206 'Room10\Room10.Vlv3.Cmd'"	"0x1214"	"%"	"%"	"%"	"%"	"%"	"%"	"%"	"%"	
"0x2310 'Room10\Room10.Vlv3.Pos'"	"0x1100"	"Pos"	"Pos"	"Pos"	"Pos"	"Pos"	"Pos"	"Pos"	"Pos"	
"0x2310 'Room10\Room10.Vlv3.Pos'"	"0x010D"	"Room10.Vlv3.Pos"	"Room10.Vlv3.Pos"	"Room10.Vlv3.Pos"	"Room10.Vlv3.Pos"	"Room10.Vlv3.Pos"	"Room10.Vlv3.Pos"	"Room10.Vlv3.Pos"	"Room10.Vlv3.Pos"	
"0x2310 'Room10\Room10.Vlv3.Pos'"	"0x1101"	"Idle*Pos+*Pos-*Sync+*Sync-"	"Idle*Pos+*Pos-*Sync+*Sync-"	"Idle*Pos+*Pos-*Sync+*Sync-"	"Idle*Pos+*Pos-*Sync+*Sync-"	"Idle*Pos+*Pos-*Sync+*Sync-"	"Idle*Pos+*Pos-*Sync+*Sync-"	"Idle*Pos+*Pos-*Sync+*Sync-"	"Idle*Pos+*Pos-*Sync+*Sync-"	
"0x2308 'Room10\Room10.Vlv4'"	"0x1100"	"Vlv4"	"Vlv4"	"Vlv4"	"Vlv4"	"Vlv4"	"Vlv4"	"Vlv4"	"Vlv4"	
"0x2308 'Room10\Room10.Vlv4'"	"0x010D"	"Room10.Vlv4"	"Room10.Vlv4"	"Room10.Vlv4"	"Room10.Vlv4"	"Room10.Vlv4"	"Room10.Vlv4"	"Room10.Vlv4"	"Room10.Vlv4"	
"0x2304 'Room10\Room10.Vlv4.RefIO'"	"0x1100"	"RefIO"	"RefIO"	"RefIO"	"RefIO"	"RefIO"	"RefIO"	"RefIO"	"RefIO"	
"0x2304 'Room10\Room10.Vlv4.RefIO'"	"0x010D"	"Room10.Vlv4.RefIO"	"Room10.Vlv4.RefIO"	"Room10.Vlv4.RefIO"	"Room10.Vlv4.RefIO"	"Room10.Vlv4.RefIO"	"Room10.Vlv4.RefIO"	"Room10.Vlv4.RefIO"	"Room10.Vlv4.RefIO"	
"0x2206 'Room10\Room10.Vlv4.Cmd'"	"0x1100"	"Cmd"	"Cmd"	"Cmd"	"Cmd"	"Cmd"	"Cmd"	"Cmd"	"Cmd"	
"0x2206 'Room10\Room10.Vlv4.Cmd'"	"0x010D"	"Room10.Vlv4.Cmd"	"Room10.Vlv4.Cmd"	"Room10.Vlv4.Cmd"	"Room10.Vlv4.Cmd"	"Room10.Vlv4.Cmd"	"Room10.Vlv4.Cmd"	"Room10.Vlv4.Cmd"	"Room10.Vlv4.Cmd"	
"0x2206 'Room10\Room10.Vlv4.Cmd'"	"0x1102"	"%"	"%"	"%"	"%"	"%"	"%"	"%"	"%"	
"0x2206 'Room10\Room10.Vlv4.Cmd'"	"0x1214"	"%"	"%"	"%"	"%"	"%"	"%"	"%"	"%"	
"0x2310 'Room10\Room10.Vlv4.Pos'"	"0x1100"	"Pos"	"Pos"	"Pos"	"Pos"	"Pos"	"Pos"	"Pos"	"Pos"	
"0x2310 'Room10\Room10.Vlv4.Pos'"	"0x010D"	"Room10.Vlv4.Pos"	"Room10.Vlv4.Pos"	"Room10.Vlv4.Pos"	"Room10.Vlv4.Pos"	"Room10.Vlv4.Pos"	"Room10.Vlv4.Pos"	"Room10.Vlv4.Pos"	"Room10.Vlv4.Pos"	
"0x2310 'Room10\Room10.Vlv4.Pos'"	"0x1101"	"Idle*Pos+*Pos-*Sync+*Sync-"	"Idle*Pos+*Pos-*Sync+*Sync-"	"Idle*Pos+*Pos-*Sync+*Sync-"	"Idle*Pos+*Pos-*Sync+*Sync-"	"Idle*Pos+*Pos-*Sync+*Sync-"	"Idle*Pos+*Pos-*Sync+*Sync-"	"Idle*Pos+*Pos-*Sync+*Sync-"	"Idle*Pos+*Pos-*Sync+*Sync-"	
"0x2304 'Room10\Room10.Ime'"	"0x1100"	"Ime"	"Ime"	"Ime"	"Ime"	"Ime"	"Ime"	"Ime"	"Ime"	
"0x2304 'Room10\Room10.Ime'"	"0x010D"	"Room10.Ime"	"Room10.Ime"	"Room10.Ime"	"Room10.Ime"	"Room10.Ime"	"Room10.Ime"	"Room10.Ime"	"Room10.Ime"	
"0x2309 '0x031D\Room11'"	"0x1100"	"Room11"	"Room11"	"Room11"	"Room11"	"Room11"	"Room11"	"Room11"	"Room11"	
"0x2309 '0x031D\Room11'"	"0x010D"	"Room11"	"Room11"	"Room11"	"Room11"	"Room11"	"Room11"	"Room11"	"Room11"	
"0x2308 'Room11\Room11.TR'"	"0x1100"	"TR"	"TR"	"TR"	"TR"	"TR"	"TR"	"TR"	"TR"	
"0x2308 'Room11\Room11.TR'"	"0x010D"	"Room11.TR"	"Room11.TR"	"Room11.TR"	"Room11.TR"	"Room11.TR"	"Room11.TR"	"Room11.TR"	"Room11.TR"	
"0x2300 'Room11\Room11.TR.SpTiCom'"	"0x1100"	"SpTiCom"	"SpTiCom"	"SpTiCom"	"SpTiCom"	"SpTiCom"	"SpTiCom"	"SpTiCom"	"SpTiCom"	
"0x2300 'Room11\Room11.TR.SpTiCom'"	"0x010D"	"Room11.TR.SpTiCom"	"Room11.TR.SpTiCom"	"Room11.TR.SpTiCom"	"Room11.TR.SpTiCom"	"Room11.TR.SpTiCom"	"Room11.TR.SpTiCom"	"Room11.TR.SpTiCom"	"Room11.TR.SpTiCom"	
"0x2300 'Room11\Room11.TR.SpTiCom'"	"0x1102"	"s"	"s"	"s"	"s"	"s"	"s"	"s"	"s"	
"0x2203 'Room11\Room11.TR.Val'"	"0x1100"	"Val"	"Val"	"Val"	"Val"	"Val"	"Val"	"Val"	"Val"	
"0x2203 'Room11\Room11.TR.Val'"	"0x010D"	"Room11.TR.Val"	"Room11.TR.Val"	"Room11.TR.Val"	"Room11.TR.Val"	"Room11.TR.Val"	"Room11.TR.Val"	"Room11.TR.Val"	"Room11.TR.Val"	
"0x2203 'Room11\Room11.TR.Val'"	"0x1102"	"°C"	"°C"	"°C"	"°C"	"°C"	"°C"	"°C"	"°C"	
"0x2203 'Room11\Room11.TR.Val'"	"0x1214"	"dK"	"dK"	"dK"	"dK"	"dK"	"dK"	"dK"	"dK"	
"0x2308 'Room11\Room11.CndMon2'"	"0x1100"	"CndMon2"	"CndMon2"	"CndMon2"	"CndMon2"	"CndMon2"	"CndMon2"	"CndMon2"	"CndMon2"	
"0x2308 'Room11\Room11.CndMon2'"	"0x010D"	"Room11.CndMon2"	"Room11.CndMon2"	"Room11.CndMon2"	"Room11.CndMon2"	"Room11.CndMon2"	"Room11.CndMon2"	"Room11.CndMon2"	"Room11.CndMon2"	
"0x2304 'Room11\Room11.CndMon2.RefIO'"	"0x1100"	"RefIO"	"RefIO"	"RefIO"	"RefIO"	"RefIO"	"RefIO"	"RefIO"	"RefIO"	
"0x2304 'Room11\Room11.CndMon2.RefIO'"	"0x010D"	"Room11.CndMon2.RefIO"	"Room11.CndMon2.RefIO"	"Room11.CndMon2.RefIO"	"Room11.CndMon2.RefIO"	"Room11.CndMon2.RefIO"	"Room11.CndMon2.RefIO"	"Room11.CndMon2.RefIO"	"Room11.CndMon2.RefIO"	
"0x2204 'Room11\Room11.CndMon2.Val'"	"0x1100"	"Val"	"Val"	"Val"	"Val"	"Val"	"Val"	"Val"	"Val"	
"0x2204 'Room11\Room11.CndMon2.Val'"	"0x010D"	"Room11.CndMon2.Val"	"Room11.CndMon2.Val"	"Room11.CndMon2.Val"	"Room11.CndMon2.Val"	"Room11.CndMon2.Val"	"Room11.CndMon2.Val"	"Room11.CndMon2.Val"	"Room11.CndMon2.Val"	
"0x2204 'Room11\Room11.CndMon2.Val'"	"0x1101"	"Passive*Active*Null"	"Passive*Active*Null"	"Passive*Active*Null"	"Passive*Active*Null"	"Passive*Active*Null"	"Passive*Active*Null"	"Passive*Active*Null"	"Passive*Active*Null"	
"0x2308 'Room11\Room11.CndMon'"	"0x1100"	"CndMon"	"CndMon"	"CndMon"	"CndMon"	"CndMon"	"CndMon"	"CndMon"	"CndMon"	
"0x2308 'Room11\Room11.CndMon'"	"0x010D"	"Room11.CndMon"	"Room11.CndMon"	"Room11.CndMon"	"Room11.CndMon"	"Room11.CndMon"	"Room11.CndMon"	"Room11.CndMon"	"Room11.CndMon"	
"0x2304 'Room11\Room11.CndMon.RefIO'"	"0x1100"	"RefIO"	"RefIO"	"RefIO"	"RefIO"	"RefIO"	"RefIO"	"RefIO"	"RefIO"	
"0x2304 'Room11\Room11.CndMon.RefIO'"	"0x010D"	"Room11.CndMon.RefIO"	"Room11.CndMon.RefIO"	"Room11.CndMon.RefIO"	"Room11.CndMon.RefIO"	"Room11.CndMon.RefIO"	"Room11.CndMon.RefIO"	"Room11.CndMon.RefIO"	"Room11.CndMon.RefIO"	
"0x2204 'Room11\Room11.CndMon.Val'"	"0x1100"	"Val"	"Val"	"Val"	"Val"	"Val"	"Val"	"Val"	"Val"	
"0x2204 'Room11\Room11.CndMon.Val'"	"0x010D"	"Room11.CndMon.Val"	"Room11.CndMon.Val"	"Room11.CndMon.Val"	"Room11.CndMon.Val"	"Room11.CndMon.Val"	"Room11.CndMon.Val"	"Room11.CndMon.Val"	"Room11.CndMon.Val"	
"0x2204 'Room11\Room11.CndMon.Val'"	"0x1101"	"Passive*Active*Null"	"Passive*Active*Null"	"Passive*Active*Null"	"Passive*Active*Null"	"Passive*Active*Null"	"Passive*Active*Null"	"Passive*Active*Null"	"Passive*Active*Null"	
"0x2308 'Room11\Room11.CndMon3'"	"0x1100"	"CndMon3"	"CndMon3"	"CndMon3"	"CndMon3"	"CndMon3"	"CndMon3"	"CndMon3"	"CndMon3"	
"0x2308 'Room11\Room11.CndMon3'"	"0x010D"	"Room11.CndMon3"	"Room11.CndMon3"	"Room11.CndMon3"	"Room11.CndMon3"	"Room11.CndMon3"	"Room11.CndMon3"	"Room11.CndMon3"	"Room11.CndMon3"	
"0x2304 'Room11\Room11.CndMon3.RefIO'"	"0x1100"	"RefIO"	"RefIO"	"RefIO"	"RefIO"	"RefIO"	"RefIO"	"RefIO"	"RefIO"	
"0x2304 'Room11\Room11.CndMon3.RefIO'"	"0x010D"	"Room11.CndMon3.RefIO"	"Room11.CndMon3.RefIO"	"Room11.CndMon3.RefIO"	"Room11.CndMon3.RefIO"	"Room11.CndMon3.RefIO"	"Room11.CndMon3.RefIO"	"Room11.CndMon3.RefIO"	"Room11.CndMon3.RefIO"	
"0x2204 'Room11\Room11.CndMon3.Val'"	"0x1100"	"Val"	"Val"	"Val"	"Val"	"Val"	"Val"	"Val"	"Val"	
"0x2204 'Room11\Room11.CndMon3.Val'"	"0x010D"	"Room11.CndMon3.Val"	"Room11.CndMon3.Val"	"Room11.CndMon3.Val"	"Room11.CndMon3.Val"	"Room11.CndMon3.Val"	"Room11.CndMon3.Val"	"Room11.CndMon3.Val"	"Room11.CndMon3.Val"	
"0x2204 'Room11\Room11.CndMon3.Val'"	"0x1101"	"Passive*Active*Null"	"Passive*Active*Null"	"Passive*Active*Null"	"Passive*Active*Null"	"Passive*Active*Null"	"Passive*Active*Null"	"Passive*Active*Null"	"Passive*Active*Null"	
"0x2308 'Room11\Room11.CndMon4'"	"0x1100"	"CndMon4"	"CndMon4"	"CndMon4"	"CndMon4"	"CndMon4"	"CndMon4"	"CndMon4"	"CndMon4"	
"0x2308 'Room11\Room11.CndMon4'"	"0x010D"	"Room11.CndMon4"	"Room11.CndMon4"	"Room11.CndMon4"	"Room11.CndMon4"	"Room11.CndMon4"	"Room11.CndMon4"	"Room11.CndMon4"	"Room11.CndMon4"	
"0x2304 'Room11\Room11.CndMon4.RefIO'"	"0x1100"	"RefIO"	"RefIO"	"RefIO"	"RefIO"	"RefIO"	"RefIO"	"RefIO"	"RefIO"	
"0x2304 'Room11\Room11.CndMon4.RefIO'"	"0x010D"	"Room11.CndMon4.RefIO"	"Room11.CndMon4.RefIO"	"Room11.CndMon4.RefIO"	"Room11.CndMon4.RefIO"	"Room11.CndMon4.RefIO"	"Room11.CndMon4.RefIO"	"Room11.CndMon4.RefIO"	"Room11.CndMon4.RefIO"	
"0x2204 'Room11\Room11.CndMon4.Val'"	"0x1100"	"Val"	"Val"	"Val"	"Val"	"Val"	"Val"	"Val"	"Val"	
"0x2204 'Room11\Room11.CndMon4.Val'"	"0x010D"	"Room11.CndMon4.Val"	"Room11.CndMon4.Val"	"Room11.CndMon4.Val"	"Room11.CndMon4.Val"	"Room11.CndMon4.Val"	"Room11.CndMon4.Val"	"Room11.CndMon4.Val"	"Room11.CndMon4.Val"	
"0x2204 'Room11\Room11.CndMon4.Val'"	"0x1101"	"Passive*Active*Null"	"Passive*Active*Null"	"Passive*Active*Null"	"Passive*Active*Null"	"Passive*Active*Null"	"Passive*Active*Null"	"Passive*Active*Null"	"Passive*Active*Null"	
"0x2302 'Room11\Room11.OpModMan'"	"0x1100"	"OpModMan"	"OpModMan"	"OpModMan"	"OpModMan"	"OpModMan"	"OpModMan"	"OpModMan"	"OpModMan"	
"0x2302 'Room11\Room11.OpModMan'"	"0x010D"	"Room11.OpModMan"	"Room11.OpModMan"	"Room11.OpModMan"	"Room11.OpModMan"	"Room11.OpModMan"	"Room11.OpModMan"	"Room11.OpModMan"	"Room11.OpModMan"	
"0x2302 'Room11\Room11.OpModMan'"	"0x1101"	"Prt*Eco*Cmf*Auto"	"Prt*Eco*Cmf*Auto"	"Prt*Eco*Cmf*Auto"	"Prt*Eco*Cmf*Auto"	"Prt*Eco*Cmf*Auto"	"Prt*Eco*Cmf*Auto"	"Prt*Eco*Cmf*Auto"	"Prt*Eco*Cmf*Auto"	
"0x2302 'Room11\Room11.ShedSel'"	"0x1100"	"ShedSel"	"ShedSel"	"ShedSel"	"ShedSel"	"ShedSel"	"ShedSel"	"ShedSel"	"ShedSel"	
"0x2302 'Room11\Room11.ShedSel'"	"0x010D"	"Room11.ShedSel"	"Room11.ShedSel"	"Room11.ShedSel"	"Room11.ShedSel"	"Room11.ShedSel"	"Room11.ShedSel"	"Room11.ShedSel"	"Room11.ShedSel"	
"0x2302 'Room11\Room11.ShedSel'"	"0x1101"	"TSP_1*TSP_2*TSP_3"	"TSP_1*TSP_2*TSP_3"	"TSP_1*TSP_2*TSP_3"	"TSP_1*TSP_2*TSP_3"	"TSP_1*TSP_2*TSP_3"	"TSP_1*TSP_2*TSP_3"	"TSP_1*TSP_2*TSP_3"	"TSP_1*TSP_2*TSP_3"	
"0x2300 'Room11\Room11.SpTRPrt'"	"0x1100"	"SpTRPrt"	"SpTRPrt"	"SpTRPrt"	"SpTRPrt"	"SpTRPrt"	"SpTRPrt"	"SpTRPrt"	"SpTRPrt"	
"0x2300 'Room11\Room11.SpTRPrt'"	"0x010D"	"Room11.SpTRPrt"	"Room11.SpTRPrt"	"Room11.SpTRPrt"	"Room11.SpTRPrt"	"Room11.SpTRPrt"	"Room11.SpTRPrt"	"Room11.SpTRPrt"	"Room11.SpTRPrt"	
"0x2300 'Room11\Room11.SpTRPrt'"	"0x1102"	"°C"	"°C"	"°C"	"°C"	"°C"	"°C"	"°C"	"°C"	
"0x2300 'Room11\Room11.SpTREco'"	"0x1100"	"SpTREco"	"SpTREco"	"SpTREco"	"SpTREco"	"SpTREco"	"SpTREco"	"SpTREco"	"SpTREco"	
"0x2300 'Room11\Room11.SpTREco'"	"0x010D"	"Room11.SpTREco"	"Room11.SpTREco"	"Room11.SpTREco"	"Room11.SpTREco"	"Room11.SpTREco"	"Room11.SpTREco"	"Room11.SpTREco"	"Room11.SpTREco"	
"0x2300 'Room11\Room11.SpTREco'"	"0x1102"	"°C"	"°C"	"°C"	"°C"	"°C"	"°C"	"°C"	"°C"	
"0x2300 'Room11\Room11.SpTRCmf'"	"0x1100"	"SpTRCmf"	"SpTRCmf"	"SpTRCmf"	"SpTRCmf"	"SpTRCmf"	"SpTRCmf"	"SpTRCmf"	"SpTRCmf"	
"0x2300 'Room11\Room11.SpTRCmf'"	"0x010D"	"Room11.SpTRCmf"	"Room11.SpTRCmf"	"Room11.SpTRCmf"	"Room11.SpTRCmf"	"Room11.SpTRCmf"	"Room11.SpTRCmf"	"Room11.SpTRCmf"	"Room11.SpTRCmf"	
"0x2300 'Room11\Room11.SpTRCmf'"	"0x1102"	"°C"	"°C"	"°C"	"°C"	"°C"	"°C"	"°C"	"°C"	
"0x2202 'Room11\Room11.PltMod'"	"0x1100"	"PltMod"	"PltMod"	"PltMod"	"PltMod"	"PltMod"	"PltMod"	"PltMod"	"PltMod"	
"0x2202 'Room11\Room11.PltMod'"	"0x010D"	"Room11.PltMod"	"Room11.PltMod"	"Room11.PltMod"	"Room11.PltMod"	"Room11.PltMod"	"Room11.PltMod"	"Room11.PltMod"	"Room11.PltMod"	
"0x2202 'Room11\Room11.PltMod'"	"0x1101"	"Null*Auto*Off*Ctl*Flt"	"Null*Auto*Off*Ctl*Flt"	"Null*Auto*Off*Ctl*Flt"	"Null*Auto*Off*Ctl*Flt"	"Null*Auto*Off*Ctl*Flt"	"Null*Auto*Off*Ctl*Flt"	"Null*Auto*Off*Ctl*Flt"	"Null*Auto*Off*Ctl*Flt"	
"0x2308 'Room11\Room11.VlvCtl'"	"0x1100"	"VlvCtl"	"VlvCtl"	"VlvCtl"	"VlvCtl"	"VlvCtl"	"VlvCtl"	"VlvCtl"	"VlvCtl"	
"0x2308 'Room11\Room11.VlvCtl'"	"0x010D"	"Room11.VlvCtl"	"Room11.VlvCtl"	"Room11.VlvCtl"	"Room11.VlvCtl"	"Room11.VlvCtl"	"Room11.VlvCtl"	"Room11.VlvCtl"	"Room11.VlvCtl"	
"0x2202 'Room11\Room11.VlvCtl.AggrMod'"	"0x1100"	"AggrMod"	"AggrMod"	"AggrMod"	"AggrMod"	"AggrMod"	"AggrMod"	"AggrMod"	"AggrMod"	
"0x2202 'Room11\Room11.VlvCtl.AggrMod'"	"0x010D"	"Room11.VlvCtl.AggrMod"	"Room11.VlvCtl.AggrMod"	"Room11.VlvCtl.AggrMod"	"Room11.VlvCtl.AggrMod"	"Room11.VlvCtl.AggrMod"	"Room11.VlvCtl.AggrMod"	"Room11.VlvCtl.AggrMod"	"Room11.VlvCtl.AggrMod"	
"0x2202 'Room11\Room11.VlvCtl.AggrMod'"	"0x1101"	"Auto*Off*On*Dmd*Loop*Low*High*Swi*Last*LoopDmd"	"Auto*Off*On*Dmd*Loop*Low*High*Swi*Last*LoopDmd"	"Auto*Off*On*Dmd*Loop*Low*High*Swi*Last*LoopDmd"	"Auto*Off*On*Dmd*Loop*Low*High*Swi*Last*LoopDmd"	"Auto*Off*On*Dmd*Loop*Low*High*Swi*Last*LoopDmd"	"Auto*Off*On*Dmd*Loop*Low*High*Swi*Last*LoopDmd"	"Auto*Off*On*Dmd*Loop*Low*High*Swi*Last*LoopDmd"	"Auto*Off*On*Dmd*Loop*Low*High*Swi*Last*LoopDmd"	
"0x2300 'Room11\Room11.VlvCtl.Low'"	"0x1100"	"Low"	"Low"	"Low"	"Low"	"Low"	"Low"	"Low"	"Low"	
"0x2300 'Room11\Room11.VlvCtl.Low'"	"0x010D"	"Room11.VlvCtl.Low"	"Room11.VlvCtl.Low"	"Room11.VlvCtl.Low"	"Room11.VlvCtl.Low"	"Room11.VlvCtl.Low"	"Room11.VlvCtl.Low"	"Room11.VlvCtl.Low"	"Room11.VlvCtl.Low"	
"0x2300 'Room11\Room11.VlvCtl.Low'"	"0x1102"	"%"	"%"	"%"	"%"	"%"	"%"	"%"	"%"	
"0x2300 'Room11\Room11.VlvCtl.High'"	"0x1100"	"High"	"High"	"High"	"High"	"High"	"High"	"High"	"High"	
"0x2300 'Room11\Room11.VlvCtl.High'"	"0x010D"	"Room11.VlvCtl.High"	"Room11.VlvCtl.High"	"Room11.VlvCtl.High"	"Room11.VlvCtl.High"	"Room11.VlvCtl.High"	"Room11.VlvCtl.High"	"Room11.VlvCtl.High"	"Room11.VlvCtl.High"	
"0x2300 'Room11\Room11.VlvCtl.High'"	"0x1102"	"%"	"%"	"%"	"%"	"%"	"%"	"%"	"%"	
"0x2300 'Room11\Room11.VlvCtl.TiDly'"	"0x1100"	"TiDly"	"TiDly"	"TiDly"	"TiDly"	"TiDly"	"TiDly"	"TiDly"	"TiDly"	
"0x2300 'Room11\Room11.VlvCtl.TiDly'"	"0x010D"	"Room11.VlvCtl.TiDly"	"Room11.VlvCtl.TiDly"	"Room11.VlvCtl.TiDly"	"Room11.VlvCtl.TiDly"	"Room11.VlvCtl.TiDly"	"Room11.VlvCtl.TiDly"	"Room11.VlvCtl.TiDly"	"Room11.VlvCtl.TiDly"	
"0x2300 'Room11\Room11.VlvCtl.TiDly'"	"0x1102"	"s"	"s"	"s"	"s"	"s"	"s"	"s"	"s"	
"0x2300 'Room11\Room11.VlvCtl.SwiOn'"	"0x1100"	"SwiOn"	"SwiOn"	"SwiOn"	"SwiOn"	"SwiOn"	"SwiOn"	"SwiOn"	"SwiOn"	
"0x2300 'Room11\Room11.VlvCtl.SwiOn'"	"0x010D"	"Room11.VlvCtl.SwiOn"	"Room11.VlvCtl.SwiOn"	"Room11.VlvCtl.SwiOn"	"Room11.VlvCtl.SwiOn"	"Room11.VlvCtl.SwiOn"	"Room11.VlvCtl.SwiOn"	"Room11.VlvCtl.SwiOn"	"Room11.VlvCtl.SwiOn"	
"0x2300 'Room11\Room11.VlvCtl.SwiOn'"	"0x1102"	"%"	"%"	"%"	"%"	"%"	"%"	"%"	"%"	
"0x2300 'Room11\Room11.VlvCtl.SwiOff'"	"0x1100"	"SwiOff"	"SwiOff"	"SwiOff"	"SwiOff"	"SwiOff"	"SwiOff"	"SwiOff"	"SwiOff"	
"0x2300 'Room11\Room11.VlvCtl.SwiOff'"	"0x010D"	"Room11.VlvCtl.SwiOff"	"Room11.VlvCtl.SwiOff"	"Room11.VlvCtl.SwiOff"	"Room11.VlvCtl.SwiOff"	"Room11.VlvCtl.SwiOff"	"Room11.VlvCtl.SwiOff"	"Room11.VlvCtl.SwiOff"	"Room11.VlvCtl.SwiOff"	
"0x2300 'Room11\Room11.VlvCtl.SwiOff'"	"0x1102"	"%"	"%"	"%"	"%"	"%"	"%"	"%"	"%"	
"0x2305 'Room11\Room11.VlvCtl.Ctl'"	"0x1100"	"Ctl"	"Ctl"	"Ctl"	"Ctl"	"Ctl"	"Ctl"	"Ctl"	"Ctl"	
"0x2305 'Room11\Room11.VlvCtl.Ctl'"	"0x010D"	"Room11.VlvCtl.Ctl"	"Room11.VlvCtl.Ctl"	"Room11.VlvCtl.Ctl"	"Room11.VlvCtl.Ctl"	"Room11.VlvCtl.Ctl"	"Room11.VlvCtl.Ctl"	"Room11.VlvCtl.Ctl"	"Room11.VlvCtl.Ctl"	
"0x2305 'Room11\Room11.VlvCtl.Ctl'"	"0x1102"	"°C"	"°C"	"°C"	"°C"	"°C"	"°C"	"°C"	"°C"	
"0x2305 'Room11\Room11.VlvCtl.Ctl'"	"0x1200"	"GESP*OG*UG*REG*Y-NV*UDEF"	"GESP*OG*UG*REG*Y-NV*UDEF"	"GESP*OG*UG*REG*Y-NV*UDEF"	"GESP*OG*UG*REG*Y-NV*UDEF"	"GESP*OG*UG*REG*Y-NV*UDEF"	"GESP*OG*UG*REG*Y-NV*UDEF"	"GESP*OG*UG*REG*Y-NV*UDEF"	"GESP*OG*UG*REG*Y-NV*UDEF"	
"0x2308 'Room11\Room11.Vlv2'"	"0x1100"	"Vlv2"	"Vlv2"	"Vlv2"	"Vlv2"	"Vlv2"	"Vlv2"	"Vlv2"	"Vlv2"	
"0x2308 'Room11\Room11.Vlv2'"	"0x010D"	"Room11.Vlv2"	"Room11.Vlv2"	"Room11.Vlv2"	"Room11.Vlv2"	"Room11.Vlv2"	"Room11.Vlv2"	"Room11.Vlv2"	"Room11.Vlv2"	
"0x2304 'Room11\Room11.Vlv2.RefIO'"	"0x1100"	"RefIO"	"RefIO"	"RefIO"	"RefIO"	"RefIO"	"RefIO"	"RefIO"	"RefIO"	
"0x2304 'Room11\Room11.Vlv2.RefIO'"	"0x010D"	"Room11.Vlv2.RefIO"	"Room11.Vlv2.RefIO"	"Room11.Vlv2.RefIO"	"Room11.Vlv2.RefIO"	"Room11.Vlv2.RefIO"	"Room11.Vlv2.RefIO"	"Room11.Vlv2.RefIO"	"Room11.Vlv2.RefIO"	
"0x2206 'Room11\Room11.Vlv2.Cmd'"	"0x1100"	"Cmd"	"Cmd"	"Cmd"	"Cmd"	"Cmd"	"Cmd"	"Cmd"	"Cmd"	
"0x2206 'Room11\Room11.Vlv2.Cmd'"	"0x010D"	"Room11.Vlv2.Cmd"	"Room11.Vlv2.Cmd"	"Room11.Vlv2.Cmd"	"Room11.Vlv2.Cmd"	"Room11.Vlv2.Cmd"	"Room11.Vlv2.Cmd"	"Room11.Vlv2.Cmd"	"Room11.Vlv2.Cmd"	
"0x2206 'Room11\Room11.Vlv2.Cmd'"	"0x1102"	"%"	"%"	"%"	"%"	"%"	"%"	"%"	"%"	
"0x2206 'Room11\Room11.Vlv2.Cmd'"	"0x1214"	"%"	"%"	"%"	"%"	"%"	"%"	"%"	"%"	
"0x2310 'Room11\Room11.Vlv2.Pos'"	"0x1100"	"Pos"	"Pos"	"Pos"	"Pos"	"Pos"	"Pos"	"Pos"	"Pos"	
"0x2310 'Room11\Room11.Vlv2.Pos'"	"0x010D"	"Room11.Vlv2.Pos"	"Room11.Vlv2.Pos"	"Room11.Vlv2.Pos"	"Room11.Vlv2.Pos"	"Room11.Vlv2.Pos"	"Room11.Vlv2.Pos"	"Room11.Vlv2.Pos"	"Room11.Vlv2.Pos"	
"0x2310 'Room11\Room11.Vlv2.Pos'"	"0x1101"	"Idle*Pos+*Pos-*Sync+*Sync-"	"Idle*Pos+*Pos-*Sync+*Sync-"	"Idle*Pos+*Pos-*Sync+*Sync-"	"Idle*Pos+*Pos-*Sync+*Sync-"	"Idle*Pos+*Pos-*Sync+*Sync-"	"Idle*Pos+*Pos-*Sync+*Sync-"	"Idle*Pos+*Pos-*Sync+*Sync-"	"Idle*Pos+*Pos-*Sync+*Sync-"	
"0x2308 'Room11\Room11.Vlv'"	"0x1100"	"Vlv"	"Vlv"	"Vlv"	"Vlv"	"Vlv"	"Vlv"	"Vlv"	"Vlv"	
"0x2308 'Room11\Room11.Vlv'"	"0x010D"	"Room11.Vlv"	"Room11.Vlv"	"Room11.Vlv"	"Room11.Vlv"	"Room11.Vlv"	"Room11.Vlv"	"Room11.Vlv"	"Room11.Vlv"	
"0x2304 'Room11\Room11.Vlv.RefIO'"	"0x1100"	"RefIO"	"RefIO"	"RefIO"	"RefIO"	"RefIO"	"RefIO"	"RefIO"	"RefIO"	
"0x2304 'Room11\Room11.Vlv.RefIO'"	"0x010D"	"Room11.Vlv.RefIO"	"Room11.Vlv.RefIO"	"Room11.Vlv.RefIO"	"Room11.Vlv.RefIO"	"Room11.Vlv.RefIO"	"Room11.Vlv.RefIO"	"Room11.Vlv.RefIO"	"Room11.Vlv.RefIO"	
"0x2206 'Room11\Room11.Vlv.Cmd'"	"0x1100"	"Cmd"	"Cmd"	"Cmd"	"Cmd"	"Cmd"	"Cmd"	"Cmd"	"Cmd"	
"0x2206 'Room11\Room11.Vlv.Cmd'"	"0x010D"	"Room11.Vlv.Cmd"	"Room11.Vlv.Cmd"	"Room11.Vlv.Cmd"	"Room11.Vlv.Cmd"	"Room11.Vlv.Cmd"	"Room11.Vlv.Cmd"	"Room11.Vlv.Cmd"	"Room11.Vlv.Cmd"	
"0x2206 'Room11\Room11.Vlv.Cmd'"	"0x1102"	"%"	"%"	"%"	"%"	"%"	"%"	"%"	"%"	
"0x2206 'Room11\Room11.Vlv.Cmd'"	"0x1214"	"%"	"%"	"%"	"%"	"%"	"%"	"%"	"%"	
"0x2310 'Room11\Room11.Vlv.Pos'"	"0x1100"	"Pos"	"Pos"	"Pos"	"Pos"	"Pos"	"Pos"	"Pos"	"Pos"	
"0x2310 'Room11\Room11.Vlv.Pos'"	"0x010D"	"Room11.Vlv.Pos"	"Room11.Vlv.Pos"	"Room11.Vlv.Pos"	"Room11.Vlv.Pos"	"Room11.Vlv.Pos"	"Room11.Vlv.Pos"	"Room11.Vlv.Pos"	"Room11.Vlv.Pos"	
"0x2310 'Room11\Room11.Vlv.Pos'"	"0x1101"	"Idle*Pos+*Pos-*Sync+*Sync-"	"Idle*Pos+*Pos-*Sync+*Sync-"	"Idle*Pos+*Pos-*Sync+*Sync-"	"Idle*Pos+*Pos-*Sync+*Sync-"	"Idle*Pos+*Pos-*Sync+*Sync-"	"Idle*Pos+*Pos-*Sync+*Sync-"	"Idle*Pos+*Pos-*Sync+*Sync-"	"Idle*Pos+*Pos-*Sync+*Sync-"	
"0x2308 'Room11\Room11.Vlv3'"	"0x1100"	"Vlv3"	"Vlv3"	"Vlv3"	"Vlv3"	"Vlv3"	"Vlv3"	"Vlv3"	"Vlv3"	
"0x2308 'Room11\Room11.Vlv3'"	"0x010D"	"Room11.Vlv3"	"Room11.Vlv3"	"Room11.Vlv3"	"Room11.Vlv3"	"Room11.Vlv3"	"Room11.Vlv3"	"Room11.Vlv3"	"Room11.Vlv3"	
"0x2304 'Room11\Room11.Vlv3.RefIO'"	"0x1100"	"RefIO"	"RefIO"	"RefIO"	"RefIO"	"RefIO"	"RefIO"	"RefIO"	"RefIO"	
"0x2304 'Room11\Room11.Vlv3.RefIO'"	"0x010D"	"Room11.Vlv3.RefIO"	"Room11.Vlv3.RefIO"	"Room11.Vlv3.RefIO"	"Room11.Vlv3.RefIO"	"Room11.Vlv3.RefIO"	"Room11.Vlv3.RefIO"	"Room11.Vlv3.RefIO"	"Room11.Vlv3.RefIO"	
"0x2206 'Room11\Room11.Vlv3.Cmd'"	"0x1100"	"Cmd"	"Cmd"	"Cmd"	"Cmd"	"Cmd"	"Cmd"	"Cmd"	"Cmd"	
"0x2206 'Room11\Room11.Vlv3.Cmd'"	"0x010D"	"Room11.Vlv3.Cmd"	"Room11.Vlv3.Cmd"	"Room11.Vlv3.Cmd"	"Room11.Vlv3.Cmd"	"Room11.Vlv3.Cmd"	"Room11.Vlv3.Cmd"	"Room11.Vlv3.Cmd"	"Room11.Vlv3.Cmd"	
"0x2206 'Room11\Room11.Vlv3.Cmd'"	"0x1102"	"%"	"%"	"%"	"%"	"%"	"%"	"%"	"%"	
"0x2206 'Room11\Room11.Vlv3.Cmd'"	"0x1214"	"%"	"%"	"%"	"%"	"%"	"%"	"%"	"%"	
"0x2310 'Room11\Room11.Vlv3.Pos'"	"0x1100"	"Pos"	"Pos"	"Pos"	"Pos"	"Pos"	"Pos"	"Pos"	"Pos"	
"0x2310 'Room11\Room11.Vlv3.Pos'"	"0x010D"	"Room11.Vlv3.Pos"	"Room11.Vlv3.Pos"	"Room11.Vlv3.Pos"	"Room11.Vlv3.Pos"	"Room11.Vlv3.Pos"	"Room11.Vlv3.Pos"	"Room11.Vlv3.Pos"	"Room11.Vlv3.Pos"	
"0x2310 'Room11\Room11.Vlv3.Pos'"	"0x1101"	"Idle*Pos+*Pos-*Sync+*Sync-"	"Idle*Pos+*Pos-*Sync+*Sync-"	"Idle*Pos+*Pos-*Sync+*Sync-"	"Idle*Pos+*Pos-*Sync+*Sync-"	"Idle*Pos+*Pos-*Sync+*Sync-"	"Idle*Pos+*Pos-*Sync+*Sync-"	"Idle*Pos+*Pos-*Sync+*Sync-"	"Idle*Pos+*Pos-*Sync+*Sync-"	
"0x2308 'Room11\Room11.Vlv4'"	"0x1100"	"Vlv4"	"Vlv4"	"Vlv4"	"Vlv4"	"Vlv4"	"Vlv4"	"Vlv4"	"Vlv4"	
"0x2308 'Room11\Room11.Vlv4'"	"0x010D"	"Room11.Vlv4"	"Room11.Vlv4"	"Room11.Vlv4"	"Room11.Vlv4"	"Room11.Vlv4"	"Room11.Vlv4"	"Room11.Vlv4"	"Room11.Vlv4"	
"0x2304 'Room11\Room11.Vlv4.RefIO'"	"0x1100"	"RefIO"	"RefIO"	"RefIO"	"RefIO"	"RefIO"	"RefIO"	"RefIO"	"RefIO"	
"0x2304 'Room11\Room11.Vlv4.RefIO'"	"0x010D"	"Room11.Vlv4.RefIO"	"Room11.Vlv4.RefIO"	"Room11.Vlv4.RefIO"	"Room11.Vlv4.RefIO"	"Room11.Vlv4.RefIO"	"Room11.Vlv4.RefIO"	"Room11.Vlv4.RefIO"	"Room11.Vlv4.RefIO"	
"0x2206 'Room11\Room11.Vlv4.Cmd'"	"0x1100"	"Cmd"	"Cmd"	"Cmd"	"Cmd"	"Cmd"	"Cmd"	"Cmd"	"Cmd"	
"0x2206 'Room11\Room11.Vlv4.Cmd'"	"0x010D"	"Room11.Vlv4.Cmd"	"Room11.Vlv4.Cmd"	"Room11.Vlv4.Cmd"	"Room11.Vlv4.Cmd"	"Room11.Vlv4.Cmd"	"Room11.Vlv4.Cmd"	"Room11.Vlv4.Cmd"	"Room11.Vlv4.Cmd"	
"0x2206 'Room11\Room11.Vlv4.Cmd'"	"0x1102"	"%"	"%"	"%"	"%"	"%"	"%"	"%"	"%"	
"0x2206 'Room11\Room11.Vlv4.Cmd'"	"0x1214"	"%"	"%"	"%"	"%"	"%"	"%"	"%"	"%"	
"0x2310 'Room11\Room11.Vlv4.Pos'"	"0x1100"	"Pos"	"Pos"	"Pos"	"Pos"	"Pos"	"Pos"	"Pos"	"Pos"	
"0x2310 'Room11\Room11.Vlv4.Pos'"	"0x010D"	"Room11.Vlv4.Pos"	"Room11.Vlv4.Pos"	"Room11.Vlv4.Pos"	"Room11.Vlv4.Pos"	"Room11.Vlv4.Pos"	"Room11.Vlv4.Pos"	"Room11.Vlv4.Pos"	"Room11.Vlv4.Pos"	
"0x2310 'Room11\Room11.Vlv4.Pos'"	"0x1101"	"Idle*Pos+*Pos-*Sync+*Sync-"	"Idle*Pos+*Pos-*Sync+*Sync-"	"Idle*Pos+*Pos-*Sync+*Sync-"	"Idle*Pos+*Pos-*Sync+*Sync-"	"Idle*Pos+*Pos-*Sync+*Sync-"	"Idle*Pos+*Pos-*Sync+*Sync-"	"Idle*Pos+*Pos-*Sync+*Sync-"	"Idle*Pos+*Pos-*Sync+*Sync-"	
"0x2304 'Room11\Room11.Ime'"	"0x1100"	"Ime"	"Ime"	"Ime"	"Ime"	"Ime"	"Ime"	"Ime"	"Ime"	
"0x2304 'Room11\Room11.Ime'"	"0x010D"	"Room11.Ime"	"Room11.Ime"	"Room11.Ime"	"Room11.Ime"	"Room11.Ime"	"Room11.Ime"	"Room11.Ime"	"Room11.Ime"	
"0x2309 '0x031D\Room12'"	"0x1100"	"Room12"	"Room12"	"Room12"	"Room12"	"Room12"	"Room12"	"Room12"	"Room12"	
"0x2309 '0x031D\Room12'"	"0x010D"	"Room12"	"Room12"	"Room12"	"Room12"	"Room12"	"Room12"	"Room12"	"Room12"	
"0x2308 'Room12\Room12.TR'"	"0x1100"	"TR"	"TR"	"TR"	"TR"	"TR"	"TR"	"TR"	"TR"	
"0x2308 'Room12\Room12.TR'"	"0x010D"	"Room12.TR"	"Room12.TR"	"Room12.TR"	"Room12.TR"	"Room12.TR"	"Room12.TR"	"Room12.TR"	"Room12.TR"	
"0x2300 'Room12\Room12.TR.SpTiCom'"	"0x1100"	"SpTiCom"	"SpTiCom"	"SpTiCom"	"SpTiCom"	"SpTiCom"	"SpTiCom"	"SpTiCom"	"SpTiCom"	
"0x2300 'Room12\Room12.TR.SpTiCom'"	"0x010D"	"Room12.TR.SpTiCom"	"Room12.TR.SpTiCom"	"Room12.TR.SpTiCom"	"Room12.TR.SpTiCom"	"Room12.TR.SpTiCom"	"Room12.TR.SpTiCom"	"Room12.TR.SpTiCom"	"Room12.TR.SpTiCom"	
"0x2300 'Room12\Room12.TR.SpTiCom'"	"0x1102"	"s"	"s"	"s"	"s"	"s"	"s"	"s"	"s"	
"0x2203 'Room12\Room12.TR.Val'"	"0x1100"	"Val"	"Val"	"Val"	"Val"	"Val"	"Val"	"Val"	"Val"	
"0x2203 'Room12\Room12.TR.Val'"	"0x010D"	"Room12.TR.Val"	"Room12.TR.Val"	"Room12.TR.Val"	"Room12.TR.Val"	"Room12.TR.Val"	"Room12.TR.Val"	"Room12.TR.Val"	"Room12.TR.Val"	
"0x2203 'Room12\Room12.TR.Val'"	"0x1102"	"°C"	"°C"	"°C"	"°C"	"°C"	"°C"	"°C"	"°C"	
"0x2203 'Room12\Room12.TR.Val'"	"0x1214"	"dK"	"dK"	"dK"	"dK"	"dK"	"dK"	"dK"	"dK"	
"0x2308 'Room12\Room12.CndMon2'"	"0x1100"	"CndMon2"	"CndMon2"	"CndMon2"	"CndMon2"	"CndMon2"	"CndMon2"	"CndMon2"	"CndMon2"	
"0x2308 'Room12\Room12.CndMon2'"	"0x010D"	"Room12.CndMon2"	"Room12.CndMon2"	"Room12.CndMon2"	"Room12.CndMon2"	"Room12.CndMon2"	"Room12.CndMon2"	"Room12.CndMon2"	"Room12.CndMon2"	
"0x2304 'Room12\Room12.CndMon2.RefIO'"	"0x1100"	"RefIO"	"RefIO"	"RefIO"	"RefIO"	"RefIO"	"RefIO"	"RefIO"	"RefIO"	
"0x2304 'Room12\Room12.CndMon2.RefIO'"	"0x010D"	"Room12.CndMon2.RefIO"	"Room12.CndMon2.RefIO"	"Room12.CndMon2.RefIO"	"Room12.CndMon2.RefIO"	"Room12.CndMon2.RefIO"	"Room12.CndMon2.RefIO"	"Room12.CndMon2.RefIO"	"Room12.CndMon2.RefIO"	
"0x2204 'Room12\Room12.CndMon2.Val'"	"0x1100"	"Val"	"Val"	"Val"	"Val"	"Val"	"Val"	"Val"	"Val"	
"0x2204 'Room12\Room12.CndMon2.Val'"	"0x010D"	"Room12.CndMon2.Val"	"Room12.CndMon2.Val"	"Room12.CndMon2.Val"	"Room12.CndMon2.Val"	"Room12.CndMon2.Val"	"Room12.CndMon2.Val"	"Room12.CndMon2.Val"	"Room12.CndMon2.Val"	
"0x2204 'Room12\Room12.CndMon2.Val'"	"0x1101"	"Passive*Active*Null"	"Passive*Active*Null"	"Passive*Active*Null"	"Passive*Active*Null"	"Passive*Active*Null"	"Passive*Active*Null"	"Passive*Active*Null"	"Passive*Active*Null"	
"0x2308 'Room12\Room12.CndMon'"	"0x1100"	"CndMon"	"CndMon"	"CndMon"	"CndMon"	"CndMon"	"CndMon"	"CndMon"	"CndMon"	
"0x2308 'Room12\Room12.CndMon'"	"0x010D"	"Room12.CndMon"	"Room12.CndMon"	"Room12.CndMon"	"Room12.CndMon"	"Room12.CndMon"	"Room12.CndMon"	"Room12.CndMon"	"Room12.CndMon"	
"0x2304 'Room12\Room12.CndMon.RefIO'"	"0x1100"	"RefIO"	"RefIO"	"RefIO"	"RefIO"	"RefIO"	"RefIO"	"RefIO"	"RefIO"	
"0x2304 'Room12\Room12.CndMon.RefIO'"	"0x010D"	"Room12.CndMon.RefIO"	"Room12.CndMon.RefIO"	"Room12.CndMon.RefIO"	"Room12.CndMon.RefIO"	"Room12.CndMon.RefIO"	"Room12.CndMon.RefIO"	"Room12.CndMon.RefIO"	"Room12.CndMon.RefIO"	
"0x2204 'Room12\Room12.CndMon.Val'"	"0x1100"	"Val"	"Val"	"Val"	"Val"	"Val"	"Val"	"Val"	"Val"	
"0x2204 'Room12\Room12.CndMon.Val'"	"0x010D"	"Room12.CndMon.Val"	"Room12.CndMon.Val"	"Room12.CndMon.Val"	"Room12.CndMon.Val"	"Room12.CndMon.Val"	"Room12.CndMon.Val"	"Room12.CndMon.Val"	"Room12.CndMon.Val"	
"0x2204 'Room12\Room12.CndMon.Val'"	"0x1101"	"Passive*Active*Null"	"Passive*Active*Null"	"Passive*Active*Null"	"Passive*Active*Null"	"Passive*Active*Null"	"Passive*Active*Null"	"Passive*Active*Null"	"Passive*Active*Null"	
"0x2308 'Room12\Room12.CndMon3'"	"0x1100"	"CndMon3"	"CndMon3"	"CndMon3"	"CndMon3"	"CndMon3"	"CndMon3"	"CndMon3"	"CndMon3"	
"0x2308 'Room12\Room12.CndMon3'"	"0x010D"	"Room12.CndMon3"	"Room12.CndMon3"	"Room12.CndMon3"	"Room12.CndMon3"	"Room12.CndMon3"	"Room12.CndMon3"	"Room12.CndMon3"	"Room12.CndMon3"	
"0x2304 'Room12\Room12.CndMon3.RefIO'"	"0x1100"	"RefIO"	"RefIO"	"RefIO"	"RefIO"	"RefIO"	"RefIO"	"RefIO"	"RefIO"	
"0x2304 'Room12\Room12.CndMon3.RefIO'"	"0x010D"	"Room12.CndMon3.RefIO"	"Room12.CndMon3.RefIO"	"Room12.CndMon3.RefIO"	"Room12.CndMon3.RefIO"	"Room12.CndMon3.RefIO"	"Room12.CndMon3.RefIO"	"Room12.CndMon3.RefIO"	"Room12.CndMon3.RefIO"	
"0x2204 'Room12\Room12.CndMon3.Val'"	"0x1100"	"Val"	"Val"	"Val"	"Val"	"Val"	"Val"	"Val"	"Val"	
"0x2204 'Room12\Room12.CndMon3.Val'"	"0x010D"	"Room12.CndMon3.Val"	"Room12.CndMon3.Val"	"Room12.CndMon3.Val"	"Room12.CndMon3.Val"	"Room12.CndMon3.Val"	"Room12.CndMon3.Val"	"Room12.CndMon3.Val"	"Room12.CndMon3.Val"	
"0x2204 'Room12\Room12.CndMon3.Val'"	"0x1101"	"Passive*Active*Null"	"Passive*Active*Null"	"Passive*Active*Null"	"Passive*Active*Null"	"Passive*Active*Null"	"Passive*Active*Null"	"Passive*Active*Null"	"Passive*Active*Null"	
"0x2308 'Room12\Room12.CndMon4'"	"0x1100"	"CndMon4"	"CndMon4"	"CndMon4"	"CndMon4"	"CndMon4"	"CndMon4"	"CndMon4"	"CndMon4"	
"0x2308 'Room12\Room12.CndMon4'"	"0x010D"	"Room12.CndMon4"	"Room12.CndMon4"	"Room12.CndMon4"	"Room12.CndMon4"	"Room12.CndMon4"	"Room12.CndMon4"	"Room12.CndMon4"	"Room12.CndMon4"	
"0x2304 'Room12\Room12.CndMon4.RefIO'"	"0x1100"	"RefIO"	"RefIO"	"RefIO"	"RefIO"	"RefIO"	"RefIO"	"RefIO"	"RefIO"	
"0x2304 'Room12\Room12.CndMon4.RefIO'"	"0x010D"	"Room12.CndMon4.RefIO"	"Room12.CndMon4.RefIO"	"Room12.CndMon4.RefIO"	"Room12.CndMon4.RefIO"	"Room12.CndMon4.RefIO"	"Room12.CndMon4.RefIO"	"Room12.CndMon4.RefIO"	"Room12.CndMon4.RefIO"	
"0x2204 'Room12\Room12.CndMon4.Val'"	"0x1100"	"Val"	"Val"	"Val"	"Val"	"Val"	"Val"	"Val"	"Val"	
"0x2204 'Room12\Room12.CndMon4.Val'"	"0x010D"	"Room12.CndMon4.Val"	"Room12.CndMon4.Val"	"Room12.CndMon4.Val"	"Room12.CndMon4.Val"	"Room12.CndMon4.Val"	"Room12.CndMon4.Val"	"Room12.CndMon4.Val"	"Room12.CndMon4.Val"	
"0x2204 'Room12\Room12.CndMon4.Val'"	"0x1101"	"Passive*Active*Null"	"Passive*Active*Null"	"Passive*Active*Null"	"Passive*Active*Null"	"Passive*Active*Null"	"Passive*Active*Null"	"Passive*Active*Null"	"Passive*Active*Null"	
"0x2302 'Room12\Room12.OpModMan'"	"0x1100"	"OpModMan"	"OpModMan"	"OpModMan"	"OpModMan"	"OpModMan"	"OpModMan"	"OpModMan"	"OpModMan"	
"0x2302 'Room12\Room12.OpModMan'"	"0x010D"	"Room12.OpModMan"	"Room12.OpModMan"	"Room12.OpModMan"	"Room12.OpModMan"	"Room12.OpModMan"	"Room12.OpModMan"	"Room12.OpModMan"	"Room12.OpModMan"	
"0x2302 'Room12\Room12.OpModMan'"	"0x1101"	"Prt*Eco*Cmf*Auto"	"Prt*Eco*Cmf*Auto"	"Prt*Eco*Cmf*Auto"	"Prt*Eco*Cmf*Auto"	"Prt*Eco*Cmf*Auto"	"Prt*Eco*Cmf*Auto"	"Prt*Eco*Cmf*Auto"	"Prt*Eco*Cmf*Auto"	
"0x2302 'Room12\Room12.ShedSel'"	"0x1100"	"ShedSel"	"ShedSel"	"ShedSel"	"ShedSel"	"ShedSel"	"ShedSel"	"ShedSel"	"ShedSel"	
"0x2302 'Room12\Room12.ShedSel'"	"0x010D"	"Room12.ShedSel"	"Room12.ShedSel"	"Room12.ShedSel"	"Room12.ShedSel"	"Room12.ShedSel"	"Room12.ShedSel"	"Room12.ShedSel"	"Room12.ShedSel"	
"0x2302 'Room12\Room12.ShedSel'"	"0x1101"	"TSP_1*TSP_2*TSP_3"	"TSP_1*TSP_2*TSP_3"	"TSP_1*TSP_2*TSP_3"	"TSP_1*TSP_2*TSP_3"	"TSP_1*TSP_2*TSP_3"	"TSP_1*TSP_2*TSP_3"	"TSP_1*TSP_2*TSP_3"	"TSP_1*TSP_2*TSP_3"	
"0x2300 'Room12\Room12.SpTRPrt'"	"0x1100"	"SpTRPrt"	"SpTRPrt"	"SpTRPrt"	"SpTRPrt"	"SpTRPrt"	"SpTRPrt"	"SpTRPrt"	"SpTRPrt"	
"0x2300 'Room12\Room12.SpTRPrt'"	"0x010D"	"Room12.SpTRPrt"	"Room12.SpTRPrt"	"Room12.SpTRPrt"	"Room12.SpTRPrt"	"Room12.SpTRPrt"	"Room12.SpTRPrt"	"Room12.SpTRPrt"	"Room12.SpTRPrt"	
"0x2300 'Room12\Room12.SpTRPrt'"	"0x1102"	"°C"	"°C"	"°C"	"°C"	"°C"	"°C"	"°C"	"°C"	
"0x2300 'Room12\Room12.SpTREco'"	"0x1100"	"SpTREco"	"SpTREco"	"SpTREco"	"SpTREco"	"SpTREco"	"SpTREco"	"SpTREco"	"SpTREco"	
"0x2300 'Room12\Room12.SpTREco'"	"0x010D"	"Room12.SpTREco"	"Room12.SpTREco"	"Room12.SpTREco"	"Room12.SpTREco"	"Room12.SpTREco"	"Room12.SpTREco"	"Room12.SpTREco"	"Room12.SpTREco"	
"0x2300 'Room12\Room12.SpTREco'"	"0x1102"	"°C"	"°C"	"°C"	"°C"	"°C"	"°C"	"°C"	"°C"	
"0x2300 'Room12\Room12.SpTRCmf'"	"0x1100"	"SpTRCmf"	"SpTRCmf"	"SpTRCmf"	"SpTRCmf"	"SpTRCmf"	"SpTRCmf"	"SpTRCmf"	"SpTRCmf"	
"0x2300 'Room12\Room12.SpTRCmf'"	"0x010D"	"Room12.SpTRCmf"	"Room12.SpTRCmf"	"Room12.SpTRCmf"	"Room12.SpTRCmf"	"Room12.SpTRCmf"	"Room12.SpTRCmf"	"Room12.SpTRCmf"	"Room12.SpTRCmf"	
"0x2300 'Room12\Room12.SpTRCmf'"	"0x1102"	"°C"	"°C"	"°C"	"°C"	"°C"	"°C"	"°C"	"°C"	
"0x2202 'Room12\Room12.PltMod'"	"0x1100"	"PltMod"	"PltMod"	"PltMod"	"PltMod"	"PltMod"	"PltMod"	"PltMod"	"PltMod"	
"0x2202 'Room12\Room12.PltMod'"	"0x010D"	"Room12.PltMod"	"Room12.PltMod"	"Room12.PltMod"	"Room12.PltMod"	"Room12.PltMod"	"Room12.PltMod"	"Room12.PltMod"	"Room12.PltMod"	
"0x2202 'Room12\Room12.PltMod'"	"0x1101"	"Null*Auto*Off*Ctl*Flt"	"Null*Auto*Off*Ctl*Flt"	"Null*Auto*Off*Ctl*Flt"	"Null*Auto*Off*Ctl*Flt"	"Null*Auto*Off*Ctl*Flt"	"Null*Auto*Off*Ctl*Flt"	"Null*Auto*Off*Ctl*Flt"	"Null*Auto*Off*Ctl*Flt"	
"0x2308 'Room12\Room12.VlvCtl'"	"0x1100"	"VlvCtl"	"VlvCtl"	"VlvCtl"	"VlvCtl"	"VlvCtl"	"VlvCtl"	"VlvCtl"	"VlvCtl"	
"0x2308 'Room12\Room12.VlvCtl'"	"0x010D"	"Room12.VlvCtl"	"Room12.VlvCtl"	"Room12.VlvCtl"	"Room12.VlvCtl"	"Room12.VlvCtl"	"Room12.VlvCtl"	"Room12.VlvCtl"	"Room12.VlvCtl"	
"0x2202 'Room12\Room12.VlvCtl.AggrMod'"	"0x1100"	"AggrMod"	"AggrMod"	"AggrMod"	"AggrMod"	"AggrMod"	"AggrMod"	"AggrMod"	"AggrMod"	
"0x2202 'Room12\Room12.VlvCtl.AggrMod'"	"0x010D"	"Room12.VlvCtl.AggrMod"	"Room12.VlvCtl.AggrMod"	"Room12.VlvCtl.AggrMod"	"Room12.VlvCtl.AggrMod"	"Room12.VlvCtl.AggrMod"	"Room12.VlvCtl.AggrMod"	"Room12.VlvCtl.AggrMod"	"Room12.VlvCtl.AggrMod"	
"0x2202 'Room12\Room12.VlvCtl.AggrMod'"	"0x1101"	"Auto*Off*On*Dmd*Loop*Low*High*Swi*Last*LoopDmd"	"Auto*Off*On*Dmd*Loop*Low*High*Swi*Last*LoopDmd"	"Auto*Off*On*Dmd*Loop*Low*High*Swi*Last*LoopDmd"	"Auto*Off*On*Dmd*Loop*Low*High*Swi*Last*LoopDmd"	"Auto*Off*On*Dmd*Loop*Low*High*Swi*Last*LoopDmd"	"Auto*Off*On*Dmd*Loop*Low*High*Swi*Last*LoopDmd"	"Auto*Off*On*Dmd*Loop*Low*High*Swi*Last*LoopDmd"	"Auto*Off*On*Dmd*Loop*Low*High*Swi*Last*LoopDmd"	
"0x2300 'Room12\Room12.VlvCtl.Low'"	"0x1100"	"Low"	"Low"	"Low"	"Low"	"Low"	"Low"	"Low"	"Low"	
"0x2300 'Room12\Room12.VlvCtl.Low'"	"0x010D"	"Room12.VlvCtl.Low"	"Room12.VlvCtl.Low"	"Room12.VlvCtl.Low"	"Room12.VlvCtl.Low"	"Room12.VlvCtl.Low"	"Room12.VlvCtl.Low"	"Room12.VlvCtl.Low"	"Room12.VlvCtl.Low"	
"0x2300 'Room12\Room12.VlvCtl.Low'"	"0x1102"	"%"	"%"	"%"	"%"	"%"	"%"	"%"	"%"	
"0x2300 'Room12\Room12.VlvCtl.High'"	"0x1100"	"High"	"High"	"High"	"High"	"High"	"High"	"High"	"High"	
"0x2300 'Room12\Room12.VlvCtl.High'"	"0x010D"	"Room12.VlvCtl.High"	"Room12.VlvCtl.High"	"Room12.VlvCtl.High"	"Room12.VlvCtl.High"	"Room12.VlvCtl.High"	"Room12.VlvCtl.High"	"Room12.VlvCtl.High"	"Room12.VlvCtl.High"	
"0x2300 'Room12\Room12.VlvCtl.High'"	"0x1102"	"%"	"%"	"%"	"%"	"%"	"%"	"%"	"%"	
"0x2300 'Room12\Room12.VlvCtl.TiDly'"	"0x1100"	"TiDly"	"TiDly"	"TiDly"	"TiDly"	"TiDly"	"TiDly"	"TiDly"	"TiDly"	
"0x2300 'Room12\Room12.VlvCtl.TiDly'"	"0x010D"	"Room12.VlvCtl.TiDly"	"Room12.VlvCtl.TiDly"	"Room12.VlvCtl.TiDly"	"Room12.VlvCtl.TiDly"	"Room12.VlvCtl.TiDly"	"Room12.VlvCtl.TiDly"	"Room12.VlvCtl.TiDly"	"Room12.VlvCtl.TiDly"	
"0x2300 'Room12\Room12.VlvCtl.TiDly'"	"0x1102"	"s"	"s"	"s"	"s"	"s"	"s"	"s"	"s"	
"0x2300 'Room12\Room12.VlvCtl.SwiOn'"	"0x1100"	"SwiOn"	"SwiOn"	"SwiOn"	"SwiOn"	"SwiOn"	"SwiOn"	"SwiOn"	"SwiOn"	
"0x2300 'Room12\Room12.VlvCtl.SwiOn'"	"0x010D"	"Room12.VlvCtl.SwiOn"	"Room12.VlvCtl.SwiOn"	"Room12.VlvCtl.SwiOn"	"Room12.VlvCtl.SwiOn"	"Room12.VlvCtl.SwiOn"	"Room12.VlvCtl.SwiOn"	"Room12.VlvCtl.SwiOn"	"Room12.VlvCtl.SwiOn"	
"0x2300 'Room12\Room12.VlvCtl.SwiOn'"	"0x1102"	"%"	"%"	"%"	"%"	"%"	"%"	"%"	"%"	
"0x2300 'Room12\Room12.VlvCtl.SwiOff'"	"0x1100"	"SwiOff"	"SwiOff"	"SwiOff"	"SwiOff"	"SwiOff"	"SwiOff"	"SwiOff"	"SwiOff"	
"0x2300 'Room12\Room12.VlvCtl.SwiOff'"	"0x010D"	"Room12.VlvCtl.SwiOff"	"Room12.VlvCtl.SwiOff"	"Room12.VlvCtl.SwiOff"	"Room12.VlvCtl.SwiOff"	"Room12.VlvCtl.SwiOff"	"Room12.VlvCtl.SwiOff"	"Room12.VlvCtl.SwiOff"	"Room12.VlvCtl.SwiOff"	
"0x2300 'Room12\Room12.VlvCtl.SwiOff'"	"0x1102"	"%"	"%"	"%"	"%"	"%"	"%"	"%"	"%"	
"0x2305 'Room12\Room12.VlvCtl.Ctl'"	"0x1100"	"Ctl"	"Ctl"	"Ctl"	"Ctl"	"Ctl"	"Ctl"	"Ctl"	"Ctl"	
"0x2305 'Room12\Room12.VlvCtl.Ctl'"	"0x010D"	"Room12.VlvCtl.Ctl"	"Room12.VlvCtl.Ctl"	"Room12.VlvCtl.Ctl"	"Room12.VlvCtl.Ctl"	"Room12.VlvCtl.Ctl"	"Room12.VlvCtl.Ctl"	"Room12.VlvCtl.Ctl"	"Room12.VlvCtl.Ctl"	
"0x2305 'Room12\Room12.VlvCtl.Ctl'"	"0x1102"	"°C"	"°C"	"°C"	"°C"	"°C"	"°C"	"°C"	"°C"	
"0x2305 'Room12\Room12.VlvCtl.Ctl'"	"0x1200"	"GESP*OG*UG*REG*Y-NV*UDEF"	"GESP*OG*UG*REG*Y-NV*UDEF"	"GESP*OG*UG*REG*Y-NV*UDEF"	"GESP*OG*UG*REG*Y-NV*UDEF"	"GESP*OG*UG*REG*Y-NV*UDEF"	"GESP*OG*UG*REG*Y-NV*UDEF"	"GESP*OG*UG*REG*Y-NV*UDEF"	"GESP*OG*UG*REG*Y-NV*UDEF"	
"0x2308 'Room12\Room12.Vlv2'"	"0x1100"	"Vlv2"	"Vlv2"	"Vlv2"	"Vlv2"	"Vlv2"	"Vlv2"	"Vlv2"	"Vlv2"	
"0x2308 'Room12\Room12.Vlv2'"	"0x010D"	"Room12.Vlv2"	"Room12.Vlv2"	"Room12.Vlv2"	"Room12.Vlv2"	"Room12.Vlv2"	"Room12.Vlv2"	"Room12.Vlv2"	"Room12.Vlv2"	
"0x2304 'Room12\Room12.Vlv2.RefIO'"	"0x1100"	"RefIO"	"RefIO"	"RefIO"	"RefIO"	"RefIO"	"RefIO"	"RefIO"	"RefIO"	
"0x2304 'Room12\Room12.Vlv2.RefIO'"	"0x010D"	"Room12.Vlv2.RefIO"	"Room12.Vlv2.RefIO"	"Room12.Vlv2.RefIO"	"Room12.Vlv2.RefIO"	"Room12.Vlv2.RefIO"	"Room12.Vlv2.RefIO"	"Room12.Vlv2.RefIO"	"Room12.Vlv2.RefIO"	
"0x2206 'Room12\Room12.Vlv2.Cmd'"	"0x1100"	"Cmd"	"Cmd"	"Cmd"	"Cmd"	"Cmd"	"Cmd"	"Cmd"	"Cmd"	
"0x2206 'Room12\Room12.Vlv2.Cmd'"	"0x010D"	"Room12.Vlv2.Cmd"	"Room12.Vlv2.Cmd"	"Room12.Vlv2.Cmd"	"Room12.Vlv2.Cmd"	"Room12.Vlv2.Cmd"	"Room12.Vlv2.Cmd"	"Room12.Vlv2.Cmd"	"Room12.Vlv2.Cmd"	
"0x2206 'Room12\Room12.Vlv2.Cmd'"	"0x1102"	"%"	"%"	"%"	"%"	"%"	"%"	"%"	"%"	
"0x2206 'Room12\Room12.Vlv2.Cmd'"	"0x1214"	"%"	"%"	"%"	"%"	"%"	"%"	"%"	"%"	
"0x2310 'Room12\Room12.Vlv2.Pos'"	"0x1100"	"Pos"	"Pos"	"Pos"	"Pos"	"Pos"	"Pos"	"Pos"	"Pos"	
"0x2310 'Room12\Room12.Vlv2.Pos'"	"0x010D"	"Room12.Vlv2.Pos"	"Room12.Vlv2.Pos"	"Room12.Vlv2.Pos"	"Room12.Vlv2.Pos"	"Room12.Vlv2.Pos"	"Room12.Vlv2.Pos"	"Room12.Vlv2.Pos"	"Room12.Vlv2.Pos"	
"0x2310 'Room12\Room12.Vlv2.Pos'"	"0x1101"	"Idle*Pos+*Pos-*Sync+*Sync-"	"Idle*Pos+*Pos-*Sync+*Sync-"	"Idle*Pos+*Pos-*Sync+*Sync-"	"Idle*Pos+*Pos-*Sync+*Sync-"	"Idle*Pos+*Pos-*Sync+*Sync-"	"Idle*Pos+*Pos-*Sync+*Sync-"	"Idle*Pos+*Pos-*Sync+*Sync-"	"Idle*Pos+*Pos-*Sync+*Sync-"	
"0x2308 'Room12\Room12.Vlv'"	"0x1100"	"Vlv"	"Vlv"	"Vlv"	"Vlv"	"Vlv"	"Vlv"	"Vlv"	"Vlv"	
"0x2308 'Room12\Room12.Vlv'"	"0x010D"	"Room12.Vlv"	"Room12.Vlv"	"Room12.Vlv"	"Room12.Vlv"	"Room12.Vlv"	"Room12.Vlv"	"Room12.Vlv"	"Room12.Vlv"	
"0x2304 'Room12\Room12.Vlv.RefIO'"	"0x1100"	"RefIO"	"RefIO"	"RefIO"	"RefIO"	"RefIO"	"RefIO"	"RefIO"	"RefIO"	
"0x2304 'Room12\Room12.Vlv.RefIO'"	"0x010D"	"Room12.Vlv.RefIO"	"Room12.Vlv.RefIO"	"Room12.Vlv.RefIO"	"Room12.Vlv.RefIO"	"Room12.Vlv.RefIO"	"Room12.Vlv.RefIO"	"Room12.Vlv.RefIO"	"Room12.Vlv.RefIO"	
"0x2206 'Room12\Room12.Vlv.Cmd'"	"0x1100"	"Cmd"	"Cmd"	"Cmd"	"Cmd"	"Cmd"	"Cmd"	"Cmd"	"Cmd"	
"0x2206 'Room12\Room12.Vlv.Cmd'"	"0x010D"	"Room12.Vlv.Cmd"	"Room12.Vlv.Cmd"	"Room12.Vlv.Cmd"	"Room12.Vlv.Cmd"	"Room12.Vlv.Cmd"	"Room12.Vlv.Cmd"	"Room12.Vlv.Cmd"	"Room12.Vlv.Cmd"	
"0x2206 'Room12\Room12.Vlv.Cmd'"	"0x1102"	"%"	"%"	"%"	"%"	"%"	"%"	"%"	"%"	
"0x2206 'Room12\Room12.Vlv.Cmd'"	"0x1214"	"%"	"%"	"%"	"%"	"%"	"%"	"%"	"%"	
"0x2310 'Room12\Room12.Vlv.Pos'"	"0x1100"	"Pos"	"Pos"	"Pos"	"Pos"	"Pos"	"Pos"	"Pos"	"Pos"	
"0x2310 'Room12\Room12.Vlv.Pos'"	"0x010D"	"Room12.Vlv.Pos"	"Room12.Vlv.Pos"	"Room12.Vlv.Pos"	"Room12.Vlv.Pos"	"Room12.Vlv.Pos"	"Room12.Vlv.Pos"	"Room12.Vlv.Pos"	"Room12.Vlv.Pos"	
"0x2310 'Room12\Room12.Vlv.Pos'"	"0x1101"	"Idle*Pos+*Pos-*Sync+*Sync-"	"Idle*Pos+*Pos-*Sync+*Sync-"	"Idle*Pos+*Pos-*Sync+*Sync-"	"Idle*Pos+*Pos-*Sync+*Sync-"	"Idle*Pos+*Pos-*Sync+*Sync-"	"Idle*Pos+*Pos-*Sync+*Sync-"	"Idle*Pos+*Pos-*Sync+*Sync-"	"Idle*Pos+*Pos-*Sync+*Sync-"	
"0x2308 'Room12\Room12.Vlv3'"	"0x1100"	"Vlv3"	"Vlv3"	"Vlv3"	"Vlv3"	"Vlv3"	"Vlv3"	"Vlv3"	"Vlv3"	
"0x2308 'Room12\Room12.Vlv3'"	"0x010D"	"Room12.Vlv3"	"Room12.Vlv3"	"Room12.Vlv3"	"Room12.Vlv3"	"Room12.Vlv3"	"Room12.Vlv3"	"Room12.Vlv3"	"Room12.Vlv3"	
"0x2304 'Room12\Room12.Vlv3.RefIO'"	"0x1100"	"RefIO"	"RefIO"	"RefIO"	"RefIO"	"RefIO"	"RefIO"	"RefIO"	"RefIO"	
"0x2304 'Room12\Room12.Vlv3.RefIO'"	"0x010D"	"Room12.Vlv3.RefIO"	"Room12.Vlv3.RefIO"	"Room12.Vlv3.RefIO"	"Room12.Vlv3.RefIO"	"Room12.Vlv3.RefIO"	"Room12.Vlv3.RefIO"	"Room12.Vlv3.RefIO"	"Room12.Vlv3.RefIO"	
"0x2206 'Room12\Room12.Vlv3.Cmd'"	"0x1100"	"Cmd"	"Cmd"	"Cmd"	"Cmd"	"Cmd"	"Cmd"	"Cmd"	"Cmd"	
"0x2206 'Room12\Room12.Vlv3.Cmd'"	"0x010D"	"Room12.Vlv3.Cmd"	"Room12.Vlv3.Cmd"	"Room12.Vlv3.Cmd"	"Room12.Vlv3.Cmd"	"Room12.Vlv3.Cmd"	"Room12.Vlv3.Cmd"	"Room12.Vlv3.Cmd"	"Room12.Vlv3.Cmd"	
"0x2206 'Room12\Room12.Vlv3.Cmd'"	"0x1102"	"%"	"%"	"%"	"%"	"%"	"%"	"%"	"%"	
"0x2206 'Room12\Room12.Vlv3.Cmd'"	"0x1214"	"%"	"%"	"%"	"%"	"%"	"%"	"%"	"%"	
"0x2310 'Room12\Room12.Vlv3.Pos'"	"0x1100"	"Pos"	"Pos"	"Pos"	"Pos"	"Pos"	"Pos"	"Pos"	"Pos"	
"0x2310 'Room12\Room12.Vlv3.Pos'"	"0x010D"	"Room12.Vlv3.Pos"	"Room12.Vlv3.Pos"	"Room12.Vlv3.Pos"	"Room12.Vlv3.Pos"	"Room12.Vlv3.Pos"	"Room12.Vlv3.Pos"	"Room12.Vlv3.Pos"	"Room12.Vlv3.Pos"	
"0x2310 'Room12\Room12.Vlv3.Pos'"	"0x1101"	"Idle*Pos+*Pos-*Sync+*Sync-"	"Idle*Pos+*Pos-*Sync+*Sync-"	"Idle*Pos+*Pos-*Sync+*Sync-"	"Idle*Pos+*Pos-*Sync+*Sync-"	"Idle*Pos+*Pos-*Sync+*Sync-"	"Idle*Pos+*Pos-*Sync+*Sync-"	"Idle*Pos+*Pos-*Sync+*Sync-"	"Idle*Pos+*Pos-*Sync+*Sync-"	
"0x2308 'Room12\Room12.Vlv4'"	"0x1100"	"Vlv4"	"Vlv4"	"Vlv4"	"Vlv4"	"Vlv4"	"Vlv4"	"Vlv4"	"Vlv4"	
"0x2308 'Room12\Room12.Vlv4'"	"0x010D"	"Room12.Vlv4"	"Room12.Vlv4"	"Room12.Vlv4"	"Room12.Vlv4"	"Room12.Vlv4"	"Room12.Vlv4"	"Room12.Vlv4"	"Room12.Vlv4"	
"0x2304 'Room12\Room12.Vlv4.RefIO'"	"0x1100"	"RefIO"	"RefIO"	"RefIO"	"RefIO"	"RefIO"	"RefIO"	"RefIO"	"RefIO"	
"0x2304 'Room12\Room12.Vlv4.RefIO'"	"0x010D"	"Room12.Vlv4.RefIO"	"Room12.Vlv4.RefIO"	"Room12.Vlv4.RefIO"	"Room12.Vlv4.RefIO"	"Room12.Vlv4.RefIO"	"Room12.Vlv4.RefIO"	"Room12.Vlv4.RefIO"	"Room12.Vlv4.RefIO"	
"0x2206 'Room12\Room12.Vlv4.Cmd'"	"0x1100"	"Cmd"	"Cmd"	"Cmd"	"Cmd"	"Cmd"	"Cmd"	"Cmd"	"Cmd"	
"0x2206 'Room12\Room12.Vlv4.Cmd'"	"0x010D"	"Room12.Vlv4.Cmd"	"Room12.Vlv4.Cmd"	"Room12.Vlv4.Cmd"	"Room12.Vlv4.Cmd"	"Room12.Vlv4.Cmd"	"Room12.Vlv4.Cmd"	"Room12.Vlv4.Cmd"	"Room12.Vlv4.Cmd"	
"0x2206 'Room12\Room12.Vlv4.Cmd'"	"0x1102"	"%"	"%"	"%"	"%"	"%"	"%"	"%"	"%"	
"0x2206 'Room12\Room12.Vlv4.Cmd'"	"0x1214"	"%"	"%"	"%"	"%"	"%"	"%"	"%"	"%"	
"0x2310 'Room12\Room12.Vlv4.Pos'"	"0x1100"	"Pos"	"Pos"	"Pos"	"Pos"	"Pos"	"Pos"	"Pos"	"Pos"	
"0x2310 'Room12\Room12.Vlv4.Pos'"	"0x010D"	"Room12.Vlv4.Pos"	"Room12.Vlv4.Pos"	"Room12.Vlv4.Pos"	"Room12.Vlv4.Pos"	"Room12.Vlv4.Pos"	"Room12.Vlv4.Pos"	"Room12.Vlv4.Pos"	"Room12.Vlv4.Pos"	
"0x2310 'Room12\Room12.Vlv4.Pos'"	"0x1101"	"Idle*Pos+*Pos-*Sync+*Sync-"	"Idle*Pos+*Pos-*Sync+*Sync-"	"Idle*Pos+*Pos-*Sync+*Sync-"	"Idle*Pos+*Pos-*Sync+*Sync-"	"Idle*Pos+*Pos-*Sync+*Sync-"	"Idle*Pos+*Pos-*Sync+*Sync-"	"Idle*Pos+*Pos-*Sync+*Sync-"	"Idle*Pos+*Pos-*Sync+*Sync-"	
"0x2304 'Room12\Room12.Ime'"	"0x1100"	"Ime"	"Ime"	"Ime"	"Ime"	"Ime"	"Ime"	"Ime"	"Ime"	
"0x2304 'Room12\Room12.Ime'"	"0x010D"	"Room12.Ime"	"Room12.Ime"	"Room12.Ime"	"Room12.Ime"	"Room12.Ime"	"Room12.Ime"	"Room12.Ime"	"Room12.Ime"	
"0x2309 '0x031D\Room13'"	"0x1100"	"Room13"	"Room13"	"Room13"	"Room13"	"Room13"	"Room13"	"Room13"	"Room13"	
"0x2309 '0x031D\Room13'"	"0x010D"	"Room13"	"Room13"	"Room13"	"Room13"	"Room13"	"Room13"	"Room13"	"Room13"	
"0x2308 'Room13\Room13.TR'"	"0x1100"	"TR"	"TR"	"TR"	"TR"	"TR"	"TR"	"TR"	"TR"	
"0x2308 'Room13\Room13.TR'"	"0x010D"	"Room13.TR"	"Room13.TR"	"Room13.TR"	"Room13.TR"	"Room13.TR"	"Room13.TR"	"Room13.TR"	"Room13.TR"	
"0x2300 'Room13\Room13.TR.SpTiCom'"	"0x1100"	"SpTiCom"	"SpTiCom"	"SpTiCom"	"SpTiCom"	"SpTiCom"	"SpTiCom"	"SpTiCom"	"SpTiCom"	
"0x2300 'Room13\Room13.TR.SpTiCom'"	"0x010D"	"Room13.TR.SpTiCom"	"Room13.TR.SpTiCom"	"Room13.TR.SpTiCom"	"Room13.TR.SpTiCom"	"Room13.TR.SpTiCom"	"Room13.TR.SpTiCom"	"Room13.TR.SpTiCom"	"Room13.TR.SpTiCom"	
"0x2300 'Room13\Room13.TR.SpTiCom'"	"0x1102"	"s"	"s"	"s"	"s"	"s"	"s"	"s"	"s"	
"0x2203 'Room13\Room13.TR.Val'"	"0x1100"	"Val"	"Val"	"Val"	"Val"	"Val"	"Val"	"Val"	"Val"	
"0x2203 'Room13\Room13.TR.Val'"	"0x010D"	"Room13.TR.Val"	"Room13.TR.Val"	"Room13.TR.Val"	"Room13.TR.Val"	"Room13.TR.Val"	"Room13.TR.Val"	"Room13.TR.Val"	"Room13.TR.Val"	
"0x2203 'Room13\Room13.TR.Val'"	"0x1102"	"°C"	"°C"	"°C"	"°C"	"°C"	"°C"	"°C"	"°C"	
"0x2203 'Room13\Room13.TR.Val'"	"0x1214"	"dK"	"dK"	"dK"	"dK"	"dK"	"dK"	"dK"	"dK"	
"0x2308 'Room13\Room13.CndMon2'"	"0x1100"	"CndMon2"	"CndMon2"	"CndMon2"	"CndMon2"	"CndMon2"	"CndMon2"	"CndMon2"	"CndMon2"	
"0x2308 'Room13\Room13.CndMon2'"	"0x010D"	"Room13.CndMon2"	"Room13.CndMon2"	"Room13.CndMon2"	"Room13.CndMon2"	"Room13.CndMon2"	"Room13.CndMon2"	"Room13.CndMon2"	"Room13.CndMon2"	
"0x2304 'Room13\Room13.CndMon2.RefIO'"	"0x1100"	"RefIO"	"RefIO"	"RefIO"	"RefIO"	"RefIO"	"RefIO"	"RefIO"	"RefIO"	
"0x2304 'Room13\Room13.CndMon2.RefIO'"	"0x010D"	"Room13.CndMon2.RefIO"	"Room13.CndMon2.RefIO"	"Room13.CndMon2.RefIO"	"Room13.CndMon2.RefIO"	"Room13.CndMon2.RefIO"	"Room13.CndMon2.RefIO"	"Room13.CndMon2.RefIO"	"Room13.CndMon2.RefIO"	
"0x2204 'Room13\Room13.CndMon2.Val'"	"0x1100"	"Val"	"Val"	"Val"	"Val"	"Val"	"Val"	"Val"	"Val"	
"0x2204 'Room13\Room13.CndMon2.Val'"	"0x010D"	"Room13.CndMon2.Val"	"Room13.CndMon2.Val"	"Room13.CndMon2.Val"	"Room13.CndMon2.Val"	"Room13.CndMon2.Val"	"Room13.CndMon2.Val"	"Room13.CndMon2.Val"	"Room13.CndMon2.Val"	
"0x2204 'Room13\Room13.CndMon2.Val'"	"0x1101"	"Passive*Active*Null"	"Passive*Active*Null"	"Passive*Active*Null"	"Passive*Active*Null"	"Passive*Active*Null"	"Passive*Active*Null"	"Passive*Active*Null"	"Passive*Active*Null"	
"0x2308 'Room13\Room13.CndMon'"	"0x1100"	"CndMon"	"CndMon"	"CndMon"	"CndMon"	"CndMon"	"CndMon"	"CndMon"	"CndMon"	
"0x2308 'Room13\Room13.CndMon'"	"0x010D"	"Room13.CndMon"	"Room13.CndMon"	"Room13.CndMon"	"Room13.CndMon"	"Room13.CndMon"	"Room13.CndMon"	"Room13.CndMon"	"Room13.CndMon"	
"0x2304 'Room13\Room13.CndMon.RefIO'"	"0x1100"	"RefIO"	"RefIO"	"RefIO"	"RefIO"	"RefIO"	"RefIO"	"RefIO"	"RefIO"	
"0x2304 'Room13\Room13.CndMon.RefIO'"	"0x010D"	"Room13.CndMon.RefIO"	"Room13.CndMon.RefIO"	"Room13.CndMon.RefIO"	"Room13.CndMon.RefIO"	"Room13.CndMon.RefIO"	"Room13.CndMon.RefIO"	"Room13.CndMon.RefIO"	"Room13.CndMon.RefIO"	
"0x2204 'Room13\Room13.CndMon.Val'"	"0x1100"	"Val"	"Val"	"Val"	"Val"	"Val"	"Val"	"Val"	"Val"	
"0x2204 'Room13\Room13.CndMon.Val'"	"0x010D"	"Room13.CndMon.Val"	"Room13.CndMon.Val"	"Room13.CndMon.Val"	"Room13.CndMon.Val"	"Room13.CndMon.Val"	"Room13.CndMon.Val"	"Room13.CndMon.Val"	"Room13.CndMon.Val"	
"0x2204 'Room13\Room13.CndMon.Val'"	"0x1101"	"Passive*Active*Null"	"Passive*Active*Null"	"Passive*Active*Null"	"Passive*Active*Null"	"Passive*Active*Null"	"Passive*Active*Null"	"Passive*Active*Null"	"Passive*Active*Null"	
"0x2308 'Room13\Room13.CndMon3'"	"0x1100"	"CndMon3"	"CndMon3"	"CndMon3"	"CndMon3"	"CndMon3"	"CndMon3"	"CndMon3"	"CndMon3"	
"0x2308 'Room13\Room13.CndMon3'"	"0x010D"	"Room13.CndMon3"	"Room13.CndMon3"	"Room13.CndMon3"	"Room13.CndMon3"	"Room13.CndMon3"	"Room13.CndMon3"	"Room13.CndMon3"	"Room13.CndMon3"	
"0x2304 'Room13\Room13.CndMon3.RefIO'"	"0x1100"	"RefIO"	"RefIO"	"RefIO"	"RefIO"	"RefIO"	"RefIO"	"RefIO"	"RefIO"	
"0x2304 'Room13\Room13.CndMon3.RefIO'"	"0x010D"	"Room13.CndMon3.RefIO"	"Room13.CndMon3.RefIO"	"Room13.CndMon3.RefIO"	"Room13.CndMon3.RefIO"	"Room13.CndMon3.RefIO"	"Room13.CndMon3.RefIO"	"Room13.CndMon3.RefIO"	"Room13.CndMon3.RefIO"	
"0x2204 'Room13\Room13.CndMon3.Val'"	"0x1100"	"Val"	"Val"	"Val"	"Val"	"Val"	"Val"	"Val"	"Val"	
"0x2204 'Room13\Room13.CndMon3.Val'"	"0x010D"	"Room13.CndMon3.Val"	"Room13.CndMon3.Val"	"Room13.CndMon3.Val"	"Room13.CndMon3.Val"	"Room13.CndMon3.Val"	"Room13.CndMon3.Val"	"Room13.CndMon3.Val"	"Room13.CndMon3.Val"	
"0x2204 'Room13\Room13.CndMon3.Val'"	"0x1101"	"Passive*Active*Null"	"Passive*Active*Null"	"Passive*Active*Null"	"Passive*Active*Null"	"Passive*Active*Null"	"Passive*Active*Null"	"Passive*Active*Null"	"Passive*Active*Null"	
"0x2308 'Room13\Room13.CndMon4'"	"0x1100"	"CndMon4"	"CndMon4"	"CndMon4"	"CndMon4"	"CndMon4"	"CndMon4"	"CndMon4"	"CndMon4"	
"0x2308 'Room13\Room13.CndMon4'"	"0x010D"	"Room13.CndMon4"	"Room13.CndMon4"	"Room13.CndMon4"	"Room13.CndMon4"	"Room13.CndMon4"	"Room13.CndMon4"	"Room13.CndMon4"	"Room13.CndMon4"	
"0x2304 'Room13\Room13.CndMon4.RefIO'"	"0x1100"	"RefIO"	"RefIO"	"RefIO"	"RefIO"	"RefIO"	"RefIO"	"RefIO"	"RefIO"	
"0x2304 'Room13\Room13.CndMon4.RefIO'"	"0x010D"	"Room13.CndMon4.RefIO"	"Room13.CndMon4.RefIO"	"Room13.CndMon4.RefIO"	"Room13.CndMon4.RefIO"	"Room13.CndMon4.RefIO"	"Room13.CndMon4.RefIO"	"Room13.CndMon4.RefIO"	"Room13.CndMon4.RefIO"	
"0x2204 'Room13\Room13.CndMon4.Val'"	"0x1100"	"Val"	"Val"	"Val"	"Val"	"Val"	"Val"	"Val"	"Val"	
"0x2204 'Room13\Room13.CndMon4.Val'"	"0x010D"	"Room13.CndMon4.Val"	"Room13.CndMon4.Val"	"Room13.CndMon4.Val"	"Room13.CndMon4.Val"	"Room13.CndMon4.Val"	"Room13.CndMon4.Val"	"Room13.CndMon4.Val"	"Room13.CndMon4.Val"	
"0x2204 'Room13\Room13.CndMon4.Val'"	"0x1101"	"Passive*Active*Null"	"Passive*Active*Null"	"Passive*Active*Null"	"Passive*Active*Null"	"Passive*Active*Null"	"Passive*Active*Null"	"Passive*Active*Null"	"Passive*Active*Null"	
"0x2302 'Room13\Room13.OpModMan'"	"0x1100"	"OpModMan"	"OpModMan"	"OpModMan"	"OpModMan"	"OpModMan"	"OpModMan"	"OpModMan"	"OpModMan"	
"0x2302 'Room13\Room13.OpModMan'"	"0x010D"	"Room13.OpModMan"	"Room13.OpModMan"	"Room13.OpModMan"	"Room13.OpModMan"	"Room13.OpModMan"	"Room13.OpModMan"	"Room13.OpModMan"	"Room13.OpModMan"	
"0x2302 'Room13\Room13.OpModMan'"	"0x1101"	"Prt*Eco*Cmf*Auto"	"Prt*Eco*Cmf*Auto"	"Prt*Eco*Cmf*Auto"	"Prt*Eco*Cmf*Auto"	"Prt*Eco*Cmf*Auto"	"Prt*Eco*Cmf*Auto"	"Prt*Eco*Cmf*Auto"	"Prt*Eco*Cmf*Auto"	
"0x2302 'Room13\Room13.ShedSel'"	"0x1100"	"ShedSel"	"ShedSel"	"ShedSel"	"ShedSel"	"ShedSel"	"ShedSel"	"ShedSel"	"ShedSel"	
"0x2302 'Room13\Room13.ShedSel'"	"0x010D"	"Room13.ShedSel"	"Room13.ShedSel"	"Room13.ShedSel"	"Room13.ShedSel"	"Room13.ShedSel"	"Room13.ShedSel"	"Room13.ShedSel"	"Room13.ShedSel"	
"0x2302 'Room13\Room13.ShedSel'"	"0x1101"	"TSP_1*TSP_2*TSP_3"	"TSP_1*TSP_2*TSP_3"	"TSP_1*TSP_2*TSP_3"	"TSP_1*TSP_2*TSP_3"	"TSP_1*TSP_2*TSP_3"	"TSP_1*TSP_2*TSP_3"	"TSP_1*TSP_2*TSP_3"	"TSP_1*TSP_2*TSP_3"	
"0x2300 'Room13\Room13.SpTRPrt'"	"0x1100"	"SpTRPrt"	"SpTRPrt"	"SpTRPrt"	"SpTRPrt"	"SpTRPrt"	"SpTRPrt"	"SpTRPrt"	"SpTRPrt"	
"0x2300 'Room13\Room13.SpTRPrt'"	"0x010D"	"Room13.SpTRPrt"	"Room13.SpTRPrt"	"Room13.SpTRPrt"	"Room13.SpTRPrt"	"Room13.SpTRPrt"	"Room13.SpTRPrt"	"Room13.SpTRPrt"	"Room13.SpTRPrt"	
"0x2300 'Room13\Room13.SpTRPrt'"	"0x1102"	"°C"	"°C"	"°C"	"°C"	"°C"	"°C"	"°C"	"°C"	
"0x2300 'Room13\Room13.SpTREco'"	"0x1100"	"SpTREco"	"SpTREco"	"SpTREco"	"SpTREco"	"SpTREco"	"SpTREco"	"SpTREco"	"SpTREco"	
"0x2300 'Room13\Room13.SpTREco'"	"0x010D"	"Room13.SpTREco"	"Room13.SpTREco"	"Room13.SpTREco"	"Room13.SpTREco"	"Room13.SpTREco"	"Room13.SpTREco"	"Room13.SpTREco"	"Room13.SpTREco"	
"0x2300 'Room13\Room13.SpTREco'"	"0x1102"	"°C"	"°C"	"°C"	"°C"	"°C"	"°C"	"°C"	"°C"	
"0x2300 'Room13\Room13.SpTRCmf'"	"0x1100"	"SpTRCmf"	"SpTRCmf"	"SpTRCmf"	"SpTRCmf"	"SpTRCmf"	"SpTRCmf"	"SpTRCmf"	"SpTRCmf"	
"0x2300 'Room13\Room13.SpTRCmf'"	"0x010D"	"Room13.SpTRCmf"	"Room13.SpTRCmf"	"Room13.SpTRCmf"	"Room13.SpTRCmf"	"Room13.SpTRCmf"	"Room13.SpTRCmf"	"Room13.SpTRCmf"	"Room13.SpTRCmf"	
"0x2300 'Room13\Room13.SpTRCmf'"	"0x1102"	"°C"	"°C"	"°C"	"°C"	"°C"	"°C"	"°C"	"°C"	
"0x2202 'Room13\Room13.PltMod'"	"0x1100"	"PltMod"	"PltMod"	"PltMod"	"PltMod"	"PltMod"	"PltMod"	"PltMod"	"PltMod"	
"0x2202 'Room13\Room13.PltMod'"	"0x010D"	"Room13.PltMod"	"Room13.PltMod"	"Room13.PltMod"	"Room13.PltMod"	"Room13.PltMod"	"Room13.PltMod"	"Room13.PltMod"	"Room13.PltMod"	
"0x2202 'Room13\Room13.PltMod'"	"0x1101"	"Null*Auto*Off*Ctl*Flt"	"Null*Auto*Off*Ctl*Flt"	"Null*Auto*Off*Ctl*Flt"	"Null*Auto*Off*Ctl*Flt"	"Null*Auto*Off*Ctl*Flt"	"Null*Auto*Off*Ctl*Flt"	"Null*Auto*Off*Ctl*Flt"	"Null*Auto*Off*Ctl*Flt"	
"0x2308 'Room13\Room13.VlvCtl'"	"0x1100"	"VlvCtl"	"VlvCtl"	"VlvCtl"	"VlvCtl"	"VlvCtl"	"VlvCtl"	"VlvCtl"	"VlvCtl"	
"0x2308 'Room13\Room13.VlvCtl'"	"0x010D"	"Room13.VlvCtl"	"Room13.VlvCtl"	"Room13.VlvCtl"	"Room13.VlvCtl"	"Room13.VlvCtl"	"Room13.VlvCtl"	"Room13.VlvCtl"	"Room13.VlvCtl"	
"0x2202 'Room13\Room13.VlvCtl.AggrMod'"	"0x1100"	"AggrMod"	"AggrMod"	"AggrMod"	"AggrMod"	"AggrMod"	"AggrMod"	"AggrMod"	"AggrMod"	
"0x2202 'Room13\Room13.VlvCtl.AggrMod'"	"0x010D"	"Room13.VlvCtl.AggrMod"	"Room13.VlvCtl.AggrMod"	"Room13.VlvCtl.AggrMod"	"Room13.VlvCtl.AggrMod"	"Room13.VlvCtl.AggrMod"	"Room13.VlvCtl.AggrMod"	"Room13.VlvCtl.AggrMod"	"Room13.VlvCtl.AggrMod"	
"0x2202 'Room13\Room13.VlvCtl.AggrMod'"	"0x1101"	"Auto*Off*On*Dmd*Loop*Low*High*Swi*Last*LoopDmd"	"Auto*Off*On*Dmd*Loop*Low*High*Swi*Last*LoopDmd"	"Auto*Off*On*Dmd*Loop*Low*High*Swi*Last*LoopDmd"	"Auto*Off*On*Dmd*Loop*Low*High*Swi*Last*LoopDmd"	"Auto*Off*On*Dmd*Loop*Low*High*Swi*Last*LoopDmd"	"Auto*Off*On*Dmd*Loop*Low*High*Swi*Last*LoopDmd"	"Auto*Off*On*Dmd*Loop*Low*High*Swi*Last*LoopDmd"	"Auto*Off*On*Dmd*Loop*Low*High*Swi*Last*LoopDmd"	
"0x2300 'Room13\Room13.VlvCtl.Low'"	"0x1100"	"Low"	"Low"	"Low"	"Low"	"Low"	"Low"	"Low"	"Low"	
"0x2300 'Room13\Room13.VlvCtl.Low'"	"0x010D"	"Room13.VlvCtl.Low"	"Room13.VlvCtl.Low"	"Room13.VlvCtl.Low"	"Room13.VlvCtl.Low"	"Room13.VlvCtl.Low"	"Room13.VlvCtl.Low"	"Room13.VlvCtl.Low"	"Room13.VlvCtl.Low"	
"0x2300 'Room13\Room13.VlvCtl.Low'"	"0x1102"	"%"	"%"	"%"	"%"	"%"	"%"	"%"	"%"	
"0x2300 'Room13\Room13.VlvCtl.High'"	"0x1100"	"High"	"High"	"High"	"High"	"High"	"High"	"High"	"High"	
"0x2300 'Room13\Room13.VlvCtl.High'"	"0x010D"	"Room13.VlvCtl.High"	"Room13.VlvCtl.High"	"Room13.VlvCtl.High"	"Room13.VlvCtl.High"	"Room13.VlvCtl.High"	"Room13.VlvCtl.High"	"Room13.VlvCtl.High"	"Room13.VlvCtl.High"	
"0x2300 'Room13\Room13.VlvCtl.High'"	"0x1102"	"%"	"%"	"%"	"%"	"%"	"%"	"%"	"%"	
"0x2300 'Room13\Room13.VlvCtl.TiDly'"	"0x1100"	"TiDly"	"TiDly"	"TiDly"	"TiDly"	"TiDly"	"TiDly"	"TiDly"	"TiDly"	
"0x2300 'Room13\Room13.VlvCtl.TiDly'"	"0x010D"	"Room13.VlvCtl.TiDly"	"Room13.VlvCtl.TiDly"	"Room13.VlvCtl.TiDly"	"Room13.VlvCtl.TiDly"	"Room13.VlvCtl.TiDly"	"Room13.VlvCtl.TiDly"	"Room13.VlvCtl.TiDly"	"Room13.VlvCtl.TiDly"	
"0x2300 'Room13\Room13.VlvCtl.TiDly'"	"0x1102"	"s"	"s"	"s"	"s"	"s"	"s"	"s"	"s"	
"0x2300 'Room13\Room13.VlvCtl.SwiOn'"	"0x1100"	"SwiOn"	"SwiOn"	"SwiOn"	"SwiOn"	"SwiOn"	"SwiOn"	"SwiOn"	"SwiOn"	
"0x2300 'Room13\Room13.VlvCtl.SwiOn'"	"0x010D"	"Room13.VlvCtl.SwiOn"	"Room13.VlvCtl.SwiOn"	"Room13.VlvCtl.SwiOn"	"Room13.VlvCtl.SwiOn"	"Room13.VlvCtl.SwiOn"	"Room13.VlvCtl.SwiOn"	"Room13.VlvCtl.SwiOn"	"Room13.VlvCtl.SwiOn"	
"0x2300 'Room13\Room13.VlvCtl.SwiOn'"	"0x1102"	"%"	"%"	"%"	"%"	"%"	"%"	"%"	"%"	
"0x2300 'Room13\Room13.VlvCtl.SwiOff'"	"0x1100"	"SwiOff"	"SwiOff"	"SwiOff"	"SwiOff"	"SwiOff"	"SwiOff"	"SwiOff"	"SwiOff"	
"0x2300 'Room13\Room13.VlvCtl.SwiOff'"	"0x010D"	"Room13.VlvCtl.SwiOff"	"Room13.VlvCtl.SwiOff"	"Room13.VlvCtl.SwiOff"	"Room13.VlvCtl.SwiOff"	"Room13.VlvCtl.SwiOff"	"Room13.VlvCtl.SwiOff"	"Room13.VlvCtl.SwiOff"	"Room13.VlvCtl.SwiOff"	
"0x2300 'Room13\Room13.VlvCtl.SwiOff'"	"0x1102"	"%"	"%"	"%"	"%"	"%"	"%"	"%"	"%"	
"0x2305 'Room13\Room13.VlvCtl.Ctl'"	"0x1100"	"Ctl"	"Ctl"	"Ctl"	"Ctl"	"Ctl"	"Ctl"	"Ctl"	"Ctl"	
"0x2305 'Room13\Room13.VlvCtl.Ctl'"	"0x010D"	"Room13.VlvCtl.Ctl"	"Room13.VlvCtl.Ctl"	"Room13.VlvCtl.Ctl"	"Room13.VlvCtl.Ctl"	"Room13.VlvCtl.Ctl"	"Room13.VlvCtl.Ctl"	"Room13.VlvCtl.Ctl"	"Room13.VlvCtl.Ctl"	
"0x2305 'Room13\Room13.VlvCtl.Ctl'"	"0x1102"	"°C"	"°C"	"°C"	"°C"	"°C"	"°C"	"°C"	"°C"	
"0x2305 'Room13\Room13.VlvCtl.Ctl'"	"0x1200"	"GESP*OG*UG*REG*Y-NV*UDEF"	"GESP*OG*UG*REG*Y-NV*UDEF"	"GESP*OG*UG*REG*Y-NV*UDEF"	"GESP*OG*UG*REG*Y-NV*UDEF"	"GESP*OG*UG*REG*Y-NV*UDEF"	"GESP*OG*UG*REG*Y-NV*UDEF"	"GESP*OG*UG*REG*Y-NV*UDEF"	"GESP*OG*UG*REG*Y-NV*UDEF"	
"0x2308 'Room13\Room13.Vlv2'"	"0x1100"	"Vlv2"	"Vlv2"	"Vlv2"	"Vlv2"	"Vlv2"	"Vlv2"	"Vlv2"	"Vlv2"	
"0x2308 'Room13\Room13.Vlv2'"	"0x010D"	"Room13.Vlv2"	"Room13.Vlv2"	"Room13.Vlv2"	"Room13.Vlv2"	"Room13.Vlv2"	"Room13.Vlv2"	"Room13.Vlv2"	"Room13.Vlv2"	
"0x2304 'Room13\Room13.Vlv2.RefIO'"	"0x1100"	"RefIO"	"RefIO"	"RefIO"	"RefIO"	"RefIO"	"RefIO"	"RefIO"	"RefIO"	
"0x2304 'Room13\Room13.Vlv2.RefIO'"	"0x010D"	"Room13.Vlv2.RefIO"	"Room13.Vlv2.RefIO"	"Room13.Vlv2.RefIO"	"Room13.Vlv2.RefIO"	"Room13.Vlv2.RefIO"	"Room13.Vlv2.RefIO"	"Room13.Vlv2.RefIO"	"Room13.Vlv2.RefIO"	
"0x2206 'Room13\Room13.Vlv2.Cmd'"	"0x1100"	"Cmd"	"Cmd"	"Cmd"	"Cmd"	"Cmd"	"Cmd"	"Cmd"	"Cmd"	
"0x2206 'Room13\Room13.Vlv2.Cmd'"	"0x010D"	"Room13.Vlv2.Cmd"	"Room13.Vlv2.Cmd"	"Room13.Vlv2.Cmd"	"Room13.Vlv2.Cmd"	"Room13.Vlv2.Cmd"	"Room13.Vlv2.Cmd"	"Room13.Vlv2.Cmd"	"Room13.Vlv2.Cmd"	
"0x2206 'Room13\Room13.Vlv2.Cmd'"	"0x1102"	"%"	"%"	"%"	"%"	"%"	"%"	"%"	"%"	
"0x2206 'Room13\Room13.Vlv2.Cmd'"	"0x1214"	"%"	"%"	"%"	"%"	"%"	"%"	"%"	"%"	
"0x2310 'Room13\Room13.Vlv2.Pos'"	"0x1100"	"Pos"	"Pos"	"Pos"	"Pos"	"Pos"	"Pos"	"Pos"	"Pos"	
"0x2310 'Room13\Room13.Vlv2.Pos'"	"0x010D"	"Room13.Vlv2.Pos"	"Room13.Vlv2.Pos"	"Room13.Vlv2.Pos"	"Room13.Vlv2.Pos"	"Room13.Vlv2.Pos"	"Room13.Vlv2.Pos"	"Room13.Vlv2.Pos"	"Room13.Vlv2.Pos"	
"0x2310 'Room13\Room13.Vlv2.Pos'"	"0x1101"	"Idle*Pos+*Pos-*Sync+*Sync-"	"Idle*Pos+*Pos-*Sync+*Sync-"	"Idle*Pos+*Pos-*Sync+*Sync-"	"Idle*Pos+*Pos-*Sync+*Sync-"	"Idle*Pos+*Pos-*Sync+*Sync-"	"Idle*Pos+*Pos-*Sync+*Sync-"	"Idle*Pos+*Pos-*Sync+*Sync-"	"Idle*Pos+*Pos-*Sync+*Sync-"	
"0x2308 'Room13\Room13.Vlv'"	"0x1100"	"Vlv"	"Vlv"	"Vlv"	"Vlv"	"Vlv"	"Vlv"	"Vlv"	"Vlv"	
"0x2308 'Room13\Room13.Vlv'"	"0x010D"	"Room13.Vlv"	"Room13.Vlv"	"Room13.Vlv"	"Room13.Vlv"	"Room13.Vlv"	"Room13.Vlv"	"Room13.Vlv"	"Room13.Vlv"	
"0x2304 'Room13\Room13.Vlv.RefIO'"	"0x1100"	"RefIO"	"RefIO"	"RefIO"	"RefIO"	"RefIO"	"RefIO"	"RefIO"	"RefIO"	
"0x2304 'Room13\Room13.Vlv.RefIO'"	"0x010D"	"Room13.Vlv.RefIO"	"Room13.Vlv.RefIO"	"Room13.Vlv.RefIO"	"Room13.Vlv.RefIO"	"Room13.Vlv.RefIO"	"Room13.Vlv.RefIO"	"Room13.Vlv.RefIO"	"Room13.Vlv.RefIO"	
"0x2206 'Room13\Room13.Vlv.Cmd'"	"0x1100"	"Cmd"	"Cmd"	"Cmd"	"Cmd"	"Cmd"	"Cmd"	"Cmd"	"Cmd"	
"0x2206 'Room13\Room13.Vlv.Cmd'"	"0x010D"	"Room13.Vlv.Cmd"	"Room13.Vlv.Cmd"	"Room13.Vlv.Cmd"	"Room13.Vlv.Cmd"	"Room13.Vlv.Cmd"	"Room13.Vlv.Cmd"	"Room13.Vlv.Cmd"	"Room13.Vlv.Cmd"	
"0x2206 'Room13\Room13.Vlv.Cmd'"	"0x1102"	"%"	"%"	"%"	"%"	"%"	"%"	"%"	"%"	
"0x2206 'Room13\Room13.Vlv.Cmd'"	"0x1214"	"%"	"%"	"%"	"%"	"%"	"%"	"%"	"%"	
"0x2310 'Room13\Room13.Vlv.Pos'"	"0x1100"	"Pos"	"Pos"	"Pos"	"Pos"	"Pos"	"Pos"	"Pos"	"Pos"	
"0x2310 'Room13\Room13.Vlv.Pos'"	"0x010D"	"Room13.Vlv.Pos"	"Room13.Vlv.Pos"	"Room13.Vlv.Pos"	"Room13.Vlv.Pos"	"Room13.Vlv.Pos"	"Room13.Vlv.Pos"	"Room13.Vlv.Pos"	"Room13.Vlv.Pos"	
"0x2310 'Room13\Room13.Vlv.Pos'"	"0x1101"	"Idle*Pos+*Pos-*Sync+*Sync-"	"Idle*Pos+*Pos-*Sync+*Sync-"	"Idle*Pos+*Pos-*Sync+*Sync-"	"Idle*Pos+*Pos-*Sync+*Sync-"	"Idle*Pos+*Pos-*Sync+*Sync-"	"Idle*Pos+*Pos-*Sync+*Sync-"	"Idle*Pos+*Pos-*Sync+*Sync-"	"Idle*Pos+*Pos-*Sync+*Sync-"	
"0x2308 'Room13\Room13.Vlv3'"	"0x1100"	"Vlv3"	"Vlv3"	"Vlv3"	"Vlv3"	"Vlv3"	"Vlv3"	"Vlv3"	"Vlv3"	
"0x2308 'Room13\Room13.Vlv3'"	"0x010D"	"Room13.Vlv3"	"Room13.Vlv3"	"Room13.Vlv3"	"Room13.Vlv3"	"Room13.Vlv3"	"Room13.Vlv3"	"Room13.Vlv3"	"Room13.Vlv3"	
"0x2304 'Room13\Room13.Vlv3.RefIO'"	"0x1100"	"RefIO"	"RefIO"	"RefIO"	"RefIO"	"RefIO"	"RefIO"	"RefIO"	"RefIO"	
"0x2304 'Room13\Room13.Vlv3.RefIO'"	"0x010D"	"Room13.Vlv3.RefIO"	"Room13.Vlv3.RefIO"	"Room13.Vlv3.RefIO"	"Room13.Vlv3.RefIO"	"Room13.Vlv3.RefIO"	"Room13.Vlv3.RefIO"	"Room13.Vlv3.RefIO"	"Room13.Vlv3.RefIO"	
"0x2206 'Room13\Room13.Vlv3.Cmd'"	"0x1100"	"Cmd"	"Cmd"	"Cmd"	"Cmd"	"Cmd"	"Cmd"	"Cmd"	"Cmd"	
"0x2206 'Room13\Room13.Vlv3.Cmd'"	"0x010D"	"Room13.Vlv3.Cmd"	"Room13.Vlv3.Cmd"	"Room13.Vlv3.Cmd"	"Room13.Vlv3.Cmd"	"Room13.Vlv3.Cmd"	"Room13.Vlv3.Cmd"	"Room13.Vlv3.Cmd"	"Room13.Vlv3.Cmd"	
"0x2206 'Room13\Room13.Vlv3.Cmd'"	"0x1102"	"%"	"%"	"%"	"%"	"%"	"%"	"%"	"%"	
"0x2206 'Room13\Room13.Vlv3.Cmd'"	"0x1214"	"%"	"%"	"%"	"%"	"%"	"%"	"%"	"%"	
"0x2310 'Room13\Room13.Vlv3.Pos'"	"0x1100"	"Pos"	"Pos"	"Pos"	"Pos"	"Pos"	"Pos"	"Pos"	"Pos"	
"0x2310 'Room13\Room13.Vlv3.Pos'"	"0x010D"	"Room13.Vlv3.Pos"	"Room13.Vlv3.Pos"	"Room13.Vlv3.Pos"	"Room13.Vlv3.Pos"	"Room13.Vlv3.Pos"	"Room13.Vlv3.Pos"	"Room13.Vlv3.Pos"	"Room13.Vlv3.Pos"	
"0x2310 'Room13\Room13.Vlv3.Pos'"	"0x1101"	"Idle*Pos+*Pos-*Sync+*Sync-"	"Idle*Pos+*Pos-*Sync+*Sync-"	"Idle*Pos+*Pos-*Sync+*Sync-"	"Idle*Pos+*Pos-*Sync+*Sync-"	"Idle*Pos+*Pos-*Sync+*Sync-"	"Idle*Pos+*Pos-*Sync+*Sync-"	"Idle*Pos+*Pos-*Sync+*Sync-"	"Idle*Pos+*Pos-*Sync+*Sync-"	
"0x2308 'Room13\Room13.Vlv4'"	"0x1100"	"Vlv4"	"Vlv4"	"Vlv4"	"Vlv4"	"Vlv4"	"Vlv4"	"Vlv4"	"Vlv4"	
"0x2308 'Room13\Room13.Vlv4'"	"0x010D"	"Room13.Vlv4"	"Room13.Vlv4"	"Room13.Vlv4"	"Room13.Vlv4"	"Room13.Vlv4"	"Room13.Vlv4"	"Room13.Vlv4"	"Room13.Vlv4"	
"0x2304 'Room13\Room13.Vlv4.RefIO'"	"0x1100"	"RefIO"	"RefIO"	"RefIO"	"RefIO"	"RefIO"	"RefIO"	"RefIO"	"RefIO"	
"0x2304 'Room13\Room13.Vlv4.RefIO'"	"0x010D"	"Room13.Vlv4.RefIO"	"Room13.Vlv4.RefIO"	"Room13.Vlv4.RefIO"	"Room13.Vlv4.RefIO"	"Room13.Vlv4.RefIO"	"Room13.Vlv4.RefIO"	"Room13.Vlv4.RefIO"	"Room13.Vlv4.RefIO"	
"0x2206 'Room13\Room13.Vlv4.Cmd'"	"0x1100"	"Cmd"	"Cmd"	"Cmd"	"Cmd"	"Cmd"	"Cmd"	"Cmd"	"Cmd"	
"0x2206 'Room13\Room13.Vlv4.Cmd'"	"0x010D"	"Room13.Vlv4.Cmd"	"Room13.Vlv4.Cmd"	"Room13.Vlv4.Cmd"	"Room13.Vlv4.Cmd"	"Room13.Vlv4.Cmd"	"Room13.Vlv4.Cmd"	"Room13.Vlv4.Cmd"	"Room13.Vlv4.Cmd"	
"0x2206 'Room13\Room13.Vlv4.Cmd'"	"0x1102"	"%"	"%"	"%"	"%"	"%"	"%"	"%"	"%"	
"0x2206 'Room13\Room13.Vlv4.Cmd'"	"0x1214"	"%"	"%"	"%"	"%"	"%"	"%"	"%"	"%"	
"0x2310 'Room13\Room13.Vlv4.Pos'"	"0x1100"	"Pos"	"Pos"	"Pos"	"Pos"	"Pos"	"Pos"	"Pos"	"Pos"	
"0x2310 'Room13\Room13.Vlv4.Pos'"	"0x010D"	"Room13.Vlv4.Pos"	"Room13.Vlv4.Pos"	"Room13.Vlv4.Pos"	"Room13.Vlv4.Pos"	"Room13.Vlv4.Pos"	"Room13.Vlv4.Pos"	"Room13.Vlv4.Pos"	"Room13.Vlv4.Pos"	
"0x2310 'Room13\Room13.Vlv4.Pos'"	"0x1101"	"Idle*Pos+*Pos-*Sync+*Sync-"	"Idle*Pos+*Pos-*Sync+*Sync-"	"Idle*Pos+*Pos-*Sync+*Sync-"	"Idle*Pos+*Pos-*Sync+*Sync-"	"Idle*Pos+*Pos-*Sync+*Sync-"	"Idle*Pos+*Pos-*Sync+*Sync-"	"Idle*Pos+*Pos-*Sync+*Sync-"	"Idle*Pos+*Pos-*Sync+*Sync-"	
"0x2304 'Room13\Room13.Ime'"	"0x1100"	"Ime"	"Ime"	"Ime"	"Ime"	"Ime"	"Ime"	"Ime"	"Ime"	
"0x2304 'Room13\Room13.Ime'"	"0x010D"	"Room13.Ime"	"Room13.Ime"	"Room13.Ime"	"Room13.Ime"	"Room13.Ime"	"Room13.Ime"	"Room13.Ime"	"Room13.Ime"	
"0x2309 '0x031D\Room14'"	"0x1100"	"Room14"	"Room14"	"Room14"	"Room14"	"Room14"	"Room14"	"Room14"	"Room14"	
"0x2309 '0x031D\Room14'"	"0x010D"	"Room14"	"Room14"	"Room14"	"Room14"	"Room14"	"Room14"	"Room14"	"Room14"	
"0x2308 'Room14\Room14.TR'"	"0x1100"	"TR"	"TR"	"TR"	"TR"	"TR"	"TR"	"TR"	"TR"	
"0x2308 'Room14\Room14.TR'"	"0x010D"	"Room14.TR"	"Room14.TR"	"Room14.TR"	"Room14.TR"	"Room14.TR"	"Room14.TR"	"Room14.TR"	"Room14.TR"	
"0x2300 'Room14\Room14.TR.SpTiCom'"	"0x1100"	"SpTiCom"	"SpTiCom"	"SpTiCom"	"SpTiCom"	"SpTiCom"	"SpTiCom"	"SpTiCom"	"SpTiCom"	
"0x2300 'Room14\Room14.TR.SpTiCom'"	"0x010D"	"Room14.TR.SpTiCom"	"Room14.TR.SpTiCom"	"Room14.TR.SpTiCom"	"Room14.TR.SpTiCom"	"Room14.TR.SpTiCom"	"Room14.TR.SpTiCom"	"Room14.TR.SpTiCom"	"Room14.TR.SpTiCom"	
"0x2300 'Room14\Room14.TR.SpTiCom'"	"0x1102"	"s"	"s"	"s"	"s"	"s"	"s"	"s"	"s"	
"0x2203 'Room14\Room14.TR.Val'"	"0x1100"	"Val"	"Val"	"Val"	"Val"	"Val"	"Val"	"Val"	"Val"	
"0x2203 'Room14\Room14.TR.Val'"	"0x010D"	"Room14.TR.Val"	"Room14.TR.Val"	"Room14.TR.Val"	"Room14.TR.Val"	"Room14.TR.Val"	"Room14.TR.Val"	"Room14.TR.Val"	"Room14.TR.Val"	
"0x2203 'Room14\Room14.TR.Val'"	"0x1102"	"°C"	"°C"	"°C"	"°C"	"°C"	"°C"	"°C"	"°C"	
"0x2203 'Room14\Room14.TR.Val'"	"0x1214"	"dK"	"dK"	"dK"	"dK"	"dK"	"dK"	"dK"	"dK"	
"0x2308 'Room14\Room14.CndMon2'"	"0x1100"	"CndMon2"	"CndMon2"	"CndMon2"	"CndMon2"	"CndMon2"	"CndMon2"	"CndMon2"	"CndMon2"	
"0x2308 'Room14\Room14.CndMon2'"	"0x010D"	"Room14.CndMon2"	"Room14.CndMon2"	"Room14.CndMon2"	"Room14.CndMon2"	"Room14.CndMon2"	"Room14.CndMon2"	"Room14.CndMon2"	"Room14.CndMon2"	
"0x2304 'Room14\Room14.CndMon2.RefIO'"	"0x1100"	"RefIO"	"RefIO"	"RefIO"	"RefIO"	"RefIO"	"RefIO"	"RefIO"	"RefIO"	
"0x2304 'Room14\Room14.CndMon2.RefIO'"	"0x010D"	"Room14.CndMon2.RefIO"	"Room14.CndMon2.RefIO"	"Room14.CndMon2.RefIO"	"Room14.CndMon2.RefIO"	"Room14.CndMon2.RefIO"	"Room14.CndMon2.RefIO"	"Room14.CndMon2.RefIO"	"Room14.CndMon2.RefIO"	
"0x2204 'Room14\Room14.CndMon2.Val'"	"0x1100"	"Val"	"Val"	"Val"	"Val"	"Val"	"Val"	"Val"	"Val"	
"0x2204 'Room14\Room14.CndMon2.Val'"	"0x010D"	"Room14.CndMon2.Val"	"Room14.CndMon2.Val"	"Room14.CndMon2.Val"	"Room14.CndMon2.Val"	"Room14.CndMon2.Val"	"Room14.CndMon2.Val"	"Room14.CndMon2.Val"	"Room14.CndMon2.Val"	
"0x2204 'Room14\Room14.CndMon2.Val'"	"0x1101"	"Passive*Active*Null"	"Passive*Active*Null"	"Passive*Active*Null"	"Passive*Active*Null"	"Passive*Active*Null"	"Passive*Active*Null"	"Passive*Active*Null"	"Passive*Active*Null"	
"0x2308 'Room14\Room14.CndMon'"	"0x1100"	"CndMon"	"CndMon"	"CndMon"	"CndMon"	"CndMon"	"CndMon"	"CndMon"	"CndMon"	
"0x2308 'Room14\Room14.CndMon'"	"0x010D"	"Room14.CndMon"	"Room14.CndMon"	"Room14.CndMon"	"Room14.CndMon"	"Room14.CndMon"	"Room14.CndMon"	"Room14.CndMon"	"Room14.CndMon"	
"0x2304 'Room14\Room14.CndMon.RefIO'"	"0x1100"	"RefIO"	"RefIO"	"RefIO"	"RefIO"	"RefIO"	"RefIO"	"RefIO"	"RefIO"	
"0x2304 'Room14\Room14.CndMon.RefIO'"	"0x010D"	"Room14.CndMon.RefIO"	"Room14.CndMon.RefIO"	"Room14.CndMon.RefIO"	"Room14.CndMon.RefIO"	"Room14.CndMon.RefIO"	"Room14.CndMon.RefIO"	"Room14.CndMon.RefIO"	"Room14.CndMon.RefIO"	
"0x2204 'Room14\Room14.CndMon.Val'"	"0x1100"	"Val"	"Val"	"Val"	"Val"	"Val"	"Val"	"Val"	"Val"	
"0x2204 'Room14\Room14.CndMon.Val'"	"0x010D"	"Room14.CndMon.Val"	"Room14.CndMon.Val"	"Room14.CndMon.Val"	"Room14.CndMon.Val"	"Room14.CndMon.Val"	"Room14.CndMon.Val"	"Room14.CndMon.Val"	"Room14.CndMon.Val"	
"0x2204 'Room14\Room14.CndMon.Val'"	"0x1101"	"Passive*Active*Null"	"Passive*Active*Null"	"Passive*Active*Null"	"Passive*Active*Null"	"Passive*Active*Null"	"Passive*Active*Null"	"Passive*Active*Null"	"Passive*Active*Null"	
"0x2308 'Room14\Room14.CndMon3'"	"0x1100"	"CndMon3"	"CndMon3"	"CndMon3"	"CndMon3"	"CndMon3"	"CndMon3"	"CndMon3"	"CndMon3"	
"0x2308 'Room14\Room14.CndMon3'"	"0x010D"	"Room14.CndMon3"	"Room14.CndMon3"	"Room14.CndMon3"	"Room14.CndMon3"	"Room14.CndMon3"	"Room14.CndMon3"	"Room14.CndMon3"	"Room14.CndMon3"	
"0x2304 'Room14\Room14.CndMon3.RefIO'"	"0x1100"	"RefIO"	"RefIO"	"RefIO"	"RefIO"	"RefIO"	"RefIO"	"RefIO"	"RefIO"	
"0x2304 'Room14\Room14.CndMon3.RefIO'"	"0x010D"	"Room14.CndMon3.RefIO"	"Room14.CndMon3.RefIO"	"Room14.CndMon3.RefIO"	"Room14.CndMon3.RefIO"	"Room14.CndMon3.RefIO"	"Room14.CndMon3.RefIO"	"Room14.CndMon3.RefIO"	"Room14.CndMon3.RefIO"	
"0x2204 'Room14\Room14.CndMon3.Val'"	"0x1100"	"Val"	"Val"	"Val"	"Val"	"Val"	"Val"	"Val"	"Val"	
"0x2204 'Room14\Room14.CndMon3.Val'"	"0x010D"	"Room14.CndMon3.Val"	"Room14.CndMon3.Val"	"Room14.CndMon3.Val"	"Room14.CndMon3.Val"	"Room14.CndMon3.Val"	"Room14.CndMon3.Val"	"Room14.CndMon3.Val"	"Room14.CndMon3.Val"	
"0x2204 'Room14\Room14.CndMon3.Val'"	"0x1101"	"Passive*Active*Null"	"Passive*Active*Null"	"Passive*Active*Null"	"Passive*Active*Null"	"Passive*Active*Null"	"Passive*Active*Null"	"Passive*Active*Null"	"Passive*Active*Null"	
"0x2308 'Room14\Room14.CndMon4'"	"0x1100"	"CndMon4"	"CndMon4"	"CndMon4"	"CndMon4"	"CndMon4"	"CndMon4"	"CndMon4"	"CndMon4"	
"0x2308 'Room14\Room14.CndMon4'"	"0x010D"	"Room14.CndMon4"	"Room14.CndMon4"	"Room14.CndMon4"	"Room14.CndMon4"	"Room14.CndMon4"	"Room14.CndMon4"	"Room14.CndMon4"	"Room14.CndMon4"	
"0x2304 'Room14\Room14.CndMon4.RefIO'"	"0x1100"	"RefIO"	"RefIO"	"RefIO"	"RefIO"	"RefIO"	"RefIO"	"RefIO"	"RefIO"	
"0x2304 'Room14\Room14.CndMon4.RefIO'"	"0x010D"	"Room14.CndMon4.RefIO"	"Room14.CndMon4.RefIO"	"Room14.CndMon4.RefIO"	"Room14.CndMon4.RefIO"	"Room14.CndMon4.RefIO"	"Room14.CndMon4.RefIO"	"Room14.CndMon4.RefIO"	"Room14.CndMon4.RefIO"	
"0x2204 'Room14\Room14.CndMon4.Val'"	"0x1100"	"Val"	"Val"	"Val"	"Val"	"Val"	"Val"	"Val"	"Val"	
"0x2204 'Room14\Room14.CndMon4.Val'"	"0x010D"	"Room14.CndMon4.Val"	"Room14.CndMon4.Val"	"Room14.CndMon4.Val"	"Room14.CndMon4.Val"	"Room14.CndMon4.Val"	"Room14.CndMon4.Val"	"Room14.CndMon4.Val"	"Room14.CndMon4.Val"	
"0x2204 'Room14\Room14.CndMon4.Val'"	"0x1101"	"Passive*Active*Null"	"Passive*Active*Null"	"Passive*Active*Null"	"Passive*Active*Null"	"Passive*Active*Null"	"Passive*Active*Null"	"Passive*Active*Null"	"Passive*Active*Null"	
"0x2302 'Room14\Room14.OpModMan'"	"0x1100"	"OpModMan"	"OpModMan"	"OpModMan"	"OpModMan"	"OpModMan"	"OpModMan"	"OpModMan"	"OpModMan"	
"0x2302 'Room14\Room14.OpModMan'"	"0x010D"	"Room14.OpModMan"	"Room14.OpModMan"	"Room14.OpModMan"	"Room14.OpModMan"	"Room14.OpModMan"	"Room14.OpModMan"	"Room14.OpModMan"	"Room14.OpModMan"	
"0x2302 'Room14\Room14.OpModMan'"	"0x1101"	"Prt*Eco*Cmf*Auto"	"Prt*Eco*Cmf*Auto"	"Prt*Eco*Cmf*Auto"	"Prt*Eco*Cmf*Auto"	"Prt*Eco*Cmf*Auto"	"Prt*Eco*Cmf*Auto"	"Prt*Eco*Cmf*Auto"	"Prt*Eco*Cmf*Auto"	
"0x2302 'Room14\Room14.ShedSel'"	"0x1100"	"ShedSel"	"ShedSel"	"ShedSel"	"ShedSel"	"ShedSel"	"ShedSel"	"ShedSel"	"ShedSel"	
"0x2302 'Room14\Room14.ShedSel'"	"0x010D"	"Room14.ShedSel"	"Room14.ShedSel"	"Room14.ShedSel"	"Room14.ShedSel"	"Room14.ShedSel"	"Room14.ShedSel"	"Room14.ShedSel"	"Room14.ShedSel"	
"0x2302 'Room14\Room14.ShedSel'"	"0x1101"	"TSP_1*TSP_2*TSP_3"	"TSP_1*TSP_2*TSP_3"	"TSP_1*TSP_2*TSP_3"	"TSP_1*TSP_2*TSP_3"	"TSP_1*TSP_2*TSP_3"	"TSP_1*TSP_2*TSP_3"	"TSP_1*TSP_2*TSP_3"	"TSP_1*TSP_2*TSP_3"	
"0x2300 'Room14\Room14.SpTRPrt'"	"0x1100"	"SpTRPrt"	"SpTRPrt"	"SpTRPrt"	"SpTRPrt"	"SpTRPrt"	"SpTRPrt"	"SpTRPrt"	"SpTRPrt"	
"0x2300 'Room14\Room14.SpTRPrt'"	"0x010D"	"Room14.SpTRPrt"	"Room14.SpTRPrt"	"Room14.SpTRPrt"	"Room14.SpTRPrt"	"Room14.SpTRPrt"	"Room14.SpTRPrt"	"Room14.SpTRPrt"	"Room14.SpTRPrt"	
"0x2300 'Room14\Room14.SpTRPrt'"	"0x1102"	"°C"	"°C"	"°C"	"°C"	"°C"	"°C"	"°C"	"°C"	
"0x2300 'Room14\Room14.SpTREco'"	"0x1100"	"SpTREco"	"SpTREco"	"SpTREco"	"SpTREco"	"SpTREco"	"SpTREco"	"SpTREco"	"SpTREco"	
"0x2300 'Room14\Room14.SpTREco'"	"0x010D"	"Room14.SpTREco"	"Room14.SpTREco"	"Room14.SpTREco"	"Room14.SpTREco"	"Room14.SpTREco"	"Room14.SpTREco"	"Room14.SpTREco"	"Room14.SpTREco"	
"0x2300 'Room14\Room14.SpTREco'"	"0x1102"	"°C"	"°C"	"°C"	"°C"	"°C"	"°C"	"°C"	"°C"	
"0x2300 'Room14\Room14.SpTRCmf'"	"0x1100"	"SpTRCmf"	"SpTRCmf"	"SpTRCmf"	"SpTRCmf"	"SpTRCmf"	"SpTRCmf"	"SpTRCmf"	"SpTRCmf"	
"0x2300 'Room14\Room14.SpTRCmf'"	"0x010D"	"Room14.SpTRCmf"	"Room14.SpTRCmf"	"Room14.SpTRCmf"	"Room14.SpTRCmf"	"Room14.SpTRCmf"	"Room14.SpTRCmf"	"Room14.SpTRCmf"	"Room14.SpTRCmf"	
"0x2300 'Room14\Room14.SpTRCmf'"	"0x1102"	"°C"	"°C"	"°C"	"°C"	"°C"	"°C"	"°C"	"°C"	
"0x2202 'Room14\Room14.PltMod'"	"0x1100"	"PltMod"	"PltMod"	"PltMod"	"PltMod"	"PltMod"	"PltMod"	"PltMod"	"PltMod"	
"0x2202 'Room14\Room14.PltMod'"	"0x010D"	"Room14.PltMod"	"Room14.PltMod"	"Room14.PltMod"	"Room14.PltMod"	"Room14.PltMod"	"Room14.PltMod"	"Room14.PltMod"	"Room14.PltMod"	
"0x2202 'Room14\Room14.PltMod'"	"0x1101"	"Null*Auto*Off*Ctl*Flt"	"Null*Auto*Off*Ctl*Flt"	"Null*Auto*Off*Ctl*Flt"	"Null*Auto*Off*Ctl*Flt"	"Null*Auto*Off*Ctl*Flt"	"Null*Auto*Off*Ctl*Flt"	"Null*Auto*Off*Ctl*Flt"	"Null*Auto*Off*Ctl*Flt"	
"0x2308 'Room14\Room14.VlvCtl'"	"0x1100"	"VlvCtl"	"VlvCtl"	"VlvCtl"	"VlvCtl"	"VlvCtl"	"VlvCtl"	"VlvCtl"	"VlvCtl"	
"0x2308 'Room14\Room14.VlvCtl'"	"0x010D"	"Room14.VlvCtl"	"Room14.VlvCtl"	"Room14.VlvCtl"	"Room14.VlvCtl"	"Room14.VlvCtl"	"Room14.VlvCtl"	"Room14.VlvCtl"	"Room14.VlvCtl"	
"0x2202 'Room14\Room14.VlvCtl.AggrMod'"	"0x1100"	"AggrMod"	"AggrMod"	"AggrMod"	"AggrMod"	"AggrMod"	"AggrMod"	"AggrMod"	"AggrMod"	
"0x2202 'Room14\Room14.VlvCtl.AggrMod'"	"0x010D"	"Room14.VlvCtl.AggrMod"	"Room14.VlvCtl.AggrMod"	"Room14.VlvCtl.AggrMod"	"Room14.VlvCtl.AggrMod"	"Room14.VlvCtl.AggrMod"	"Room14.VlvCtl.AggrMod"	"Room14.VlvCtl.AggrMod"	"Room14.VlvCtl.AggrMod"	
"0x2202 'Room14\Room14.VlvCtl.AggrMod'"	"0x1101"	"Auto*Off*On*Dmd*Loop*Low*High*Swi*Last*LoopDmd"	"Auto*Off*On*Dmd*Loop*Low*High*Swi*Last*LoopDmd"	"Auto*Off*On*Dmd*Loop*Low*High*Swi*Last*LoopDmd"	"Auto*Off*On*Dmd*Loop*Low*High*Swi*Last*LoopDmd"	"Auto*Off*On*Dmd*Loop*Low*High*Swi*Last*LoopDmd"	"Auto*Off*On*Dmd*Loop*Low*High*Swi*Last*LoopDmd"	"Auto*Off*On*Dmd*Loop*Low*High*Swi*Last*LoopDmd"	"Auto*Off*On*Dmd*Loop*Low*High*Swi*Last*LoopDmd"	
"0x2300 'Room14\Room14.VlvCtl.Low'"	"0x1100"	"Low"	"Low"	"Low"	"Low"	"Low"	"Low"	"Low"	"Low"	
"0x2300 'Room14\Room14.VlvCtl.Low'"	"0x010D"	"Room14.VlvCtl.Low"	"Room14.VlvCtl.Low"	"Room14.VlvCtl.Low"	"Room14.VlvCtl.Low"	"Room14.VlvCtl.Low"	"Room14.VlvCtl.Low"	"Room14.VlvCtl.Low"	"Room14.VlvCtl.Low"	
"0x2300 'Room14\Room14.VlvCtl.Low'"	"0x1102"	"%"	"%"	"%"	"%"	"%"	"%"	"%"	"%"	
"0x2300 'Room14\Room14.VlvCtl.High'"	"0x1100"	"High"	"High"	"High"	"High"	"High"	"High"	"High"	"High"	
"0x2300 'Room14\Room14.VlvCtl.High'"	"0x010D"	"Room14.VlvCtl.High"	"Room14.VlvCtl.High"	"Room14.VlvCtl.High"	"Room14.VlvCtl.High"	"Room14.VlvCtl.High"	"Room14.VlvCtl.High"	"Room14.VlvCtl.High"	"Room14.VlvCtl.High"	
"0x2300 'Room14\Room14.VlvCtl.High'"	"0x1102"	"%"	"%"	"%"	"%"	"%"	"%"	"%"	"%"	
"0x2300 'Room14\Room14.VlvCtl.TiDly'"	"0x1100"	"TiDly"	"TiDly"	"TiDly"	"TiDly"	"TiDly"	"TiDly"	"TiDly"	"TiDly"	
"0x2300 'Room14\Room14.VlvCtl.TiDly'"	"0x010D"	"Room14.VlvCtl.TiDly"	"Room14.VlvCtl.TiDly"	"Room14.VlvCtl.TiDly"	"Room14.VlvCtl.TiDly"	"Room14.VlvCtl.TiDly"	"Room14.VlvCtl.TiDly"	"Room14.VlvCtl.TiDly"	"Room14.VlvCtl.TiDly"	
"0x2300 'Room14\Room14.VlvCtl.TiDly'"	"0x1102"	"s"	"s"	"s"	"s"	"s"	"s"	"s"	"s"	
"0x2300 'Room14\Room14.VlvCtl.SwiOn'"	"0x1100"	"SwiOn"	"SwiOn"	"SwiOn"	"SwiOn"	"SwiOn"	"SwiOn"	"SwiOn"	"SwiOn"	
"0x2300 'Room14\Room14.VlvCtl.SwiOn'"	"0x010D"	"Room14.VlvCtl.SwiOn"	"Room14.VlvCtl.SwiOn"	"Room14.VlvCtl.SwiOn"	"Room14.VlvCtl.SwiOn"	"Room14.VlvCtl.SwiOn"	"Room14.VlvCtl.SwiOn"	"Room14.VlvCtl.SwiOn"	"Room14.VlvCtl.SwiOn"	
"0x2300 'Room14\Room14.VlvCtl.SwiOn'"	"0x1102"	"%"	"%"	"%"	"%"	"%"	"%"	"%"	"%"	
"0x2300 'Room14\Room14.VlvCtl.SwiOff'"	"0x1100"	"SwiOff"	"SwiOff"	"SwiOff"	"SwiOff"	"SwiOff"	"SwiOff"	"SwiOff"	"SwiOff"	
"0x2300 'Room14\Room14.VlvCtl.SwiOff'"	"0x010D"	"Room14.VlvCtl.SwiOff"	"Room14.VlvCtl.SwiOff"	"Room14.VlvCtl.SwiOff"	"Room14.VlvCtl.SwiOff"	"Room14.VlvCtl.SwiOff"	"Room14.VlvCtl.SwiOff"	"Room14.VlvCtl.SwiOff"	"Room14.VlvCtl.SwiOff"	
"0x2300 'Room14\Room14.VlvCtl.SwiOff'"	"0x1102"	"%"	"%"	"%"	"%"	"%"	"%"	"%"	"%"	
"0x2305 'Room14\Room14.VlvCtl.Ctl'"	"0x1100"	"Ctl"	"Ctl"	"Ctl"	"Ctl"	"Ctl"	"Ctl"	"Ctl"	"Ctl"	
"0x2305 'Room14\Room14.VlvCtl.Ctl'"	"0x010D"	"Room14.VlvCtl.Ctl"	"Room14.VlvCtl.Ctl"	"Room14.VlvCtl.Ctl"	"Room14.VlvCtl.Ctl"	"Room14.VlvCtl.Ctl"	"Room14.VlvCtl.Ctl"	"Room14.VlvCtl.Ctl"	"Room14.VlvCtl.Ctl"	
"0x2305 'Room14\Room14.VlvCtl.Ctl'"	"0x1102"	"°C"	"°C"	"°C"	"°C"	"°C"	"°C"	"°C"	"°C"	
"0x2305 'Room14\Room14.VlvCtl.Ctl'"	"0x1200"	"GESP*OG*UG*REG*Y-NV*UDEF"	"GESP*OG*UG*REG*Y-NV*UDEF"	"GESP*OG*UG*REG*Y-NV*UDEF"	"GESP*OG*UG*REG*Y-NV*UDEF"	"GESP*OG*UG*REG*Y-NV*UDEF"	"GESP*OG*UG*REG*Y-NV*UDEF"	"GESP*OG*UG*REG*Y-NV*UDEF"	"GESP*OG*UG*REG*Y-NV*UDEF"	
"0x2308 'Room14\Room14.Vlv2'"	"0x1100"	"Vlv2"	"Vlv2"	"Vlv2"	"Vlv2"	"Vlv2"	"Vlv2"	"Vlv2"	"Vlv2"	
"0x2308 'Room14\Room14.Vlv2'"	"0x010D"	"Room14.Vlv2"	"Room14.Vlv2"	"Room14.Vlv2"	"Room14.Vlv2"	"Room14.Vlv2"	"Room14.Vlv2"	"Room14.Vlv2"	"Room14.Vlv2"	
"0x2304 'Room14\Room14.Vlv2.RefIO'"	"0x1100"	"RefIO"	"RefIO"	"RefIO"	"RefIO"	"RefIO"	"RefIO"	"RefIO"	"RefIO"	
"0x2304 'Room14\Room14.Vlv2.RefIO'"	"0x010D"	"Room14.Vlv2.RefIO"	"Room14.Vlv2.RefIO"	"Room14.Vlv2.RefIO"	"Room14.Vlv2.RefIO"	"Room14.Vlv2.RefIO"	"Room14.Vlv2.RefIO"	"Room14.Vlv2.RefIO"	"Room14.Vlv2.RefIO"	
"0x2206 'Room14\Room14.Vlv2.Cmd'"	"0x1100"	"Cmd"	"Cmd"	"Cmd"	"Cmd"	"Cmd"	"Cmd"	"Cmd"	"Cmd"	
"0x2206 'Room14\Room14.Vlv2.Cmd'"	"0x010D"	"Room14.Vlv2.Cmd"	"Room14.Vlv2.Cmd"	"Room14.Vlv2.Cmd"	"Room14.Vlv2.Cmd"	"Room14.Vlv2.Cmd"	"Room14.Vlv2.Cmd"	"Room14.Vlv2.Cmd"	"Room14.Vlv2.Cmd"	
"0x2206 'Room14\Room14.Vlv2.Cmd'"	"0x1102"	"%"	"%"	"%"	"%"	"%"	"%"	"%"	"%"	
"0x2206 'Room14\Room14.Vlv2.Cmd'"	"0x1214"	"%"	"%"	"%"	"%"	"%"	"%"	"%"	"%"	
"0x2310 'Room14\Room14.Vlv2.Pos'"	"0x1100"	"Pos"	"Pos"	"Pos"	"Pos"	"Pos"	"Pos"	"Pos"	"Pos"	
"0x2310 'Room14\Room14.Vlv2.Pos'"	"0x010D"	"Room14.Vlv2.Pos"	"Room14.Vlv2.Pos"	"Room14.Vlv2.Pos"	"Room14.Vlv2.Pos"	"Room14.Vlv2.Pos"	"Room14.Vlv2.Pos"	"Room14.Vlv2.Pos"	"Room14.Vlv2.Pos"	
"0x2310 'Room14\Room14.Vlv2.Pos'"	"0x1101"	"Idle*Pos+*Pos-*Sync+*Sync-"	"Idle*Pos+*Pos-*Sync+*Sync-"	"Idle*Pos+*Pos-*Sync+*Sync-"	"Idle*Pos+*Pos-*Sync+*Sync-"	"Idle*Pos+*Pos-*Sync+*Sync-"	"Idle*Pos+*Pos-*Sync+*Sync-"	"Idle*Pos+*Pos-*Sync+*Sync-"	"Idle*Pos+*Pos-*Sync+*Sync-"	
"0x2308 'Room14\Room14.Vlv'"	"0x1100"	"Vlv"	"Vlv"	"Vlv"	"Vlv"	"Vlv"	"Vlv"	"Vlv"	"Vlv"	
"0x2308 'Room14\Room14.Vlv'"	"0x010D"	"Room14.Vlv"	"Room14.Vlv"	"Room14.Vlv"	"Room14.Vlv"	"Room14.Vlv"	"Room14.Vlv"	"Room14.Vlv"	"Room14.Vlv"	
"0x2304 'Room14\Room14.Vlv.RefIO'"	"0x1100"	"RefIO"	"RefIO"	"RefIO"	"RefIO"	"RefIO"	"RefIO"	"RefIO"	"RefIO"	
"0x2304 'Room14\Room14.Vlv.RefIO'"	"0x010D"	"Room14.Vlv.RefIO"	"Room14.Vlv.RefIO"	"Room14.Vlv.RefIO"	"Room14.Vlv.RefIO"	"Room14.Vlv.RefIO"	"Room14.Vlv.RefIO"	"Room14.Vlv.RefIO"	"Room14.Vlv.RefIO"	
"0x2206 'Room14\Room14.Vlv.Cmd'"	"0x1100"	"Cmd"	"Cmd"	"Cmd"	"Cmd"	"Cmd"	"Cmd"	"Cmd"	"Cmd"	
"0x2206 'Room14\Room14.Vlv.Cmd'"	"0x010D"	"Room14.Vlv.Cmd"	"Room14.Vlv.Cmd"	"Room14.Vlv.Cmd"	"Room14.Vlv.Cmd"	"Room14.Vlv.Cmd"	"Room14.Vlv.Cmd"	"Room14.Vlv.Cmd"	"Room14.Vlv.Cmd"	
"0x2206 'Room14\Room14.Vlv.Cmd'"	"0x1102"	"%"	"%"	"%"	"%"	"%"	"%"	"%"	"%"	
"0x2206 'Room14\Room14.Vlv.Cmd'"	"0x1214"	"%"	"%"	"%"	"%"	"%"	"%"	"%"	"%"	
"0x2310 'Room14\Room14.Vlv.Pos'"	"0x1100"	"Pos"	"Pos"	"Pos"	"Pos"	"Pos"	"Pos"	"Pos"	"Pos"	
"0x2310 'Room14\Room14.Vlv.Pos'"	"0x010D"	"Room14.Vlv.Pos"	"Room14.Vlv.Pos"	"Room14.Vlv.Pos"	"Room14.Vlv.Pos"	"Room14.Vlv.Pos"	"Room14.Vlv.Pos"	"Room14.Vlv.Pos"	"Room14.Vlv.Pos"	
"0x2310 'Room14\Room14.Vlv.Pos'"	"0x1101"	"Idle*Pos+*Pos-*Sync+*Sync-"	"Idle*Pos+*Pos-*Sync+*Sync-"	"Idle*Pos+*Pos-*Sync+*Sync-"	"Idle*Pos+*Pos-*Sync+*Sync-"	"Idle*Pos+*Pos-*Sync+*Sync-"	"Idle*Pos+*Pos-*Sync+*Sync-"	"Idle*Pos+*Pos-*Sync+*Sync-"	"Idle*Pos+*Pos-*Sync+*Sync-"	
"0x2308 'Room14\Room14.Vlv3'"	"0x1100"	"Vlv3"	"Vlv3"	"Vlv3"	"Vlv3"	"Vlv3"	"Vlv3"	"Vlv3"	"Vlv3"	
"0x2308 'Room14\Room14.Vlv3'"	"0x010D"	"Room14.Vlv3"	"Room14.Vlv3"	"Room14.Vlv3"	"Room14.Vlv3"	"Room14.Vlv3"	"Room14.Vlv3"	"Room14.Vlv3"	"Room14.Vlv3"	
"0x2304 'Room14\Room14.Vlv3.RefIO'"	"0x1100"	"RefIO"	"RefIO"	"RefIO"	"RefIO"	"RefIO"	"RefIO"	"RefIO"	"RefIO"	
"0x2304 'Room14\Room14.Vlv3.RefIO'"	"0x010D"	"Room14.Vlv3.RefIO"	"Room14.Vlv3.RefIO"	"Room14.Vlv3.RefIO"	"Room14.Vlv3.RefIO"	"Room14.Vlv3.RefIO"	"Room14.Vlv3.RefIO"	"Room14.Vlv3.RefIO"	"Room14.Vlv3.RefIO"	
"0x2206 'Room14\Room14.Vlv3.Cmd'"	"0x1100"	"Cmd"	"Cmd"	"Cmd"	"Cmd"	"Cmd"	"Cmd"	"Cmd"	"Cmd"	
"0x2206 'Room14\Room14.Vlv3.Cmd'"	"0x010D"	"Room14.Vlv3.Cmd"	"Room14.Vlv3.Cmd"	"Room14.Vlv3.Cmd"	"Room14.Vlv3.Cmd"	"Room14.Vlv3.Cmd"	"Room14.Vlv3.Cmd"	"Room14.Vlv3.Cmd"	"Room14.Vlv3.Cmd"	
"0x2206 'Room14\Room14.Vlv3.Cmd'"	"0x1102"	"%"	"%"	"%"	"%"	"%"	"%"	"%"	"%"	
"0x2206 'Room14\Room14.Vlv3.Cmd'"	"0x1214"	"%"	"%"	"%"	"%"	"%"	"%"	"%"	"%"	
"0x2310 'Room14\Room14.Vlv3.Pos'"	"0x1100"	"Pos"	"Pos"	"Pos"	"Pos"	"Pos"	"Pos"	"Pos"	"Pos"	
"0x2310 'Room14\Room14.Vlv3.Pos'"	"0x010D"	"Room14.Vlv3.Pos"	"Room14.Vlv3.Pos"	"Room14.Vlv3.Pos"	"Room14.Vlv3.Pos"	"Room14.Vlv3.Pos"	"Room14.Vlv3.Pos"	"Room14.Vlv3.Pos"	"Room14.Vlv3.Pos"	
"0x2310 'Room14\Room14.Vlv3.Pos'"	"0x1101"	"Idle*Pos+*Pos-*Sync+*Sync-"	"Idle*Pos+*Pos-*Sync+*Sync-"	"Idle*Pos+*Pos-*Sync+*Sync-"	"Idle*Pos+*Pos-*Sync+*Sync-"	"Idle*Pos+*Pos-*Sync+*Sync-"	"Idle*Pos+*Pos-*Sync+*Sync-"	"Idle*Pos+*Pos-*Sync+*Sync-"	"Idle*Pos+*Pos-*Sync+*Sync-"	
"0x2308 'Room14\Room14.Vlv4'"	"0x1100"	"Vlv4"	"Vlv4"	"Vlv4"	"Vlv4"	"Vlv4"	"Vlv4"	"Vlv4"	"Vlv4"	
"0x2308 'Room14\Room14.Vlv4'"	"0x010D"	"Room14.Vlv4"	"Room14.Vlv4"	"Room14.Vlv4"	"Room14.Vlv4"	"Room14.Vlv4"	"Room14.Vlv4"	"Room14.Vlv4"	"Room14.Vlv4"	
"0x2304 'Room14\Room14.Vlv4.RefIO'"	"0x1100"	"RefIO"	"RefIO"	"RefIO"	"RefIO"	"RefIO"	"RefIO"	"RefIO"	"RefIO"	
"0x2304 'Room14\Room14.Vlv4.RefIO'"	"0x010D"	"Room14.Vlv4.RefIO"	"Room14.Vlv4.RefIO"	"Room14.Vlv4.RefIO"	"Room14.Vlv4.RefIO"	"Room14.Vlv4.RefIO"	"Room14.Vlv4.RefIO"	"Room14.Vlv4.RefIO"	"Room14.Vlv4.RefIO"	
"0x2206 'Room14\Room14.Vlv4.Cmd'"	"0x1100"	"Cmd"	"Cmd"	"Cmd"	"Cmd"	"Cmd"	"Cmd"	"Cmd"	"Cmd"	
"0x2206 'Room14\Room14.Vlv4.Cmd'"	"0x010D"	"Room14.Vlv4.Cmd"	"Room14.Vlv4.Cmd"	"Room14.Vlv4.Cmd"	"Room14.Vlv4.Cmd"	"Room14.Vlv4.Cmd"	"Room14.Vlv4.Cmd"	"Room14.Vlv4.Cmd"	"Room14.Vlv4.Cmd"	
"0x2206 'Room14\Room14.Vlv4.Cmd'"	"0x1102"	"%"	"%"	"%"	"%"	"%"	"%"	"%"	"%"	
"0x2206 'Room14\Room14.Vlv4.Cmd'"	"0x1214"	"%"	"%"	"%"	"%"	"%"	"%"	"%"	"%"	
"0x2310 'Room14\Room14.Vlv4.Pos'"	"0x1100"	"Pos"	"Pos"	"Pos"	"Pos"	"Pos"	"Pos"	"Pos"	"Pos"	
"0x2310 'Room14\Room14.Vlv4.Pos'"	"0x010D"	"Room14.Vlv4.Pos"	"Room14.Vlv4.Pos"	"Room14.Vlv4.Pos"	"Room14.Vlv4.Pos"	"Room14.Vlv4.Pos"	"Room14.Vlv4.Pos"	"Room14.Vlv4.Pos"	"Room14.Vlv4.Pos"	
"0x2310 'Room14\Room14.Vlv4.Pos'"	"0x1101"	"Idle*Pos+*Pos-*Sync+*Sync-"	"Idle*Pos+*Pos-*Sync+*Sync-"	"Idle*Pos+*Pos-*Sync+*Sync-"	"Idle*Pos+*Pos-*Sync+*Sync-"	"Idle*Pos+*Pos-*Sync+*Sync-"	"Idle*Pos+*Pos-*Sync+*Sync-"	"Idle*Pos+*Pos-*Sync+*Sync-"	"Idle*Pos+*Pos-*Sync+*Sync-"	
"0x2304 'Room14\Room14.Ime'"	"0x1100"	"Ime"	"Ime"	"Ime"	"Ime"	"Ime"	"Ime"	"Ime"	"Ime"	
"0x2304 'Room14\Room14.Ime'"	"0x010D"	"Room14.Ime"	"Room14.Ime"	"Room14.Ime"	"Room14.Ime"	"Room14.Ime"	"Room14.Ime"	"Room14.Ime"	"Room14.Ime"	
"0x2309 '0x031D\Room15'"	"0x1100"	"Room15"	"Room15"	"Room15"	"Room15"	"Room15"	"Room15"	"Room15"	"Room15"	
"0x2309 '0x031D\Room15'"	"0x010D"	"Room15"	"Room15"	"Room15"	"Room15"	"Room15"	"Room15"	"Room15"	"Room15"	
"0x2308 'Room15\Room15.TR'"	"0x1100"	"TR"	"TR"	"TR"	"TR"	"TR"	"TR"	"TR"	"TR"	
"0x2308 'Room15\Room15.TR'"	"0x010D"	"Room15.TR"	"Room15.TR"	"Room15.TR"	"Room15.TR"	"Room15.TR"	"Room15.TR"	"Room15.TR"	"Room15.TR"	
"0x2300 'Room15\Room15.TR.SpTiCom'"	"0x1100"	"SpTiCom"	"SpTiCom"	"SpTiCom"	"SpTiCom"	"SpTiCom"	"SpTiCom"	"SpTiCom"	"SpTiCom"	
"0x2300 'Room15\Room15.TR.SpTiCom'"	"0x010D"	"Room15.TR.SpTiCom"	"Room15.TR.SpTiCom"	"Room15.TR.SpTiCom"	"Room15.TR.SpTiCom"	"Room15.TR.SpTiCom"	"Room15.TR.SpTiCom"	"Room15.TR.SpTiCom"	"Room15.TR.SpTiCom"	
"0x2300 'Room15\Room15.TR.SpTiCom'"	"0x1102"	"s"	"s"	"s"	"s"	"s"	"s"	"s"	"s"	
"0x2203 'Room15\Room15.TR.Val'"	"0x1100"	"Val"	"Val"	"Val"	"Val"	"Val"	"Val"	"Val"	"Val"	
"0x2203 'Room15\Room15.TR.Val'"	"0x010D"	"Room15.TR.Val"	"Room15.TR.Val"	"Room15.TR.Val"	"Room15.TR.Val"	"Room15.TR.Val"	"Room15.TR.Val"	"Room15.TR.Val"	"Room15.TR.Val"	
"0x2203 'Room15\Room15.TR.Val'"	"0x1102"	"°C"	"°C"	"°C"	"°C"	"°C"	"°C"	"°C"	"°C"	
"0x2203 'Room15\Room15.TR.Val'"	"0x1214"	"dK"	"dK"	"dK"	"dK"	"dK"	"dK"	"dK"	"dK"	
"0x2308 'Room15\Room15.CndMon2'"	"0x1100"	"CndMon2"	"CndMon2"	"CndMon2"	"CndMon2"	"CndMon2"	"CndMon2"	"CndMon2"	"CndMon2"	
"0x2308 'Room15\Room15.CndMon2'"	"0x010D"	"Room15.CndMon2"	"Room15.CndMon2"	"Room15.CndMon2"	"Room15.CndMon2"	"Room15.CndMon2"	"Room15.CndMon2"	"Room15.CndMon2"	"Room15.CndMon2"	
"0x2304 'Room15\Room15.CndMon2.RefIO'"	"0x1100"	"RefIO"	"RefIO"	"RefIO"	"RefIO"	"RefIO"	"RefIO"	"RefIO"	"RefIO"	
"0x2304 'Room15\Room15.CndMon2.RefIO'"	"0x010D"	"Room15.CndMon2.RefIO"	"Room15.CndMon2.RefIO"	"Room15.CndMon2.RefIO"	"Room15.CndMon2.RefIO"	"Room15.CndMon2.RefIO"	"Room15.CndMon2.RefIO"	"Room15.CndMon2.RefIO"	"Room15.CndMon2.RefIO"	
"0x2204 'Room15\Room15.CndMon2.Val'"	"0x1100"	"Val"	"Val"	"Val"	"Val"	"Val"	"Val"	"Val"	"Val"	
"0x2204 'Room15\Room15.CndMon2.Val'"	"0x010D"	"Room15.CndMon2.Val"	"Room15.CndMon2.Val"	"Room15.CndMon2.Val"	"Room15.CndMon2.Val"	"Room15.CndMon2.Val"	"Room15.CndMon2.Val"	"Room15.CndMon2.Val"	"Room15.CndMon2.Val"	
"0x2204 'Room15\Room15.CndMon2.Val'"	"0x1101"	"Passive*Active*Null"	"Passive*Active*Null"	"Passive*Active*Null"	"Passive*Active*Null"	"Passive*Active*Null"	"Passive*Active*Null"	"Passive*Active*Null"	"Passive*Active*Null"	
"0x2308 'Room15\Room15.CndMon'"	"0x1100"	"CndMon"	"CndMon"	"CndMon"	"CndMon"	"CndMon"	"CndMon"	"CndMon"	"CndMon"	
"0x2308 'Room15\Room15.CndMon'"	"0x010D"	"Room15.CndMon"	"Room15.CndMon"	"Room15.CndMon"	"Room15.CndMon"	"Room15.CndMon"	"Room15.CndMon"	"Room15.CndMon"	"Room15.CndMon"	
"0x2304 'Room15\Room15.CndMon.RefIO'"	"0x1100"	"RefIO"	"RefIO"	"RefIO"	"RefIO"	"RefIO"	"RefIO"	"RefIO"	"RefIO"	
"0x2304 'Room15\Room15.CndMon.RefIO'"	"0x010D"	"Room15.CndMon.RefIO"	"Room15.CndMon.RefIO"	"Room15.CndMon.RefIO"	"Room15.CndMon.RefIO"	"Room15.CndMon.RefIO"	"Room15.CndMon.RefIO"	"Room15.CndMon.RefIO"	"Room15.CndMon.RefIO"	
"0x2204 'Room15\Room15.CndMon.Val'"	"0x1100"	"Val"	"Val"	"Val"	"Val"	"Val"	"Val"	"Val"	"Val"	
"0x2204 'Room15\Room15.CndMon.Val'"	"0x010D"	"Room15.CndMon.Val"	"Room15.CndMon.Val"	"Room15.CndMon.Val"	"Room15.CndMon.Val"	"Room15.CndMon.Val"	"Room15.CndMon.Val"	"Room15.CndMon.Val"	"Room15.CndMon.Val"	
"0x2204 'Room15\Room15.CndMon.Val'"	"0x1101"	"Passive*Active*Null"	"Passive*Active*Null"	"Passive*Active*Null"	"Passive*Active*Null"	"Passive*Active*Null"	"Passive*Active*Null"	"Passive*Active*Null"	"Passive*Active*Null"	
"0x2308 'Room15\Room15.CndMon3'"	"0x1100"	"CndMon3"	"CndMon3"	"CndMon3"	"CndMon3"	"CndMon3"	"CndMon3"	"CndMon3"	"CndMon3"	
"0x2308 'Room15\Room15.CndMon3'"	"0x010D"	"Room15.CndMon3"	"Room15.CndMon3"	"Room15.CndMon3"	"Room15.CndMon3"	"Room15.CndMon3"	"Room15.CndMon3"	"Room15.CndMon3"	"Room15.CndMon3"	
"0x2304 'Room15\Room15.CndMon3.RefIO'"	"0x1100"	"RefIO"	"RefIO"	"RefIO"	"RefIO"	"RefIO"	"RefIO"	"RefIO"	"RefIO"	
"0x2304 'Room15\Room15.CndMon3.RefIO'"	"0x010D"	"Room15.CndMon3.RefIO"	"Room15.CndMon3.RefIO"	"Room15.CndMon3.RefIO"	"Room15.CndMon3.RefIO"	"Room15.CndMon3.RefIO"	"Room15.CndMon3.RefIO"	"Room15.CndMon3.RefIO"	"Room15.CndMon3.RefIO"	
"0x2204 'Room15\Room15.CndMon3.Val'"	"0x1100"	"Val"	"Val"	"Val"	"Val"	"Val"	"Val"	"Val"	"Val"	
"0x2204 'Room15\Room15.CndMon3.Val'"	"0x010D"	"Room15.CndMon3.Val"	"Room15.CndMon3.Val"	"Room15.CndMon3.Val"	"Room15.CndMon3.Val"	"Room15.CndMon3.Val"	"Room15.CndMon3.Val"	"Room15.CndMon3.Val"	"Room15.CndMon3.Val"	
"0x2204 'Room15\Room15.CndMon3.Val'"	"0x1101"	"Passive*Active*Null"	"Passive*Active*Null"	"Passive*Active*Null"	"Passive*Active*Null"	"Passive*Active*Null"	"Passive*Active*Null"	"Passive*Active*Null"	"Passive*Active*Null"	
"0x2308 'Room15\Room15.CndMon4'"	"0x1100"	"CndMon4"	"CndMon4"	"CndMon4"	"CndMon4"	"CndMon4"	"CndMon4"	"CndMon4"	"CndMon4"	
"0x2308 'Room15\Room15.CndMon4'"	"0x010D"	"Room15.CndMon4"	"Room15.CndMon4"	"Room15.CndMon4"	"Room15.CndMon4"	"Room15.CndMon4"	"Room15.CndMon4"	"Room15.CndMon4"	"Room15.CndMon4"	
"0x2304 'Room15\Room15.CndMon4.RefIO'"	"0x1100"	"RefIO"	"RefIO"	"RefIO"	"RefIO"	"RefIO"	"RefIO"	"RefIO"	"RefIO"	
"0x2304 'Room15\Room15.CndMon4.RefIO'"	"0x010D"	"Room15.CndMon4.RefIO"	"Room15.CndMon4.RefIO"	"Room15.CndMon4.RefIO"	"Room15.CndMon4.RefIO"	"Room15.CndMon4.RefIO"	"Room15.CndMon4.RefIO"	"Room15.CndMon4.RefIO"	"Room15.CndMon4.RefIO"	
"0x2204 'Room15\Room15.CndMon4.Val'"	"0x1100"	"Val"	"Val"	"Val"	"Val"	"Val"	"Val"	"Val"	"Val"	
"0x2204 'Room15\Room15.CndMon4.Val'"	"0x010D"	"Room15.CndMon4.Val"	"Room15.CndMon4.Val"	"Room15.CndMon4.Val"	"Room15.CndMon4.Val"	"Room15.CndMon4.Val"	"Room15.CndMon4.Val"	"Room15.CndMon4.Val"	"Room15.CndMon4.Val"	
"0x2204 'Room15\Room15.CndMon4.Val'"	"0x1101"	"Passive*Active*Null"	"Passive*Active*Null"	"Passive*Active*Null"	"Passive*Active*Null"	"Passive*Active*Null"	"Passive*Active*Null"	"Passive*Active*Null"	"Passive*Active*Null"	
"0x2302 'Room15\Room15.OpModMan'"	"0x1100"	"OpModMan"	"OpModMan"	"OpModMan"	"OpModMan"	"OpModMan"	"OpModMan"	"OpModMan"	"OpModMan"	
"0x2302 'Room15\Room15.OpModMan'"	"0x010D"	"Room15.OpModMan"	"Room15.OpModMan"	"Room15.OpModMan"	"Room15.OpModMan"	"Room15.OpModMan"	"Room15.OpModMan"	"Room15.OpModMan"	"Room15.OpModMan"	
"0x2302 'Room15\Room15.OpModMan'"	"0x1101"	"Prt*Eco*Cmf*Auto"	"Prt*Eco*Cmf*Auto"	"Prt*Eco*Cmf*Auto"	"Prt*Eco*Cmf*Auto"	"Prt*Eco*Cmf*Auto"	"Prt*Eco*Cmf*Auto"	"Prt*Eco*Cmf*Auto"	"Prt*Eco*Cmf*Auto"	
"0x2302 'Room15\Room15.ShedSel'"	"0x1100"	"ShedSel"	"ShedSel"	"ShedSel"	"ShedSel"	"ShedSel"	"ShedSel"	"ShedSel"	"ShedSel"	
"0x2302 'Room15\Room15.ShedSel'"	"0x010D"	"Room15.ShedSel"	"Room15.ShedSel"	"Room15.ShedSel"	"Room15.ShedSel"	"Room15.ShedSel"	"Room15.ShedSel"	"Room15.ShedSel"	"Room15.ShedSel"	
"0x2302 'Room15\Room15.ShedSel'"	"0x1101"	"TSP_1*TSP_2*TSP_3"	"TSP_1*TSP_2*TSP_3"	"TSP_1*TSP_2*TSP_3"	"TSP_1*TSP_2*TSP_3"	"TSP_1*TSP_2*TSP_3"	"TSP_1*TSP_2*TSP_3"	"TSP_1*TSP_2*TSP_3"	"TSP_1*TSP_2*TSP_3"	
"0x2300 'Room15\Room15.SpTRPrt'"	"0x1100"	"SpTRPrt"	"SpTRPrt"	"SpTRPrt"	"SpTRPrt"	"SpTRPrt"	"SpTRPrt"	"SpTRPrt"	"SpTRPrt"	
"0x2300 'Room15\Room15.SpTRPrt'"	"0x010D"	"Room15.SpTRPrt"	"Room15.SpTRPrt"	"Room15.SpTRPrt"	"Room15.SpTRPrt"	"Room15.SpTRPrt"	"Room15.SpTRPrt"	"Room15.SpTRPrt"	"Room15.SpTRPrt"	
"0x2300 'Room15\Room15.SpTRPrt'"	"0x1102"	"°C"	"°C"	"°C"	"°C"	"°C"	"°C"	"°C"	"°C"	
"0x2300 'Room15\Room15.SpTREco'"	"0x1100"	"SpTREco"	"SpTREco"	"SpTREco"	"SpTREco"	"SpTREco"	"SpTREco"	"SpTREco"	"SpTREco"	
"0x2300 'Room15\Room15.SpTREco'"	"0x010D"	"Room15.SpTREco"	"Room15.SpTREco"	"Room15.SpTREco"	"Room15.SpTREco"	"Room15.SpTREco"	"Room15.SpTREco"	"Room15.SpTREco"	"Room15.SpTREco"	
"0x2300 'Room15\Room15.SpTREco'"	"0x1102"	"°C"	"°C"	"°C"	"°C"	"°C"	"°C"	"°C"	"°C"	
"0x2300 'Room15\Room15.SpTRCmf'"	"0x1100"	"SpTRCmf"	"SpTRCmf"	"SpTRCmf"	"SpTRCmf"	"SpTRCmf"	"SpTRCmf"	"SpTRCmf"	"SpTRCmf"	
"0x2300 'Room15\Room15.SpTRCmf'"	"0x010D"	"Room15.SpTRCmf"	"Room15.SpTRCmf"	"Room15.SpTRCmf"	"Room15.SpTRCmf"	"Room15.SpTRCmf"	"Room15.SpTRCmf"	"Room15.SpTRCmf"	"Room15.SpTRCmf"	
"0x2300 'Room15\Room15.SpTRCmf'"	"0x1102"	"°C"	"°C"	"°C"	"°C"	"°C"	"°C"	"°C"	"°C"	
"0x2202 'Room15\Room15.PltMod'"	"0x1100"	"PltMod"	"PltMod"	"PltMod"	"PltMod"	"PltMod"	"PltMod"	"PltMod"	"PltMod"	
"0x2202 'Room15\Room15.PltMod'"	"0x010D"	"Room15.PltMod"	"Room15.PltMod"	"Room15.PltMod"	"Room15.PltMod"	"Room15.PltMod"	"Room15.PltMod"	"Room15.PltMod"	"Room15.PltMod"	
"0x2202 'Room15\Room15.PltMod'"	"0x1101"	"Null*Auto*Off*Ctl*Flt"	"Null*Auto*Off*Ctl*Flt"	"Null*Auto*Off*Ctl*Flt"	"Null*Auto*Off*Ctl*Flt"	"Null*Auto*Off*Ctl*Flt"	"Null*Auto*Off*Ctl*Flt"	"Null*Auto*Off*Ctl*Flt"	"Null*Auto*Off*Ctl*Flt"	
"0x2308 'Room15\Room15.VlvCtl'"	"0x1100"	"VlvCtl"	"VlvCtl"	"VlvCtl"	"VlvCtl"	"VlvCtl"	"VlvCtl"	"VlvCtl"	"VlvCtl"	
"0x2308 'Room15\Room15.VlvCtl'"	"0x010D"	"Room15.VlvCtl"	"Room15.VlvCtl"	"Room15.VlvCtl"	"Room15.VlvCtl"	"Room15.VlvCtl"	"Room15.VlvCtl"	"Room15.VlvCtl"	"Room15.VlvCtl"	
"0x2202 'Room15\Room15.VlvCtl.AggrMod'"	"0x1100"	"AggrMod"	"AggrMod"	"AggrMod"	"AggrMod"	"AggrMod"	"AggrMod"	"AggrMod"	"AggrMod"	
"0x2202 'Room15\Room15.VlvCtl.AggrMod'"	"0x010D"	"Room15.VlvCtl.AggrMod"	"Room15.VlvCtl.AggrMod"	"Room15.VlvCtl.AggrMod"	"Room15.VlvCtl.AggrMod"	"Room15.VlvCtl.AggrMod"	"Room15.VlvCtl.AggrMod"	"Room15.VlvCtl.AggrMod"	"Room15.VlvCtl.AggrMod"	
"0x2202 'Room15\Room15.VlvCtl.AggrMod'"	"0x1101"	"Auto*Off*On*Dmd*Loop*Low*High*Swi*Last*LoopDmd"	"Auto*Off*On*Dmd*Loop*Low*High*Swi*Last*LoopDmd"	"Auto*Off*On*Dmd*Loop*Low*High*Swi*Last*LoopDmd"	"Auto*Off*On*Dmd*Loop*Low*High*Swi*Last*LoopDmd"	"Auto*Off*On*Dmd*Loop*Low*High*Swi*Last*LoopDmd"	"Auto*Off*On*Dmd*Loop*Low*High*Swi*Last*LoopDmd"	"Auto*Off*On*Dmd*Loop*Low*High*Swi*Last*LoopDmd"	"Auto*Off*On*Dmd*Loop*Low*High*Swi*Last*LoopDmd"	
"0x2300 'Room15\Room15.VlvCtl.Low'"	"0x1100"	"Low"	"Low"	"Low"	"Low"	"Low"	"Low"	"Low"	"Low"	
"0x2300 'Room15\Room15.VlvCtl.Low'"	"0x010D"	"Room15.VlvCtl.Low"	"Room15.VlvCtl.Low"	"Room15.VlvCtl.Low"	"Room15.VlvCtl.Low"	"Room15.VlvCtl.Low"	"Room15.VlvCtl.Low"	"Room15.VlvCtl.Low"	"Room15.VlvCtl.Low"	
"0x2300 'Room15\Room15.VlvCtl.Low'"	"0x1102"	"%"	"%"	"%"	"%"	"%"	"%"	"%"	"%"	
"0x2300 'Room15\Room15.VlvCtl.High'"	"0x1100"	"High"	"High"	"High"	"High"	"High"	"High"	"High"	"High"	
"0x2300 'Room15\Room15.VlvCtl.High'"	"0x010D"	"Room15.VlvCtl.High"	"Room15.VlvCtl.High"	"Room15.VlvCtl.High"	"Room15.VlvCtl.High"	"Room15.VlvCtl.High"	"Room15.VlvCtl.High"	"Room15.VlvCtl.High"	"Room15.VlvCtl.High"	
"0x2300 'Room15\Room15.VlvCtl.High'"	"0x1102"	"%"	"%"	"%"	"%"	"%"	"%"	"%"	"%"	
"0x2300 'Room15\Room15.VlvCtl.TiDly'"	"0x1100"	"TiDly"	"TiDly"	"TiDly"	"TiDly"	"TiDly"	"TiDly"	"TiDly"	"TiDly"	
"0x2300 'Room15\Room15.VlvCtl.TiDly'"	"0x010D"	"Room15.VlvCtl.TiDly"	"Room15.VlvCtl.TiDly"	"Room15.VlvCtl.TiDly"	"Room15.VlvCtl.TiDly"	"Room15.VlvCtl.TiDly"	"Room15.VlvCtl.TiDly"	"Room15.VlvCtl.TiDly"	"Room15.VlvCtl.TiDly"	
"0x2300 'Room15\Room15.VlvCtl.TiDly'"	"0x1102"	"s"	"s"	"s"	"s"	"s"	"s"	"s"	"s"	
"0x2300 'Room15\Room15.VlvCtl.SwiOn'"	"0x1100"	"SwiOn"	"SwiOn"	"SwiOn"	"SwiOn"	"SwiOn"	"SwiOn"	"SwiOn"	"SwiOn"	
"0x2300 'Room15\Room15.VlvCtl.SwiOn'"	"0x010D"	"Room15.VlvCtl.SwiOn"	"Room15.VlvCtl.SwiOn"	"Room15.VlvCtl.SwiOn"	"Room15.VlvCtl.SwiOn"	"Room15.VlvCtl.SwiOn"	"Room15.VlvCtl.SwiOn"	"Room15.VlvCtl.SwiOn"	"Room15.VlvCtl.SwiOn"	
"0x2300 'Room15\Room15.VlvCtl.SwiOn'"	"0x1102"	"%"	"%"	"%"	"%"	"%"	"%"	"%"	"%"	
"0x2300 'Room15\Room15.VlvCtl.SwiOff'"	"0x1100"	"SwiOff"	"SwiOff"	"SwiOff"	"SwiOff"	"SwiOff"	"SwiOff"	"SwiOff"	"SwiOff"	
"0x2300 'Room15\Room15.VlvCtl.SwiOff'"	"0x010D"	"Room15.VlvCtl.SwiOff"	"Room15.VlvCtl.SwiOff"	"Room15.VlvCtl.SwiOff"	"Room15.VlvCtl.SwiOff"	"Room15.VlvCtl.SwiOff"	"Room15.VlvCtl.SwiOff"	"Room15.VlvCtl.SwiOff"	"Room15.VlvCtl.SwiOff"	
"0x2300 'Room15\Room15.VlvCtl.SwiOff'"	"0x1102"	"%"	"%"	"%"	"%"	"%"	"%"	"%"	"%"	
"0x2305 'Room15\Room15.VlvCtl.Ctl'"	"0x1100"	"Ctl"	"Ctl"	"Ctl"	"Ctl"	"Ctl"	"Ctl"	"Ctl"	"Ctl"	
"0x2305 'Room15\Room15.VlvCtl.Ctl'"	"0x010D"	"Room15.VlvCtl.Ctl"	"Room15.VlvCtl.Ctl"	"Room15.VlvCtl.Ctl"	"Room15.VlvCtl.Ctl"	"Room15.VlvCtl.Ctl"	"Room15.VlvCtl.Ctl"	"Room15.VlvCtl.Ctl"	"Room15.VlvCtl.Ctl"	
"0x2305 'Room15\Room15.VlvCtl.Ctl'"	"0x1102"	"°C"	"°C"	"°C"	"°C"	"°C"	"°C"	"°C"	"°C"	
"0x2305 'Room15\Room15.VlvCtl.Ctl'"	"0x1200"	"GESP*OG*UG*REG*Y-NV*UDEF"	"GESP*OG*UG*REG*Y-NV*UDEF"	"GESP*OG*UG*REG*Y-NV*UDEF"	"GESP*OG*UG*REG*Y-NV*UDEF"	"GESP*OG*UG*REG*Y-NV*UDEF"	"GESP*OG*UG*REG*Y-NV*UDEF"	"GESP*OG*UG*REG*Y-NV*UDEF"	"GESP*OG*UG*REG*Y-NV*UDEF"	
"0x2308 'Room15\Room15.Vlv2'"	"0x1100"	"Vlv2"	"Vlv2"	"Vlv2"	"Vlv2"	"Vlv2"	"Vlv2"	"Vlv2"	"Vlv2"	
"0x2308 'Room15\Room15.Vlv2'"	"0x010D"	"Room15.Vlv2"	"Room15.Vlv2"	"Room15.Vlv2"	"Room15.Vlv2"	"Room15.Vlv2"	"Room15.Vlv2"	"Room15.Vlv2"	"Room15.Vlv2"	
"0x2304 'Room15\Room15.Vlv2.RefIO'"	"0x1100"	"RefIO"	"RefIO"	"RefIO"	"RefIO"	"RefIO"	"RefIO"	"RefIO"	"RefIO"	
"0x2304 'Room15\Room15.Vlv2.RefIO'"	"0x010D"	"Room15.Vlv2.RefIO"	"Room15.Vlv2.RefIO"	"Room15.Vlv2.RefIO"	"Room15.Vlv2.RefIO"	"Room15.Vlv2.RefIO"	"Room15.Vlv2.RefIO"	"Room15.Vlv2.RefIO"	"Room15.Vlv2.RefIO"	
"0x2206 'Room15\Room15.Vlv2.Cmd'"	"0x1100"	"Cmd"	"Cmd"	"Cmd"	"Cmd"	"Cmd"	"Cmd"	"Cmd"	"Cmd"	
"0x2206 'Room15\Room15.Vlv2.Cmd'"	"0x010D"	"Room15.Vlv2.Cmd"	"Room15.Vlv2.Cmd"	"Room15.Vlv2.Cmd"	"Room15.Vlv2.Cmd"	"Room15.Vlv2.Cmd"	"Room15.Vlv2.Cmd"	"Room15.Vlv2.Cmd"	"Room15.Vlv2.Cmd"	
"0x2206 'Room15\Room15.Vlv2.Cmd'"	"0x1102"	"%"	"%"	"%"	"%"	"%"	"%"	"%"	"%"	
"0x2206 'Room15\Room15.Vlv2.Cmd'"	"0x1214"	"%"	"%"	"%"	"%"	"%"	"%"	"%"	"%"	
"0x2310 'Room15\Room15.Vlv2.Pos'"	"0x1100"	"Pos"	"Pos"	"Pos"	"Pos"	"Pos"	"Pos"	"Pos"	"Pos"	
"0x2310 'Room15\Room15.Vlv2.Pos'"	"0x010D"	"Room15.Vlv2.Pos"	"Room15.Vlv2.Pos"	"Room15.Vlv2.Pos"	"Room15.Vlv2.Pos"	"Room15.Vlv2.Pos"	"Room15.Vlv2.Pos"	"Room15.Vlv2.Pos"	"Room15.Vlv2.Pos"	
"0x2310 'Room15\Room15.Vlv2.Pos'"	"0x1101"	"Idle*Pos+*Pos-*Sync+*Sync-"	"Idle*Pos+*Pos-*Sync+*Sync-"	"Idle*Pos+*Pos-*Sync+*Sync-"	"Idle*Pos+*Pos-*Sync+*Sync-"	"Idle*Pos+*Pos-*Sync+*Sync-"	"Idle*Pos+*Pos-*Sync+*Sync-"	"Idle*Pos+*Pos-*Sync+*Sync-"	"Idle*Pos+*Pos-*Sync+*Sync-"	
"0x2308 'Room15\Room15.Vlv'"	"0x1100"	"Vlv"	"Vlv"	"Vlv"	"Vlv"	"Vlv"	"Vlv"	"Vlv"	"Vlv"	
"0x2308 'Room15\Room15.Vlv'"	"0x010D"	"Room15.Vlv"	"Room15.Vlv"	"Room15.Vlv"	"Room15.Vlv"	"Room15.Vlv"	"Room15.Vlv"	"Room15.Vlv"	"Room15.Vlv"	
"0x2304 'Room15\Room15.Vlv.RefIO'"	"0x1100"	"RefIO"	"RefIO"	"RefIO"	"RefIO"	"RefIO"	"RefIO"	"RefIO"	"RefIO"	
"0x2304 'Room15\Room15.Vlv.RefIO'"	"0x010D"	"Room15.Vlv.RefIO"	"Room15.Vlv.RefIO"	"Room15.Vlv.RefIO"	"Room15.Vlv.RefIO"	"Room15.Vlv.RefIO"	"Room15.Vlv.RefIO"	"Room15.Vlv.RefIO"	"Room15.Vlv.RefIO"	
"0x2206 'Room15\Room15.Vlv.Cmd'"	"0x1100"	"Cmd"	"Cmd"	"Cmd"	"Cmd"	"Cmd"	"Cmd"	"Cmd"	"Cmd"	
"0x2206 'Room15\Room15.Vlv.Cmd'"	"0x010D"	"Room15.Vlv.Cmd"	"Room15.Vlv.Cmd"	"Room15.Vlv.Cmd"	"Room15.Vlv.Cmd"	"Room15.Vlv.Cmd"	"Room15.Vlv.Cmd"	"Room15.Vlv.Cmd"	"Room15.Vlv.Cmd"	
"0x2206 'Room15\Room15.Vlv.Cmd'"	"0x1102"	"%"	"%"	"%"	"%"	"%"	"%"	"%"	"%"	
"0x2206 'Room15\Room15.Vlv.Cmd'"	"0x1214"	"%"	"%"	"%"	"%"	"%"	"%"	"%"	"%"	
"0x2310 'Room15\Room15.Vlv.Pos'"	"0x1100"	"Pos"	"Pos"	"Pos"	"Pos"	"Pos"	"Pos"	"Pos"	"Pos"	
"0x2310 'Room15\Room15.Vlv.Pos'"	"0x010D"	"Room15.Vlv.Pos"	"Room15.Vlv.Pos"	"Room15.Vlv.Pos"	"Room15.Vlv.Pos"	"Room15.Vlv.Pos"	"Room15.Vlv.Pos"	"Room15.Vlv.Pos"	"Room15.Vlv.Pos"	
"0x2310 'Room15\Room15.Vlv.Pos'"	"0x1101"	"Idle*Pos+*Pos-*Sync+*Sync-"	"Idle*Pos+*Pos-*Sync+*Sync-"	"Idle*Pos+*Pos-*Sync+*Sync-"	"Idle*Pos+*Pos-*Sync+*Sync-"	"Idle*Pos+*Pos-*Sync+*Sync-"	"Idle*Pos+*Pos-*Sync+*Sync-"	"Idle*Pos+*Pos-*Sync+*Sync-"	"Idle*Pos+*Pos-*Sync+*Sync-"	
"0x2308 'Room15\Room15.Vlv3'"	"0x1100"	"Vlv3"	"Vlv3"	"Vlv3"	"Vlv3"	"Vlv3"	"Vlv3"	"Vlv3"	"Vlv3"	
"0x2308 'Room15\Room15.Vlv3'"	"0x010D"	"Room15.Vlv3"	"Room15.Vlv3"	"Room15.Vlv3"	"Room15.Vlv3"	"Room15.Vlv3"	"Room15.Vlv3"	"Room15.Vlv3"	"Room15.Vlv3"	
"0x2304 'Room15\Room15.Vlv3.RefIO'"	"0x1100"	"RefIO"	"RefIO"	"RefIO"	"RefIO"	"RefIO"	"RefIO"	"RefIO"	"RefIO"	
"0x2304 'Room15\Room15.Vlv3.RefIO'"	"0x010D"	"Room15.Vlv3.RefIO"	"Room15.Vlv3.RefIO"	"Room15.Vlv3.RefIO"	"Room15.Vlv3.RefIO"	"Room15.Vlv3.RefIO"	"Room15.Vlv3.RefIO"	"Room15.Vlv3.RefIO"	"Room15.Vlv3.RefIO"	
"0x2206 'Room15\Room15.Vlv3.Cmd'"	"0x1100"	"Cmd"	"Cmd"	"Cmd"	"Cmd"	"Cmd"	"Cmd"	"Cmd"	"Cmd"	
"0x2206 'Room15\Room15.Vlv3.Cmd'"	"0x010D"	"Room15.Vlv3.Cmd"	"Room15.Vlv3.Cmd"	"Room15.Vlv3.Cmd"	"Room15.Vlv3.Cmd"	"Room15.Vlv3.Cmd"	"Room15.Vlv3.Cmd"	"Room15.Vlv3.Cmd"	"Room15.Vlv3.Cmd"	
"0x2206 'Room15\Room15.Vlv3.Cmd'"	"0x1102"	"%"	"%"	"%"	"%"	"%"	"%"	"%"	"%"	
"0x2206 'Room15\Room15.Vlv3.Cmd'"	"0x1214"	"%"	"%"	"%"	"%"	"%"	"%"	"%"	"%"	
"0x2310 'Room15\Room15.Vlv3.Pos'"	"0x1100"	"Pos"	"Pos"	"Pos"	"Pos"	"Pos"	"Pos"	"Pos"	"Pos"	
"0x2310 'Room15\Room15.Vlv3.Pos'"	"0x010D"	"Room15.Vlv3.Pos"	"Room15.Vlv3.Pos"	"Room15.Vlv3.Pos"	"Room15.Vlv3.Pos"	"Room15.Vlv3.Pos"	"Room15.Vlv3.Pos"	"Room15.Vlv3.Pos"	"Room15.Vlv3.Pos"	
"0x2310 'Room15\Room15.Vlv3.Pos'"	"0x1101"	"Idle*Pos+*Pos-*Sync+*Sync-"	"Idle*Pos+*Pos-*Sync+*Sync-"	"Idle*Pos+*Pos-*Sync+*Sync-"	"Idle*Pos+*Pos-*Sync+*Sync-"	"Idle*Pos+*Pos-*Sync+*Sync-"	"Idle*Pos+*Pos-*Sync+*Sync-"	"Idle*Pos+*Pos-*Sync+*Sync-"	"Idle*Pos+*Pos-*Sync+*Sync-"	
"0x2308 'Room15\Room15.Vlv4'"	"0x1100"	"Vlv4"	"Vlv4"	"Vlv4"	"Vlv4"	"Vlv4"	"Vlv4"	"Vlv4"	"Vlv4"	
"0x2308 'Room15\Room15.Vlv4'"	"0x010D"	"Room15.Vlv4"	"Room15.Vlv4"	"Room15.Vlv4"	"Room15.Vlv4"	"Room15.Vlv4"	"Room15.Vlv4"	"Room15.Vlv4"	"Room15.Vlv4"	
"0x2304 'Room15\Room15.Vlv4.RefIO'"	"0x1100"	"RefIO"	"RefIO"	"RefIO"	"RefIO"	"RefIO"	"RefIO"	"RefIO"	"RefIO"	
"0x2304 'Room15\Room15.Vlv4.RefIO'"	"0x010D"	"Room15.Vlv4.RefIO"	"Room15.Vlv4.RefIO"	"Room15.Vlv4.RefIO"	"Room15.Vlv4.RefIO"	"Room15.Vlv4.RefIO"	"Room15.Vlv4.RefIO"	"Room15.Vlv4.RefIO"	"Room15.Vlv4.RefIO"	
"0x2206 'Room15\Room15.Vlv4.Cmd'"	"0x1100"	"Cmd"	"Cmd"	"Cmd"	"Cmd"	"Cmd"	"Cmd"	"Cmd"	"Cmd"	
"0x2206 'Room15\Room15.Vlv4.Cmd'"	"0x010D"	"Room15.Vlv4.Cmd"	"Room15.Vlv4.Cmd"	"Room15.Vlv4.Cmd"	"Room15.Vlv4.Cmd"	"Room15.Vlv4.Cmd"	"Room15.Vlv4.Cmd"	"Room15.Vlv4.Cmd"	"Room15.Vlv4.Cmd"	
"0x2206 'Room15\Room15.Vlv4.Cmd'"	"0x1102"	"%"	"%"	"%"	"%"	"%"	"%"	"%"	"%"	
"0x2206 'Room15\Room15.Vlv4.Cmd'"	"0x1214"	"%"	"%"	"%"	"%"	"%"	"%"	"%"	"%"	
"0x2310 'Room15\Room15.Vlv4.Pos'"	"0x1100"	"Pos"	"Pos"	"Pos"	"Pos"	"Pos"	"Pos"	"Pos"	"Pos"	
"0x2310 'Room15\Room15.Vlv4.Pos'"	"0x010D"	"Room15.Vlv4.Pos"	"Room15.Vlv4.Pos"	"Room15.Vlv4.Pos"	"Room15.Vlv4.Pos"	"Room15.Vlv4.Pos"	"Room15.Vlv4.Pos"	"Room15.Vlv4.Pos"	"Room15.Vlv4.Pos"	
"0x2310 'Room15\Room15.Vlv4.Pos'"	"0x1101"	"Idle*Pos+*Pos-*Sync+*Sync-"	"Idle*Pos+*Pos-*Sync+*Sync-"	"Idle*Pos+*Pos-*Sync+*Sync-"	"Idle*Pos+*Pos-*Sync+*Sync-"	"Idle*Pos+*Pos-*Sync+*Sync-"	"Idle*Pos+*Pos-*Sync+*Sync-"	"Idle*Pos+*Pos-*Sync+*Sync-"	"Idle*Pos+*Pos-*Sync+*Sync-"	
"0x2304 'Room15\Room15.Ime'"	"0x1100"	"Ime"	"Ime"	"Ime"	"Ime"	"Ime"	"Ime"	"Ime"	"Ime"	
"0x2304 'Room15\Room15.Ime'"	"0x010D"	"Room15.Ime"	"Room15.Ime"	"Room15.Ime"	"Room15.Ime"	"Room15.Ime"	"Room15.Ime"	"Room15.Ime"	"Room15.Ime"	
"0x2309 '0x031D\Pred'"	"0x1100"	"Pred"	"Pred"	"Pred"	"Pred"	"Pred"	"Pred"	"Pred"	"Pred"	
"0x2309 '0x031D\Pred'"	"0x010D"	"Pred"	"Pred"	"Pred"	"Pred"	"Pred"	"Pred"	"Pred"	"Pred"	
"0x2308 'Pred\Pred.TSup'"	"0x1100"	"TSup"	"TSup"	"TSup"	"TSup"	"TSup"	"TSup"	"TSup"	"TSup"	
"0x2308 'Pred\Pred.TSup'"	"0x010D"	"Pred.TSup"	"Pred.TSup"	"Pred.TSup"	"Pred.TSup"	"Pred.TSup"	"Pred.TSup"	"Pred.TSup"	"Pred.TSup"	
"0x2304 'Pred\Pred.TSup.RefIO'"	"0x1100"	"RefIO"	"RefIO"	"RefIO"	"RefIO"	"RefIO"	"RefIO"	"RefIO"	"RefIO"	
"0x2304 'Pred\Pred.TSup.RefIO'"	"0x010D"	"Pred.TSup.RefIO"	"Pred.TSup.RefIO"	"Pred.TSup.RefIO"	"Pred.TSup.RefIO"	"Pred.TSup.RefIO"	"Pred.TSup.RefIO"	"Pred.TSup.RefIO"	"Pred.TSup.RefIO"	
"0x2203 'Pred\Pred.TSup.Val'"	"0x1100"	"Val"	"Val"	"Val"	"Val"	"Val"	"Val"	"Val"	"Val"	
"0x2203 'Pred\Pred.TSup.Val'"	"0x010D"	"Pred.TSup.Val"	"Pred.TSup.Val"	"Pred.TSup.Val"	"Pred.TSup.Val"	"Pred.TSup.Val"	"Pred.TSup.Val"	"Pred.TSup.Val"	"Pred.TSup.Val"	
"0x2203 'Pred\Pred.TSup.Val'"	"0x1102"	"°C"	"°C"	"°C"	"°C"	"°C"	"°C"	"°C"	"°C"	
"0x2203 'Pred\Pred.TSup.Val'"	"0x1214"	"dK"	"dK"	"dK"	"dK"	"dK"	"dK"	"dK"	"dK"	
"0x2304 'Pred\Pred.Ime'"	"0x1100"	"Ime"	"Ime"	"Ime"	"Ime"	"Ime"	"Ime"	"Ime"	"Ime"	
"0x2304 'Pred\Pred.Ime'"	"0x010D"	"Pred.Ime"	"Pred.Ime"	"Pred.Ime"	"Pred.Ime"	"Pred.Ime"	"Pred.Ime"	"Pred.Ime"	"Pred.Ime"	
"0x2308 'Pred\Pred.DmpSup'"	"0x1100"	"DmpSup"	"DmpSup"	"DmpSup"	"DmpSup"	"DmpSup"	"DmpSup"	"DmpSup"	"DmpSup"	
"0x2308 'Pred\Pred.DmpSup'"	"0x010D"	"Pred.DmpSup"	"Pred.DmpSup"	"Pred.DmpSup"	"Pred.DmpSup"	"Pred.DmpSup"	"Pred.DmpSup"	"Pred.DmpSup"	"Pred.DmpSup"	
"0x2304 'Pred\Pred.DmpSup.RefIO'"	"0x1100"	"RefIO"	"RefIO"	"RefIO"	"RefIO"	"RefIO"	"RefIO"	"RefIO"	"RefIO"	
"0x2304 'Pred\Pred.DmpSup.RefIO'"	"0x010D"	"Pred.DmpSup.RefIO"	"Pred.DmpSup.RefIO"	"Pred.DmpSup.RefIO"	"Pred.DmpSup.RefIO"	"Pred.DmpSup.RefIO"	"Pred.DmpSup.RefIO"	"Pred.DmpSup.RefIO"	"Pred.DmpSup.RefIO"	
"0x2206 'Pred\Pred.DmpSup.Cmd'"	"0x1100"	"Cmd"	"Cmd"	"Cmd"	"Cmd"	"Cmd"	"Cmd"	"Cmd"	"Cmd"	
"0x2206 'Pred\Pred.DmpSup.Cmd'"	"0x010D"	"Pred.DmpSup.Cmd"	"Pred.DmpSup.Cmd"	"Pred.DmpSup.Cmd"	"Pred.DmpSup.Cmd"	"Pred.DmpSup.Cmd"	"Pred.DmpSup.Cmd"	"Pred.DmpSup.Cmd"	"Pred.DmpSup.Cmd"	
"0x2206 'Pred\Pred.DmpSup.Cmd'"	"0x1102"	"%"	"%"	"%"	"%"	"%"	"%"	"%"	"%"	
"0x2206 'Pred\Pred.DmpSup.Cmd'"	"0x1214"	"%"	"%"	"%"	"%"	"%"	"%"	"%"	"%"	
"0x2310 'Pred\Pred.DmpSup.Pos'"	"0x1100"	"Pos"	"Pos"	"Pos"	"Pos"	"Pos"	"Pos"	"Pos"	"Pos"	
"0x2310 'Pred\Pred.DmpSup.Pos'"	"0x010D"	"Pred.DmpSup.Pos"	"Pred.DmpSup.Pos"	"Pred.DmpSup.Pos"	"Pred.DmpSup.Pos"	"Pred.DmpSup.Pos"	"Pred.DmpSup.Pos"	"Pred.DmpSup.Pos"	"Pred.DmpSup.Pos"	
"0x2310 'Pred\Pred.DmpSup.Pos'"	"0x1101"	"Idle*Pos+*Pos-*Sync+*Sync-"	"Idle*Pos+*Pos-*Sync+*Sync-"	"Idle*Pos+*Pos-*Sync+*Sync-"	"Idle*Pos+*Pos-*Sync+*Sync-"	"Idle*Pos+*Pos-*Sync+*Sync-"	"Idle*Pos+*Pos-*Sync+*Sync-"	"Idle*Pos+*Pos-*Sync+*Sync-"	"Idle*Pos+*Pos-*Sync+*Sync-"	
"0x2308 'Pred\Pred.DmpExt'"	"0x1100"	"DmpExt"	"DmpExt"	"DmpExt"	"DmpExt"	"DmpExt"	"DmpExt"	"DmpExt"	"DmpExt"	
"0x2308 'Pred\Pred.DmpExt'"	"0x010D"	"Pred.DmpExt"	"Pred.DmpExt"	"Pred.DmpExt"	"Pred.DmpExt"	"Pred.DmpExt"	"Pred.DmpExt"	"Pred.DmpExt"	"Pred.DmpExt"	
"0x2304 'Pred\Pred.DmpExt.RefIO'"	"0x1100"	"RefIO"	"RefIO"	"RefIO"	"RefIO"	"RefIO"	"RefIO"	"RefIO"	"RefIO"	
"0x2304 'Pred\Pred.DmpExt.RefIO'"	"0x010D"	"Pred.DmpExt.RefIO"	"Pred.DmpExt.RefIO"	"Pred.DmpExt.RefIO"	"Pred.DmpExt.RefIO"	"Pred.DmpExt.RefIO"	"Pred.DmpExt.RefIO"	"Pred.DmpExt.RefIO"	"Pred.DmpExt.RefIO"	
"0x2206 'Pred\Pred.DmpExt.Cmd'"	"0x1100"	"Cmd"	"Cmd"	"Cmd"	"Cmd"	"Cmd"	"Cmd"	"Cmd"	"Cmd"	
"0x2206 'Pred\Pred.DmpExt.Cmd'"	"0x010D"	"Pred.DmpExt.Cmd"	"Pred.DmpExt.Cmd"	"Pred.DmpExt.Cmd"	"Pred.DmpExt.Cmd"	"Pred.DmpExt.Cmd"	"Pred.DmpExt.Cmd"	"Pred.DmpExt.Cmd"	"Pred.DmpExt.Cmd"	
"0x2206 'Pred\Pred.DmpExt.Cmd'"	"0x1102"	"%"	"%"	"%"	"%"	"%"	"%"	"%"	"%"	
"0x2206 'Pred\Pred.DmpExt.Cmd'"	"0x1214"	"%"	"%"	"%"	"%"	"%"	"%"	"%"	"%"	
"0x2310 'Pred\Pred.DmpExt.Pos'"	"0x1100"	"Pos"	"Pos"	"Pos"	"Pos"	"Pos"	"Pos"	"Pos"	"Pos"	
"0x2310 'Pred\Pred.DmpExt.Pos'"	"0x010D"	"Pred.DmpExt.Pos"	"Pred.DmpExt.Pos"	"Pred.DmpExt.Pos"	"Pred.DmpExt.Pos"	"Pred.DmpExt.Pos"	"Pred.DmpExt.Pos"	"Pred.DmpExt.Pos"	"Pred.DmpExt.Pos"	
"0x2310 'Pred\Pred.DmpExt.Pos'"	"0x1101"	"Idle*Pos+*Pos-*Sync+*Sync-"	"Idle*Pos+*Pos-*Sync+*Sync-"	"Idle*Pos+*Pos-*Sync+*Sync-"	"Idle*Pos+*Pos-*Sync+*Sync-"	"Idle*Pos+*Pos-*Sync+*Sync-"	"Idle*Pos+*Pos-*Sync+*Sync-"	"Idle*Pos+*Pos-*Sync+*Sync-"	"Idle*Pos+*Pos-*Sync+*Sync-"	
"0x2308 'Pred\Pred.FlrPred'"	"0x1100"	"FlrPred"	"FlrPred"	"FlrPred"	"FlrPred"	"FlrPred"	"FlrPred"	"FlrPred"	"FlrPred"	
"0x2308 'Pred\Pred.FlrPred'"	"0x010D"	"Pred.FlrPred"	"Pred.FlrPred"	"Pred.FlrPred"	"Pred.FlrPred"	"Pred.FlrPred"	"Pred.FlrPred"	"Pred.FlrPred"	"Pred.FlrPred"	
"0x2304 'Pred\Pred.FlrPred.RefIO'"	"0x1100"	"RefIO"	"RefIO"	"RefIO"	"RefIO"	"RefIO"	"RefIO"	"RefIO"	"RefIO"	
"0x2304 'Pred\Pred.FlrPred.RefIO'"	"0x010D"	"Pred.FlrPred.RefIO"	"Pred.FlrPred.RefIO"	"Pred.FlrPred.RefIO"	"Pred.FlrPred.RefIO"	"Pred.FlrPred.RefIO"	"Pred.FlrPred.RefIO"	"Pred.FlrPred.RefIO"	"Pred.FlrPred.RefIO"	
"0x2207 'Pred\Pred.FlrPred.Cmd'"	"0x1100"	"Cmd"	"Cmd"	"Cmd"	"Cmd"	"Cmd"	"Cmd"	"Cmd"	"Cmd"	
"0x2207 'Pred\Pred.FlrPred.Cmd'"	"0x010D"	"Pred.FlrPred.Cmd"	"Pred.FlrPred.Cmd"	"Pred.FlrPred.Cmd"	"Pred.FlrPred.Cmd"	"Pred.FlrPred.Cmd"	"Pred.FlrPred.Cmd"	"Pred.FlrPred.Cmd"	"Pred.FlrPred.Cmd"	
"0x2207 'Pred\Pred.FlrPred.Cmd'"	"0x1101"	"Off*On*Auto"	"Off*On*Auto"	"Off*On*Auto"	"Off*On*Auto"	"Off*On*Auto"	"Off*On*Auto"	"Off*On*Auto"	"Off*On*Auto"	
"0x2308 'Pred\TR1'"	"0x1100"	"TR1"	"TR1"	"TR1"	"TR1"	"TR1"	"TR1"	"TR1"	"TR1"	
"0x2308 'Pred\TR1'"	"0x010D"	"TR1"	"TR1"	"TR1"	"TR1"	"TR1"	"TR1"	"TR1"	"TR1"	
"0x2300 'Pred\TR1.SpTiCom'"	"0x1100"	"SpTiCom"	"SpTiCom"	"SpTiCom"	"SpTiCom"	"SpTiCom"	"SpTiCom"	"SpTiCom"	"SpTiCom"	
"0x2300 'Pred\TR1.SpTiCom'"	"0x010D"	"TR1.SpTiCom"	"TR1.SpTiCom"	"TR1.SpTiCom"	"TR1.SpTiCom"	"TR1.SpTiCom"	"TR1.SpTiCom"	"TR1.SpTiCom"	"TR1.SpTiCom"	
"0x2300 'Pred\TR1.SpTiCom'"	"0x1102"	"s"	"s"	"s"	"s"	"s"	"s"	"s"	"s"	
"0x2203 'Pred\TR1.Val'"	"0x1100"	"Val"	"Val"	"Val"	"Val"	"Val"	"Val"	"Val"	"Val"	
"0x2203 'Pred\TR1.Val'"	"0x010D"	"TR1.Val"	"TR1.Val"	"TR1.Val"	"TR1.Val"	"TR1.Val"	"TR1.Val"	"TR1.Val"	"TR1.Val"	
"0x2203 'Pred\TR1.Val'"	"0x1102"	"°C"	"°C"	"°C"	"°C"	"°C"	"°C"	"°C"	"°C"	
"0x2203 'Pred\TR1.Val'"	"0x1214"	"dK"	"dK"	"dK"	"dK"	"dK"	"dK"	"dK"	"dK"	
"0x2308 'Pred\TR2'"	"0x1100"	"TR2"	"TR2"	"TR2"	"TR2"	"TR2"	"TR2"	"TR2"	"TR2"	
"0x2308 'Pred\TR2'"	"0x010D"	"TR2"	"TR2"	"TR2"	"TR2"	"TR2"	"TR2"	"TR2"	"TR2"	
"0x2300 'Pred\TR2.SpTiCom'"	"0x1100"	"SpTiCom"	"SpTiCom"	"SpTiCom"	"SpTiCom"	"SpTiCom"	"SpTiCom"	"SpTiCom"	"SpTiCom"	
"0x2300 'Pred\TR2.SpTiCom'"	"0x010D"	"TR2.SpTiCom"	"TR2.SpTiCom"	"TR2.SpTiCom"	"TR2.SpTiCom"	"TR2.SpTiCom"	"TR2.SpTiCom"	"TR2.SpTiCom"	"TR2.SpTiCom"	
"0x2300 'Pred\TR2.SpTiCom'"	"0x1102"	"s"	"s"	"s"	"s"	"s"	"s"	"s"	"s"	
"0x2203 'Pred\TR2.Val'"	"0x1100"	"Val"	"Val"	"Val"	"Val"	"Val"	"Val"	"Val"	"Val"	
"0x2203 'Pred\TR2.Val'"	"0x010D"	"TR2.Val"	"TR2.Val"	"TR2.Val"	"TR2.Val"	"TR2.Val"	"TR2.Val"	"TR2.Val"	"TR2.Val"	
"0x2203 'Pred\TR2.Val'"	"0x1102"	"°C"	"°C"	"°C"	"°C"	"°C"	"°C"	"°C"	"°C"	
"0x2203 'Pred\TR2.Val'"	"0x1214"	"dK"	"dK"	"dK"	"dK"	"dK"	"dK"	"dK"	"dK"	
"0x2308 'Pred\TR3'"	"0x1100"	"TR3"	"TR3"	"TR3"	"TR3"	"TR3"	"TR3"	"TR3"	"TR3"	
"0x2308 'Pred\TR3'"	"0x010D"	"TR3"	"TR3"	"TR3"	"TR3"	"TR3"	"TR3"	"TR3"	"TR3"	
"0x2300 'Pred\TR3.SpTiCom'"	"0x1100"	"SpTiCom"	"SpTiCom"	"SpTiCom"	"SpTiCom"	"SpTiCom"	"SpTiCom"	"SpTiCom"	"SpTiCom"	
"0x2300 'Pred\TR3.SpTiCom'"	"0x010D"	"TR3.SpTiCom"	"TR3.SpTiCom"	"TR3.SpTiCom"	"TR3.SpTiCom"	"TR3.SpTiCom"	"TR3.SpTiCom"	"TR3.SpTiCom"	"TR3.SpTiCom"	
"0x2300 'Pred\TR3.SpTiCom'"	"0x1102"	"s"	"s"	"s"	"s"	"s"	"s"	"s"	"s"	
"0x2203 'Pred\TR3.Val'"	"0x1100"	"Val"	"Val"	"Val"	"Val"	"Val"	"Val"	"Val"	"Val"	
"0x2203 'Pred\TR3.Val'"	"0x010D"	"TR3.Val"	"TR3.Val"	"TR3.Val"	"TR3.Val"	"TR3.Val"	"TR3.Val"	"TR3.Val"	"TR3.Val"	
"0x2203 'Pred\TR3.Val'"	"0x1102"	"°C"	"°C"	"°C"	"°C"	"°C"	"°C"	"°C"	"°C"	
"0x2203 'Pred\TR3.Val'"	"0x1214"	"dK"	"dK"	"dK"	"dK"	"dK"	"dK"	"dK"	"dK"	
"0x2308 'Pred\HR1'"	"0x1100"	"HR1"	"HR1"	"HR1"	"HR1"	"HR1"	"HR1"	"HR1"	"HR1"	
"0x2308 'Pred\HR1'"	"0x010D"	"HR1"	"HR1"	"HR1"	"HR1"	"HR1"	"HR1"	"HR1"	"HR1"	
"0x2300 'Pred\HR1.SpTiCom'"	"0x1100"	"SpTiCom"	"SpTiCom"	"SpTiCom"	"SpTiCom"	"SpTiCom"	"SpTiCom"	"SpTiCom"	"SpTiCom"	
"0x2300 'Pred\HR1.SpTiCom'"	"0x010D"	"HR1.SpTiCom"	"HR1.SpTiCom"	"HR1.SpTiCom"	"HR1.SpTiCom"	"HR1.SpTiCom"	"HR1.SpTiCom"	"HR1.SpTiCom"	"HR1.SpTiCom"	
"0x2300 'Pred\HR1.SpTiCom'"	"0x1102"	"s"	"s"	"s"	"s"	"s"	"s"	"s"	"s"	
"0x2203 'Pred\HR1.Val'"	"0x1100"	"Val"	"Val"	"Val"	"Val"	"Val"	"Val"	"Val"	"Val"	
"0x2203 'Pred\HR1.Val'"	"0x010D"	"HR1.Val"	"HR1.Val"	"HR1.Val"	"HR1.Val"	"HR1.Val"	"HR1.Val"	"HR1.Val"	"HR1.Val"	
"0x2203 'Pred\HR1.Val'"	"0x1102"	"%r.H."	"%r.H."	"%r.H."	"%r.H."	"%r.H."	"%r.H."	"%r.H."	"%r.H."	
"0x2203 'Pred\HR1.Val'"	"0x1214"	"dK"	"dK"	"dK"	"dK"	"dK"	"dK"	"dK"	"dK"	
"0x2308 'Pred\HR2'"	"0x1100"	"HR2"	"HR2"	"HR2"	"HR2"	"HR2"	"HR2"	"HR2"	"HR2"	
"0x2308 'Pred\HR2'"	"0x010D"	"HR2"	"HR2"	"HR2"	"HR2"	"HR2"	"HR2"	"HR2"	"HR2"	
"0x2300 'Pred\HR2.SpTiCom'"	"0x1100"	"SpTiCom"	"SpTiCom"	"SpTiCom"	"SpTiCom"	"SpTiCom"	"SpTiCom"	"SpTiCom"	"SpTiCom"	
"0x2300 'Pred\HR2.SpTiCom'"	"0x010D"	"HR2.SpTiCom"	"HR2.SpTiCom"	"HR2.SpTiCom"	"HR2.SpTiCom"	"HR2.SpTiCom"	"HR2.SpTiCom"	"HR2.SpTiCom"	"HR2.SpTiCom"	
"0x2300 'Pred\HR2.SpTiCom'"	"0x1102"	"s"	"s"	"s"	"s"	"s"	"s"	"s"	"s"	
"0x2203 'Pred\HR2.Val'"	"0x1100"	"Val"	"Val"	"Val"	"Val"	"Val"	"Val"	"Val"	"Val"	
"0x2203 'Pred\HR2.Val'"	"0x010D"	"HR2.Val"	"HR2.Val"	"HR2.Val"	"HR2.Val"	"HR2.Val"	"HR2.Val"	"HR2.Val"	"HR2.Val"	
"0x2203 'Pred\HR2.Val'"	"0x1102"	"%r.H."	"%r.H."	"%r.H."	"%r.H."	"%r.H."	"%r.H."	"%r.H."	"%r.H."	
"0x2203 'Pred\HR2.Val'"	"0x1214"	"dK"	"dK"	"dK"	"dK"	"dK"	"dK"	"dK"	"dK"	
"0x2308 'Pred\HR3'"	"0x1100"	"HR3"	"HR3"	"HR3"	"HR3"	"HR3"	"HR3"	"HR3"	"HR3"	
"0x2308 'Pred\HR3'"	"0x010D"	"HR3"	"HR3"	"HR3"	"HR3"	"HR3"	"HR3"	"HR3"	"HR3"	
"0x2300 'Pred\HR3.SpTiCom'"	"0x1100"	"SpTiCom"	"SpTiCom"	"SpTiCom"	"SpTiCom"	"SpTiCom"	"SpTiCom"	"SpTiCom"	"SpTiCom"	
"0x2300 'Pred\HR3.SpTiCom'"	"0x010D"	"HR3.SpTiCom"	"HR3.SpTiCom"	"HR3.SpTiCom"	"HR3.SpTiCom"	"HR3.SpTiCom"	"HR3.SpTiCom"	"HR3.SpTiCom"	"HR3.SpTiCom"	
"0x2300 'Pred\HR3.SpTiCom'"	"0x1102"	"s"	"s"	"s"	"s"	"s"	"s"	"s"	"s"	
"0x2203 'Pred\HR3.Val'"	"0x1100"	"Val"	"Val"	"Val"	"Val"	"Val"	"Val"	"Val"	"Val"	
"0x2203 'Pred\HR3.Val'"	"0x010D"	"HR3.Val"	"HR3.Val"	"HR3.Val"	"HR3.Val"	"HR3.Val"	"HR3.Val"	"HR3.Val"	"HR3.Val"	
"0x2203 'Pred\HR3.Val'"	"0x1102"	"%r.H."	"%r.H."	"%r.H."	"%r.H."	"%r.H."	"%r.H."	"%r.H."	"%r.H."	
"0x2203 'Pred\HR3.Val'"	"0x1214"	"dK"	"dK"	"dK"	"dK"	"dK"	"dK"	"dK"	"dK"	
"0x2308 'Pred\AirQ1'"	"0x1100"	"AirQ1"	"AirQ1"	"AirQ1"	"AirQ1"	"AirQ1"	"AirQ1"	"AirQ1"	"AirQ1"	
"0x2308 'Pred\AirQ1'"	"0x010D"	"AirQ1"	"AirQ1"	"AirQ1"	"AirQ1"	"AirQ1"	"AirQ1"	"AirQ1"	"AirQ1"	
"0x2300 'Pred\AirQ1.SpTiCom'"	"0x1100"	"SpTiCom"	"SpTiCom"	"SpTiCom"	"SpTiCom"	"SpTiCom"	"SpTiCom"	"SpTiCom"	"SpTiCom"	
"0x2300 'Pred\AirQ1.SpTiCom'"	"0x010D"	"AirQ1.SpTiCom"	"AirQ1.SpTiCom"	"AirQ1.SpTiCom"	"AirQ1.SpTiCom"	"AirQ1.SpTiCom"	"AirQ1.SpTiCom"	"AirQ1.SpTiCom"	"AirQ1.SpTiCom"	
"0x2300 'Pred\AirQ1.SpTiCom'"	"0x1102"	"s"	"s"	"s"	"s"	"s"	"s"	"s"	"s"	
"0x2203 'Pred\AirQ1.Val'"	"0x1100"	"Val"	"Val"	"Val"	"Val"	"Val"	"Val"	"Val"	"Val"	
"0x2203 'Pred\AirQ1.Val'"	"0x010D"	"AirQ1.Val"	"AirQ1.Val"	"AirQ1.Val"	"AirQ1.Val"	"AirQ1.Val"	"AirQ1.Val"	"AirQ1.Val"	"AirQ1.Val"	
"0x2203 'Pred\AirQ1.Val'"	"0x1102"	"ppm"	"ppm"	"ppm"	"ppm"	"ppm"	"ppm"	"ppm"	"ppm"	
"0x2203 'Pred\AirQ1.Val'"	"0x1214"	"dK"	"dK"	"dK"	"dK"	"dK"	"dK"	"dK"	"dK"	
"0x2308 'Pred\AirQ2'"	"0x1100"	"AirQ2"	"AirQ2"	"AirQ2"	"AirQ2"	"AirQ2"	"AirQ2"	"AirQ2"	"AirQ2"	
"0x2308 'Pred\AirQ2'"	"0x010D"	"AirQ2"	"AirQ2"	"AirQ2"	"AirQ2"	"AirQ2"	"AirQ2"	"AirQ2"	"AirQ2"	
"0x2300 'Pred\AirQ2.SpTiCom'"	"0x1100"	"SpTiCom"	"SpTiCom"	"SpTiCom"	"SpTiCom"	"SpTiCom"	"SpTiCom"	"SpTiCom"	"SpTiCom"	
"0x2300 'Pred\AirQ2.SpTiCom'"	"0x010D"	"AirQ2.SpTiCom"	"AirQ2.SpTiCom"	"AirQ2.SpTiCom"	"AirQ2.SpTiCom"	"AirQ2.SpTiCom"	"AirQ2.SpTiCom"	"AirQ2.SpTiCom"	"AirQ2.SpTiCom"	
"0x2300 'Pred\AirQ2.SpTiCom'"	"0x1102"	"s"	"s"	"s"	"s"	"s"	"s"	"s"	"s"	
"0x2203 'Pred\AirQ2.Val'"	"0x1100"	"Val"	"Val"	"Val"	"Val"	"Val"	"Val"	"Val"	"Val"	
"0x2203 'Pred\AirQ2.Val'"	"0x010D"	"AirQ2.Val"	"AirQ2.Val"	"AirQ2.Val"	"AirQ2.Val"	"AirQ2.Val"	"AirQ2.Val"	"AirQ2.Val"	"AirQ2.Val"	
"0x2203 'Pred\AirQ2.Val'"	"0x1102"	"ppm"	"ppm"	"ppm"	"ppm"	"ppm"	"ppm"	"ppm"	"ppm"	
"0x2203 'Pred\AirQ2.Val'"	"0x1214"	"dK"	"dK"	"dK"	"dK"	"dK"	"dK"	"dK"	"dK"	
"0x2308 'Pred\AirQ3'"	"0x1100"	"AirQ3"	"AirQ3"	"AirQ3"	"AirQ3"	"AirQ3"	"AirQ3"	"AirQ3"	"AirQ3"	
"0x2308 'Pred\AirQ3'"	"0x010D"	"AirQ3"	"AirQ3"	"AirQ3"	"AirQ3"	"AirQ3"	"AirQ3"	"AirQ3"	"AirQ3"	
"0x2300 'Pred\AirQ3.SpTiCom'"	"0x1100"	"SpTiCom"	"SpTiCom"	"SpTiCom"	"SpTiCom"	"SpTiCom"	"SpTiCom"	"SpTiCom"	"SpTiCom"	
"0x2300 'Pred\AirQ3.SpTiCom'"	"0x010D"	"AirQ3.SpTiCom"	"AirQ3.SpTiCom"	"AirQ3.SpTiCom"	"AirQ3.SpTiCom"	"AirQ3.SpTiCom"	"AirQ3.SpTiCom"	"AirQ3.SpTiCom"	"AirQ3.SpTiCom"	
"0x2300 'Pred\AirQ3.SpTiCom'"	"0x1102"	"s"	"s"	"s"	"s"	"s"	"s"	"s"	"s"	
"0x2203 'Pred\AirQ3.Val'"	"0x1100"	"Val"	"Val"	"Val"	"Val"	"Val"	"Val"	"Val"	"Val"	
"0x2203 'Pred\AirQ3.Val'"	"0x010D"	"AirQ3.Val"	"AirQ3.Val"	"AirQ3.Val"	"AirQ3.Val"	"AirQ3.Val"	"AirQ3.Val"	"AirQ3.Val"	"AirQ3.Val"	
"0x2203 'Pred\AirQ3.Val'"	"0x1102"	"ppm"	"ppm"	"ppm"	"ppm"	"ppm"	"ppm"	"ppm"	"ppm"	
"0x2203 'Pred\AirQ3.Val'"	"0x1214"	"dK"	"dK"	"dK"	"dK"	"dK"	"dK"	"dK"	"dK"	
"0x2302 'Pred\Pred.OpModMan'"	"0x1100"	"OpModMan"	"OpModMan"	"OpModMan"	"OpModMan"	"OpModMan"	"OpModMan"	"OpModMan"	"OpModMan"	
"0x2302 'Pred\Pred.OpModMan'"	"0x010D"	"Pred.OpModMan"	"Pred.OpModMan"	"Pred.OpModMan"	"Pred.OpModMan"	"Pred.OpModMan"	"Pred.OpModMan"	"Pred.OpModMan"	"Pred.OpModMan"	
"0x2302 'Pred\Pred.OpModMan'"	"0x1101"	"Prt*Eco*Cmf*Auto"	"Prt*Eco*Cmf*Auto"	"Prt*Eco*Cmf*Auto"	"Prt*Eco*Cmf*Auto"	"Prt*Eco*Cmf*Auto"	"Prt*Eco*Cmf*Auto"	"Prt*Eco*Cmf*Auto"	"Prt*Eco*Cmf*Auto"	
"0x2302 'Pred\Pred.ShedSel'"	"0x1100"	"ShedSel"	"ShedSel"	"ShedSel"	"ShedSel"	"ShedSel"	"ShedSel"	"ShedSel"	"ShedSel"	
"0x2302 'Pred\Pred.ShedSel'"	"0x010D"	"Pred.ShedSel"	"Pred.ShedSel"	"Pred.ShedSel"	"Pred.ShedSel"	"Pred.ShedSel"	"Pred.ShedSel"	"Pred.ShedSel"	"Pred.ShedSel"	
"0x2302 'Pred\Pred.ShedSel'"	"0x1101"	"TSP_1*TSP_2*TSP_3"	"TSP_1*TSP_2*TSP_3"	"TSP_1*TSP_2*TSP_3"	"TSP_1*TSP_2*TSP_3"	"TSP_1*TSP_2*TSP_3"	"TSP_1*TSP_2*TSP_3"	"TSP_1*TSP_2*TSP_3"	"TSP_1*TSP_2*TSP_3"	
"0x2300 'Pred\Pred.SpTRPrt'"	"0x1100"	"SpTRPrt"	"SpTRPrt"	"SpTRPrt"	"SpTRPrt"	"SpTRPrt"	"SpTRPrt"	"SpTRPrt"	"SpTRPrt"	
"0x2300 'Pred\Pred.SpTRPrt'"	"0x010D"	"Pred.SpTRPrt"	"Pred.SpTRPrt"	"Pred.SpTRPrt"	"Pred.SpTRPrt"	"Pred.SpTRPrt"	"Pred.SpTRPrt"	"Pred.SpTRPrt"	"Pred.SpTRPrt"	
"0x2300 'Pred\Pred.SpTRPrt'"	"0x1102"	"°C"	"°C"	"°C"	"°C"	"°C"	"°C"	"°C"	"°C"	
"0x2300 'Pred\Pred.SpTREco'"	"0x1100"	"SpTREco"	"SpTREco"	"SpTREco"	"SpTREco"	"SpTREco"	"SpTREco"	"SpTREco"	"SpTREco"	
"0x2300 'Pred\Pred.SpTREco'"	"0x010D"	"Pred.SpTREco"	"Pred.SpTREco"	"Pred.SpTREco"	"Pred.SpTREco"	"Pred.SpTREco"	"Pred.SpTREco"	"Pred.SpTREco"	"Pred.SpTREco"	
"0x2300 'Pred\Pred.SpTREco'"	"0x1102"	"°C"	"°C"	"°C"	"°C"	"°C"	"°C"	"°C"	"°C"	
"0x2300 'Pred\Pred.SpTRCmf'"	"0x1100"	"SpTRCmf"	"SpTRCmf"	"SpTRCmf"	"SpTRCmf"	"SpTRCmf"	"SpTRCmf"	"SpTRCmf"	"SpTRCmf"	
"0x2300 'Pred\Pred.SpTRCmf'"	"0x010D"	"Pred.SpTRCmf"	"Pred.SpTRCmf"	"Pred.SpTRCmf"	"Pred.SpTRCmf"	"Pred.SpTRCmf"	"Pred.SpTRCmf"	"Pred.SpTRCmf"	"Pred.SpTRCmf"	
"0x2300 'Pred\Pred.SpTRCmf'"	"0x1102"	"°C"	"°C"	"°C"	"°C"	"°C"	"°C"	"°C"	"°C"	
"0x2202 'Pred\Pred.PltMod'"	"0x1100"	"PltMod"	"PltMod"	"PltMod"	"PltMod"	"PltMod"	"PltMod"	"PltMod"	"PltMod"	
"0x2202 'Pred\Pred.PltMod'"	"0x010D"	"Pred.PltMod"	"Pred.PltMod"	"Pred.PltMod"	"Pred.PltMod"	"Pred.PltMod"	"Pred.PltMod"	"Pred.PltMod"	"Pred.PltMod"	
"0x2202 'Pred\Pred.PltMod'"	"0x1101"	"Auto*Off*Ctl*Flt"	"Auto*Off*Ctl*Flt"	"Auto*Off*Ctl*Flt"	"Auto*Off*Ctl*Flt"	"Auto*Off*Ctl*Flt"	"Auto*Off*Ctl*Flt"	"Auto*Off*Ctl*Flt"	"Auto*Off*Ctl*Flt"	
"0x2300 'Pred\SpPWMPT'"	"0x1100"	"SpPWMPT"	"SpPWMPT"	"SpPWMPT"	"SpPWMPT"	"SpPWMPT"	"SpPWMPT"	"SpPWMPT"	"SpPWMPT"	
"0x2300 'Pred\SpPWMPT'"	"0x010D"	"SpPWMPT"	"SpPWMPT"	"SpPWMPT"	"SpPWMPT"	"SpPWMPT"	"SpPWMPT"	"SpPWMPT"	"SpPWMPT"	
"0x2300 'Pred\SpPWMPT'"	"0x1102"	"s"	"s"	"s"	"s"	"s"	"s"	"s"	"s"	
"0x2308 'Pred\HeatCtl'"	"0x1100"	"HeatCtl"	"HeatCtl"	"HeatCtl"	"HeatCtl"	"HeatCtl"	"HeatCtl"	"HeatCtl"	"HeatCtl"	
"0x2308 'Pred\HeatCtl'"	"0x010D"	"HeatCtl"	"HeatCtl"	"HeatCtl"	"HeatCtl"	"HeatCtl"	"HeatCtl"	"HeatCtl"	"HeatCtl"	
"0x2202 'Pred\HeatCtl.AggrMod'"	"0x1100"	"AggrMod"	"AggrMod"	"AggrMod"	"AggrMod"	"AggrMod"	"AggrMod"	"AggrMod"	"AggrMod"	
"0x2202 'Pred\HeatCtl.AggrMod'"	"0x010D"	"HeatCtl.AggrMod"	"HeatCtl.AggrMod"	"HeatCtl.AggrMod"	"HeatCtl.AggrMod"	"HeatCtl.AggrMod"	"HeatCtl.AggrMod"	"HeatCtl.AggrMod"	"HeatCtl.AggrMod"	
"0x2202 'Pred\HeatCtl.AggrMod'"	"0x1101"	"Auto*Off*On*Dmd*Loop*Low*High*Swi*Last*LoopDmd"	"Auto*Off*On*Dmd*Loop*Low*High*Swi*Last*LoopDmd"	"Auto*Off*On*Dmd*Loop*Low*High*Swi*Last*LoopDmd"	"Auto*Off*On*Dmd*Loop*Low*High*Swi*Last*LoopDmd"	"Auto*Off*On*Dmd*Loop*Low*High*Swi*Last*LoopDmd"	"Auto*Off*On*Dmd*Loop*Low*High*Swi*Last*LoopDmd"	"Auto*Off*On*Dmd*Loop*Low*High*Swi*Last*LoopDmd"	"Auto*Off*On*Dmd*Loop*Low*High*Swi*Last*LoopDmd"	
"0x2300 'Pred\HeatCtl.Low'"	"0x1100"	"Low"	"Low"	"Low"	"Low"	"Low"	"Low"	"Low"	"Low"	
"0x2300 'Pred\HeatCtl.Low'"	"0x010D"	"HeatCtl.Low"	"HeatCtl.Low"	"HeatCtl.Low"	"HeatCtl.Low"	"HeatCtl.Low"	"HeatCtl.Low"	"HeatCtl.Low"	"HeatCtl.Low"	
"0x2300 'Pred\HeatCtl.Low'"	"0x1102"	"%"	"%"	"%"	"%"	"%"	"%"	"%"	"%"	
"0x2300 'Pred\HeatCtl.High'"	"0x1100"	"High"	"High"	"High"	"High"	"High"	"High"	"High"	"High"	
"0x2300 'Pred\HeatCtl.High'"	"0x010D"	"HeatCtl.High"	"HeatCtl.High"	"HeatCtl.High"	"HeatCtl.High"	"HeatCtl.High"	"HeatCtl.High"	"HeatCtl.High"	"HeatCtl.High"	
"0x2300 'Pred\HeatCtl.High'"	"0x1102"	"%"	"%"	"%"	"%"	"%"	"%"	"%"	"%"	
"0x2300 'Pred\HeatCtl.TiDly'"	"0x1100"	"TiDly"	"TiDly"	"TiDly"	"TiDly"	"TiDly"	"TiDly"	"TiDly"	"TiDly"	
"0x2300 'Pred\HeatCtl.TiDly'"	"0x010D"	"HeatCtl.TiDly"	"HeatCtl.TiDly"	"HeatCtl.TiDly"	"HeatCtl.TiDly"	"HeatCtl.TiDly"	"HeatCtl.TiDly"	"HeatCtl.TiDly"	"HeatCtl.TiDly"	
"0x2300 'Pred\HeatCtl.TiDly'"	"0x1102"	"s"	"s"	"s"	"s"	"s"	"s"	"s"	"s"	
"0x2300 'Pred\HeatCtl.SwiOn'"	"0x1100"	"SwiOn"	"SwiOn"	"SwiOn"	"SwiOn"	"SwiOn"	"SwiOn"	"SwiOn"	"SwiOn"	
"0x2300 'Pred\HeatCtl.SwiOn'"	"0x010D"	"HeatCtl.SwiOn"	"HeatCtl.SwiOn"	"HeatCtl.SwiOn"	"HeatCtl.SwiOn"	"HeatCtl.SwiOn"	"HeatCtl.SwiOn"	"HeatCtl.SwiOn"	"HeatCtl.SwiOn"	
"0x2300 'Pred\HeatCtl.SwiOn'"	"0x1102"	"%"	"%"	"%"	"%"	"%"	"%"	"%"	"%"	
"0x2300 'Pred\HeatCtl.SwiOff'"	"0x1100"	"SwiOff"	"SwiOff"	"SwiOff"	"SwiOff"	"SwiOff"	"SwiOff"	"SwiOff"	"SwiOff"	
"0x2300 'Pred\HeatCtl.SwiOff'"	"0x010D"	"HeatCtl.SwiOff"	"HeatCtl.SwiOff"	"HeatCtl.SwiOff"	"HeatCtl.SwiOff"	"HeatCtl.SwiOff"	"HeatCtl.SwiOff"	"HeatCtl.SwiOff"	"HeatCtl.SwiOff"	
"0x2300 'Pred\HeatCtl.SwiOff'"	"0x1102"	"%"	"%"	"%"	"%"	"%"	"%"	"%"	"%"	
"0x2305 'Pred\HeatCtl.Ctl'"	"0x1100"	"Ctl"	"Ctl"	"Ctl"	"Ctl"	"Ctl"	"Ctl"	"Ctl"	"Ctl"	
"0x2305 'Pred\HeatCtl.Ctl'"	"0x010D"	"HeatCtl.Ctl"	"HeatCtl.Ctl"	"HeatCtl.Ctl"	"HeatCtl.Ctl"	"HeatCtl.Ctl"	"HeatCtl.Ctl"	"HeatCtl.Ctl"	"HeatCtl.Ctl"	
"0x2305 'Pred\HeatCtl.Ctl'"	"0x1102"	"°C"	"°C"	"°C"	"°C"	"°C"	"°C"	"°C"	"°C"	
"0x2305 'Pred\HeatCtl.Ctl'"	"0x1200"	"GESP*OG*UG*REG*Y-NV*UDEF"	"GESP*OG*UG*REG*Y-NV*UDEF"	"GESP*OG*UG*REG*Y-NV*UDEF"	"GESP*OG*UG*REG*Y-NV*UDEF"	"GESP*OG*UG*REG*Y-NV*UDEF"	"GESP*OG*UG*REG*Y-NV*UDEF"	"GESP*OG*UG*REG*Y-NV*UDEF"	"GESP*OG*UG*REG*Y-NV*UDEF"	
"0x2300 'Pred\Pred.SpAQPrt1'"	"0x1100"	"SpAQPrt1"	"SpAQPrt1"	"SpAQPrt1"	"SpAQPrt1"	"SpAQPrt1"	"SpAQPrt1"	"SpAQPrt1"	"SpAQPrt1"	
"0x2300 'Pred\Pred.SpAQPrt1'"	"0x010D"	"Pred.SpAQPrt1"	"Pred.SpAQPrt1"	"Pred.SpAQPrt1"	"Pred.SpAQPrt1"	"Pred.SpAQPrt1"	"Pred.SpAQPrt1"	"Pred.SpAQPrt1"	"Pred.SpAQPrt1"	
"0x2300 'Pred\Pred.SpAQPrt1'"	"0x1102"	"ppm"	"ppm"	"ppm"	"ppm"	"ppm"	"ppm"	"ppm"	"ppm"	
"0x2300 'Pred\Pred.SpAQEco1'"	"0x1100"	"SpAQEco1"	"SpAQEco1"	"SpAQEco1"	"SpAQEco1"	"SpAQEco1"	"SpAQEco1"	"SpAQEco1"	"SpAQEco1"	
"0x2300 'Pred\Pred.SpAQEco1'"	"0x010D"	"Pred.SpAQEco1"	"Pred.SpAQEco1"	"Pred.SpAQEco1"	"Pred.SpAQEco1"	"Pred.SpAQEco1"	"Pred.SpAQEco1"	"Pred.SpAQEco1"	"Pred.SpAQEco1"	
"0x2300 'Pred\Pred.SpAQEco1'"	"0x1102"	"ppm"	"ppm"	"ppm"	"ppm"	"ppm"	"ppm"	"ppm"	"ppm"	
"0x2300 'Pred\Pred.SpAQCmf1'"	"0x1100"	"SpAQCmf1"	"SpAQCmf1"	"SpAQCmf1"	"SpAQCmf1"	"SpAQCmf1"	"SpAQCmf1"	"SpAQCmf1"	"SpAQCmf1"	
"0x2300 'Pred\Pred.SpAQCmf1'"	"0x010D"	"Pred.SpAQCmf1"	"Pred.SpAQCmf1"	"Pred.SpAQCmf1"	"Pred.SpAQCmf1"	"Pred.SpAQCmf1"	"Pred.SpAQCmf1"	"Pred.SpAQCmf1"	"Pred.SpAQCmf1"	
"0x2300 'Pred\Pred.SpAQCmf1'"	"0x1102"	"ppm"	"ppm"	"ppm"	"ppm"	"ppm"	"ppm"	"ppm"	"ppm"	
"0x2308 'Pred\AirQCntrl'"	"0x1100"	"AirQCntrl"	"AirQCntrl"	"AirQCntrl"	"AirQCntrl"	"AirQCntrl"	"AirQCntrl"	"AirQCntrl"	"AirQCntrl"	
"0x2308 'Pred\AirQCntrl'"	"0x010D"	"AirQCntrl"	"AirQCntrl"	"AirQCntrl"	"AirQCntrl"	"AirQCntrl"	"AirQCntrl"	"AirQCntrl"	"AirQCntrl"	
"0x2202 'Pred\AirQCntrl.AggrMod'"	"0x1100"	"AggrMod"	"AggrMod"	"AggrMod"	"AggrMod"	"AggrMod"	"AggrMod"	"AggrMod"	"AggrMod"	
"0x2202 'Pred\AirQCntrl.AggrMod'"	"0x010D"	"AirQCntrl.AggrMod"	"AirQCntrl.AggrMod"	"AirQCntrl.AggrMod"	"AirQCntrl.AggrMod"	"AirQCntrl.AggrMod"	"AirQCntrl.AggrMod"	"AirQCntrl.AggrMod"	"AirQCntrl.AggrMod"	
"0x2202 'Pred\AirQCntrl.AggrMod'"	"0x1101"	"Auto*Off*On*Dmd*Loop*Low*High"	"Auto*Off*On*Dmd*Loop*Low*High"	"Auto*Off*On*Dmd*Loop*Low*High"	"Auto*Off*On*Dmd*Loop*Low*High"	"Auto*Off*On*Dmd*Loop*Low*High"	"Auto*Off*On*Dmd*Loop*Low*High"	"Auto*Off*On*Dmd*Loop*Low*High"	"Auto*Off*On*Dmd*Loop*Low*High"	
"0x2300 'Pred\AirQCntrl.SwiOn'"	"0x1100"	"SwiOn"	"SwiOn"	"SwiOn"	"SwiOn"	"SwiOn"	"SwiOn"	"SwiOn"	"SwiOn"	
"0x2300 'Pred\AirQCntrl.SwiOn'"	"0x010D"	"AirQCntrl.SwiOn"	"AirQCntrl.SwiOn"	"AirQCntrl.SwiOn"	"AirQCntrl.SwiOn"	"AirQCntrl.SwiOn"	"AirQCntrl.SwiOn"	"AirQCntrl.SwiOn"	"AirQCntrl.SwiOn"	
"0x2300 'Pred\AirQCntrl.SwiOn'"	"0x1102"	"%"	"%"	"%"	"%"	"%"	"%"	"%"	"%"	
"0x2300 'Pred\AirQCntrl.Low'"	"0x1100"	"Low"	"Low"	"Low"	"Low"	"Low"	"Low"	"Low"	"Low"	
"0x2300 'Pred\AirQCntrl.Low'"	"0x010D"	"AirQCntrl.Low"	"AirQCntrl.Low"	"AirQCntrl.Low"	"AirQCntrl.Low"	"AirQCntrl.Low"	"AirQCntrl.Low"	"AirQCntrl.Low"	"AirQCntrl.Low"	
"0x2300 'Pred\AirQCntrl.Low'"	"0x1102"	"%"	"%"	"%"	"%"	"%"	"%"	"%"	"%"	
"0x2300 'Pred\AirQCntrl.High'"	"0x1100"	"High"	"High"	"High"	"High"	"High"	"High"	"High"	"High"	
"0x2300 'Pred\AirQCntrl.High'"	"0x010D"	"AirQCntrl.High"	"AirQCntrl.High"	"AirQCntrl.High"	"AirQCntrl.High"	"AirQCntrl.High"	"AirQCntrl.High"	"AirQCntrl.High"	"AirQCntrl.High"	
"0x2300 'Pred\AirQCntrl.High'"	"0x1102"	"%"	"%"	"%"	"%"	"%"	"%"	"%"	"%"	
"0x2309 '0x031D\SpectCT'"	"0x1100"	"SpectCT"	"SpectCT"	"SpectCT"	"SpectCT"	"SpectCT"	"SpectCT"	"SpectCT"	"SpectCT"	
"0x2309 '0x031D\SpectCT'"	"0x010D"	"SpectCT"	"SpectCT"	"SpectCT"	"SpectCT"	"SpectCT"	"SpectCT"	"SpectCT"	"SpectCT"	
"0x2308 'SpectCT\SpectCT.dP'"	"0x1100"	"dP"	"dP"	"dP"	"dP"	"dP"	"dP"	"dP"	"dP"	
"0x2308 'SpectCT\SpectCT.dP'"	"0x010D"	"SpectCT.dP"	"SpectCT.dP"	"SpectCT.dP"	"SpectCT.dP"	"SpectCT.dP"	"SpectCT.dP"	"SpectCT.dP"	"SpectCT.dP"	
"0x2304 'SpectCT\SpectCT.dP.RefIO'"	"0x1100"	"RefIO"	"RefIO"	"RefIO"	"RefIO"	"RefIO"	"RefIO"	"RefIO"	"RefIO"	
"0x2304 'SpectCT\SpectCT.dP.RefIO'"	"0x010D"	"SpectCT.dP.RefIO"	"SpectCT.dP.RefIO"	"SpectCT.dP.RefIO"	"SpectCT.dP.RefIO"	"SpectCT.dP.RefIO"	"SpectCT.dP.RefIO"	"SpectCT.dP.RefIO"	"SpectCT.dP.RefIO"	
"0x2203 'SpectCT\SpectCT.dP.Val'"	"0x1100"	"Val"	"Val"	"Val"	"Val"	"Val"	"Val"	"Val"	"Val"	
"0x2203 'SpectCT\SpectCT.dP.Val'"	"0x010D"	"SpectCT.dP.Val"	"SpectCT.dP.Val"	"SpectCT.dP.Val"	"SpectCT.dP.Val"	"SpectCT.dP.Val"	"SpectCT.dP.Val"	"SpectCT.dP.Val"	"SpectCT.dP.Val"	
"0x2203 'SpectCT\SpectCT.dP.Val'"	"0x1102"	"Pa"	"Pa"	"Pa"	"Pa"	"Pa"	"Pa"	"Pa"	"Pa"	
"0x2203 'SpectCT\SpectCT.dP.Val'"	"0x1214"	"Pa"	"Pa"	"Pa"	"Pa"	"Pa"	"Pa"	"Pa"	"Pa"	
"0x2300 'SpectCT\SpectCT.SpdP'"	"0x1100"	"SpdP"	"SpdP"	"SpdP"	"SpdP"	"SpdP"	"SpdP"	"SpdP"	"SpdP"	
"0x2300 'SpectCT\SpectCT.SpdP'"	"0x010D"	"SpectCT.SpdP"	"SpectCT.SpdP"	"SpectCT.SpdP"	"SpectCT.SpdP"	"SpectCT.SpdP"	"SpectCT.SpdP"	"SpectCT.SpdP"	"SpectCT.SpdP"	
"0x2300 'SpectCT\SpectCT.SpdP'"	"0x1102"	"Pa"	"Pa"	"Pa"	"Pa"	"Pa"	"Pa"	"Pa"	"Pa"	
"0x2308 'SpectCT\SpectCT.dPCtl'"	"0x1100"	"dPCtl"	"dPCtl"	"dPCtl"	"dPCtl"	"dPCtl"	"dPCtl"	"dPCtl"	"dPCtl"	
"0x2308 'SpectCT\SpectCT.dPCtl'"	"0x010D"	"SpectCT.dPCtl"	"SpectCT.dPCtl"	"SpectCT.dPCtl"	"SpectCT.dPCtl"	"SpectCT.dPCtl"	"SpectCT.dPCtl"	"SpectCT.dPCtl"	"SpectCT.dPCtl"	
"0x2202 'SpectCT\SpectCT.dPCtl.AggrMod'"	"0x1100"	"AggrMod"	"AggrMod"	"AggrMod"	"AggrMod"	"AggrMod"	"AggrMod"	"AggrMod"	"AggrMod"	
"0x2202 'SpectCT\SpectCT.dPCtl.AggrMod'"	"0x010D"	"SpectCT.dPCtl.AggrMod"	"SpectCT.dPCtl.AggrMod"	"SpectCT.dPCtl.AggrMod"	"SpectCT.dPCtl.AggrMod"	"SpectCT.dPCtl.AggrMod"	"SpectCT.dPCtl.AggrMod"	"SpectCT.dPCtl.AggrMod"	"SpectCT.dPCtl.AggrMod"	
"0x2202 'SpectCT\SpectCT.dPCtl.AggrMod'"	"0x1101"	"Auto*Off*On*Dmd*Loop*Low*High"	"Auto*Off*On*Dmd*Loop*Low*High"	"Auto*Off*On*Dmd*Loop*Low*High"	"Auto*Off*On*Dmd*Loop*Low*High"	"Auto*Off*On*Dmd*Loop*Low*High"	"Auto*Off*On*Dmd*Loop*Low*High"	"Auto*Off*On*Dmd*Loop*Low*High"	"Auto*Off*On*Dmd*Loop*Low*High"	
"0x2300 'SpectCT\SpectCT.dPCtl.SwiOn'"	"0x1100"	"SwiOn"	"SwiOn"	"SwiOn"	"SwiOn"	"SwiOn"	"SwiOn"	"SwiOn"	"SwiOn"	
"0x2300 'SpectCT\SpectCT.dPCtl.SwiOn'"	"0x010D"	"SpectCT.dPCtl.SwiOn"	"SpectCT.dPCtl.SwiOn"	"SpectCT.dPCtl.SwiOn"	"SpectCT.dPCtl.SwiOn"	"SpectCT.dPCtl.SwiOn"	"SpectCT.dPCtl.SwiOn"	"SpectCT.dPCtl.SwiOn"	"SpectCT.dPCtl.SwiOn"	
"0x2300 'SpectCT\SpectCT.dPCtl.SwiOn'"	"0x1102"	"%"	"%"	"%"	"%"	"%"	"%"	"%"	"%"	
"0x2300 'SpectCT\SpectCT.dPCtl.Low'"	"0x1100"	"Low"	"Low"	"Low"	"Low"	"Low"	"Low"	"Low"	"Low"	
"0x2300 'SpectCT\SpectCT.dPCtl.Low'"	"0x010D"	"SpectCT.dPCtl.Low"	"SpectCT.dPCtl.Low"	"SpectCT.dPCtl.Low"	"SpectCT.dPCtl.Low"	"SpectCT.dPCtl.Low"	"SpectCT.dPCtl.Low"	"SpectCT.dPCtl.Low"	"SpectCT.dPCtl.Low"	
"0x2300 'SpectCT\SpectCT.dPCtl.Low'"	"0x1102"	"%"	"%"	"%"	"%"	"%"	"%"	"%"	"%"	
"0x2300 'SpectCT\SpectCT.dPCtl.High'"	"0x1100"	"High"	"High"	"High"	"High"	"High"	"High"	"High"	"High"	
"0x2300 'SpectCT\SpectCT.dPCtl.High'"	"0x010D"	"SpectCT.dPCtl.High"	"SpectCT.dPCtl.High"	"SpectCT.dPCtl.High"	"SpectCT.dPCtl.High"	"SpectCT.dPCtl.High"	"SpectCT.dPCtl.High"	"SpectCT.dPCtl.High"	"SpectCT.dPCtl.High"	
"0x2300 'SpectCT\SpectCT.dPCtl.High'"	"0x1102"	"%"	"%"	"%"	"%"	"%"	"%"	"%"	"%"	
"0x2308 'SpectCT\SpectCT.DmpSup'"	"0x1100"	"DmpSup"	"DmpSup"	"DmpSup"	"DmpSup"	"DmpSup"	"DmpSup"	"DmpSup"	"DmpSup"	
"0x2308 'SpectCT\SpectCT.DmpSup'"	"0x010D"	"SpectCT.DmpSup"	"SpectCT.DmpSup"	"SpectCT.DmpSup"	"SpectCT.DmpSup"	"SpectCT.DmpSup"	"SpectCT.DmpSup"	"SpectCT.DmpSup"	"SpectCT.DmpSup"	
"0x2304 'SpectCT\SpectCT.DmpSup.RefIO'"	"0x1100"	"RefIO"	"RefIO"	"RefIO"	"RefIO"	"RefIO"	"RefIO"	"RefIO"	"RefIO"	
"0x2304 'SpectCT\SpectCT.DmpSup.RefIO'"	"0x010D"	"SpectCT.DmpSup.RefIO"	"SpectCT.DmpSup.RefIO"	"SpectCT.DmpSup.RefIO"	"SpectCT.DmpSup.RefIO"	"SpectCT.DmpSup.RefIO"	"SpectCT.DmpSup.RefIO"	"SpectCT.DmpSup.RefIO"	"SpectCT.DmpSup.RefIO"	
"0x2206 'SpectCT\SpectCT.DmpSup.Cmd'"	"0x1100"	"Cmd"	"Cmd"	"Cmd"	"Cmd"	"Cmd"	"Cmd"	"Cmd"	"Cmd"	
"0x2206 'SpectCT\SpectCT.DmpSup.Cmd'"	"0x010D"	"SpectCT.DmpSup.Cmd"	"SpectCT.DmpSup.Cmd"	"SpectCT.DmpSup.Cmd"	"SpectCT.DmpSup.Cmd"	"SpectCT.DmpSup.Cmd"	"SpectCT.DmpSup.Cmd"	"SpectCT.DmpSup.Cmd"	"SpectCT.DmpSup.Cmd"	
"0x2206 'SpectCT\SpectCT.DmpSup.Cmd'"	"0x1102"	"%"	"%"	"%"	"%"	"%"	"%"	"%"	"%"	
"0x2206 'SpectCT\SpectCT.DmpSup.Cmd'"	"0x1214"	"%"	"%"	"%"	"%"	"%"	"%"	"%"	"%"	
"0x2310 'SpectCT\SpectCT.DmpSup.Pos'"	"0x1100"	"Pos"	"Pos"	"Pos"	"Pos"	"Pos"	"Pos"	"Pos"	"Pos"	
"0x2310 'SpectCT\SpectCT.DmpSup.Pos'"	"0x010D"	"SpectCT.DmpSup.Pos"	"SpectCT.DmpSup.Pos"	"SpectCT.DmpSup.Pos"	"SpectCT.DmpSup.Pos"	"SpectCT.DmpSup.Pos"	"SpectCT.DmpSup.Pos"	"SpectCT.DmpSup.Pos"	"SpectCT.DmpSup.Pos"	
"0x2310 'SpectCT\SpectCT.DmpSup.Pos'"	"0x1101"	"Idle*Pos+*Pos-*Sync+*Sync-"	"Idle*Pos+*Pos-*Sync+*Sync-"	"Idle*Pos+*Pos-*Sync+*Sync-"	"Idle*Pos+*Pos-*Sync+*Sync-"	"Idle*Pos+*Pos-*Sync+*Sync-"	"Idle*Pos+*Pos-*Sync+*Sync-"	"Idle*Pos+*Pos-*Sync+*Sync-"	"Idle*Pos+*Pos-*Sync+*Sync-"	
"0x2308 'SpectCT\SpectCT.DmpExt'"	"0x1100"	"DmpExt"	"DmpExt"	"DmpExt"	"DmpExt"	"DmpExt"	"DmpExt"	"DmpExt"	"DmpExt"	
"0x2308 'SpectCT\SpectCT.DmpExt'"	"0x010D"	"SpectCT.DmpExt"	"SpectCT.DmpExt"	"SpectCT.DmpExt"	"SpectCT.DmpExt"	"SpectCT.DmpExt"	"SpectCT.DmpExt"	"SpectCT.DmpExt"	"SpectCT.DmpExt"	
"0x2304 'SpectCT\SpectCT.DmpExt.RefIO'"	"0x1100"	"RefIO"	"RefIO"	"RefIO"	"RefIO"	"RefIO"	"RefIO"	"RefIO"	"RefIO"	
"0x2304 'SpectCT\SpectCT.DmpExt.RefIO'"	"0x010D"	"SpectCT.DmpExt.RefIO"	"SpectCT.DmpExt.RefIO"	"SpectCT.DmpExt.RefIO"	"SpectCT.DmpExt.RefIO"	"SpectCT.DmpExt.RefIO"	"SpectCT.DmpExt.RefIO"	"SpectCT.DmpExt.RefIO"	"SpectCT.DmpExt.RefIO"	
"0x2206 'SpectCT\SpectCT.DmpExt.Cmd'"	"0x1100"	"Cmd"	"Cmd"	"Cmd"	"Cmd"	"Cmd"	"Cmd"	"Cmd"	"Cmd"	
"0x2206 'SpectCT\SpectCT.DmpExt.Cmd'"	"0x010D"	"SpectCT.DmpExt.Cmd"	"SpectCT.DmpExt.Cmd"	"SpectCT.DmpExt.Cmd"	"SpectCT.DmpExt.Cmd"	"SpectCT.DmpExt.Cmd"	"SpectCT.DmpExt.Cmd"	"SpectCT.DmpExt.Cmd"	"SpectCT.DmpExt.Cmd"	
"0x2206 'SpectCT\SpectCT.DmpExt.Cmd'"	"0x1102"	"%"	"%"	"%"	"%"	"%"	"%"	"%"	"%"	
"0x2206 'SpectCT\SpectCT.DmpExt.Cmd'"	"0x1214"	"%"	"%"	"%"	"%"	"%"	"%"	"%"	"%"	
"0x2310 'SpectCT\SpectCT.DmpExt.Pos'"	"0x1100"	"Pos"	"Pos"	"Pos"	"Pos"	"Pos"	"Pos"	"Pos"	"Pos"	
"0x2310 'SpectCT\SpectCT.DmpExt.Pos'"	"0x010D"	"SpectCT.DmpExt.Pos"	"SpectCT.DmpExt.Pos"	"SpectCT.DmpExt.Pos"	"SpectCT.DmpExt.Pos"	"SpectCT.DmpExt.Pos"	"SpectCT.DmpExt.Pos"	"SpectCT.DmpExt.Pos"	"SpectCT.DmpExt.Pos"	
"0x2310 'SpectCT\SpectCT.DmpExt.Pos'"	"0x1101"	"Idle*Pos+*Pos-*Sync+*Sync-"	"Idle*Pos+*Pos-*Sync+*Sync-"	"Idle*Pos+*Pos-*Sync+*Sync-"	"Idle*Pos+*Pos-*Sync+*Sync-"	"Idle*Pos+*Pos-*Sync+*Sync-"	"Idle*Pos+*Pos-*Sync+*Sync-"	"Idle*Pos+*Pos-*Sync+*Sync-"	"Idle*Pos+*Pos-*Sync+*Sync-"	
"0x2308 'SpectCT\SpectCT.TR'"	"0x1100"	"TR"	"TR"	"TR"	"TR"	"TR"	"TR"	"TR"	"TR"	
"0x2308 'SpectCT\SpectCT.TR'"	"0x010D"	"SpectCT.TR"	"SpectCT.TR"	"SpectCT.TR"	"SpectCT.TR"	"SpectCT.TR"	"SpectCT.TR"	"SpectCT.TR"	"SpectCT.TR"	
"0x2300 'SpectCT\SpectCT.TR.SpTiCom'"	"0x1100"	"SpTiCom"	"SpTiCom"	"SpTiCom"	"SpTiCom"	"SpTiCom"	"SpTiCom"	"SpTiCom"	"SpTiCom"	
"0x2300 'SpectCT\SpectCT.TR.SpTiCom'"	"0x010D"	"SpectCT.TR.SpTiCom"	"SpectCT.TR.SpTiCom"	"SpectCT.TR.SpTiCom"	"SpectCT.TR.SpTiCom"	"SpectCT.TR.SpTiCom"	"SpectCT.TR.SpTiCom"	"SpectCT.TR.SpTiCom"	"SpectCT.TR.SpTiCom"	
"0x2300 'SpectCT\SpectCT.TR.SpTiCom'"	"0x1102"	"s"	"s"	"s"	"s"	"s"	"s"	"s"	"s"	
"0x2203 'SpectCT\SpectCT.TR.Val'"	"0x1100"	"Val"	"Val"	"Val"	"Val"	"Val"	"Val"	"Val"	"Val"	
"0x2203 'SpectCT\SpectCT.TR.Val'"	"0x010D"	"SpectCT.TR.Val"	"SpectCT.TR.Val"	"SpectCT.TR.Val"	"SpectCT.TR.Val"	"SpectCT.TR.Val"	"SpectCT.TR.Val"	"SpectCT.TR.Val"	"SpectCT.TR.Val"	
"0x2203 'SpectCT\SpectCT.TR.Val'"	"0x1102"	"°C"	"°C"	"°C"	"°C"	"°C"	"°C"	"°C"	"°C"	
"0x2203 'SpectCT\SpectCT.TR.Val'"	"0x1214"	"dK"	"dK"	"dK"	"dK"	"dK"	"dK"	"dK"	"dK"	
"0x2308 'SpectCT\SpectCT.TSup'"	"0x1100"	"TSup"	"TSup"	"TSup"	"TSup"	"TSup"	"TSup"	"TSup"	"TSup"	
"0x2308 'SpectCT\SpectCT.TSup'"	"0x010D"	"SpectCT.TSup"	"SpectCT.TSup"	"SpectCT.TSup"	"SpectCT.TSup"	"SpectCT.TSup"	"SpectCT.TSup"	"SpectCT.TSup"	"SpectCT.TSup"	
"0x2304 'SpectCT\SpectCT.TSup.RefIO'"	"0x1100"	"RefIO"	"RefIO"	"RefIO"	"RefIO"	"RefIO"	"RefIO"	"RefIO"	"RefIO"	
"0x2304 'SpectCT\SpectCT.TSup.RefIO'"	"0x010D"	"SpectCT.TSup.RefIO"	"SpectCT.TSup.RefIO"	"SpectCT.TSup.RefIO"	"SpectCT.TSup.RefIO"	"SpectCT.TSup.RefIO"	"SpectCT.TSup.RefIO"	"SpectCT.TSup.RefIO"	"SpectCT.TSup.RefIO"	
"0x2203 'SpectCT\SpectCT.TSup.Val'"	"0x1100"	"Val"	"Val"	"Val"	"Val"	"Val"	"Val"	"Val"	"Val"	
"0x2203 'SpectCT\SpectCT.TSup.Val'"	"0x010D"	"SpectCT.TSup.Val"	"SpectCT.TSup.Val"	"SpectCT.TSup.Val"	"SpectCT.TSup.Val"	"SpectCT.TSup.Val"	"SpectCT.TSup.Val"	"SpectCT.TSup.Val"	"SpectCT.TSup.Val"	
"0x2203 'SpectCT\SpectCT.TSup.Val'"	"0x1102"	"°C"	"°C"	"°C"	"°C"	"°C"	"°C"	"°C"	"°C"	
"0x2203 'SpectCT\SpectCT.TSup.Val'"	"0x1214"	"dK"	"dK"	"dK"	"dK"	"dK"	"dK"	"dK"	"dK"	
"0x2304 'SpectCT\SpectCT.Ime'"	"0x1100"	"Ime"	"Ime"	"Ime"	"Ime"	"Ime"	"Ime"	"Ime"	"Ime"	
"0x2304 'SpectCT\SpectCT.Ime'"	"0x010D"	"SpectCT.Ime"	"SpectCT.Ime"	"SpectCT.Ime"	"SpectCT.Ime"	"SpectCT.Ime"	"SpectCT.Ime"	"SpectCT.Ime"	"SpectCT.Ime"	
"0x2300 'SpectCT\SpectCT.SpSupPos'"	"0x1100"	"SpSupPos"	"SpSupPos"	"SpSupPos"	"SpSupPos"	"SpSupPos"	"SpSupPos"	"SpSupPos"	"SpSupPos"	
"0x2300 'SpectCT\SpectCT.SpSupPos'"	"0x010D"	"SpectCT.SpSupPos"	"SpectCT.SpSupPos"	"SpectCT.SpSupPos"	"SpectCT.SpSupPos"	"SpectCT.SpSupPos"	"SpectCT.SpSupPos"	"SpectCT.SpSupPos"	"SpectCT.SpSupPos"	
"0x2300 'SpectCT\SpectCT.SpSupPos'"	"0x1102"	"Pa"	"Pa"	"Pa"	"Pa"	"Pa"	"Pa"	"Pa"	"Pa"	
"0x2309 '0x031D\SpectCT2'"	"0x1100"	"SpectCT2"	"SpectCT2"	"SpectCT2"	"SpectCT2"	"SpectCT2"	"SpectCT2"	"SpectCT2"	"SpectCT2"	
"0x2309 '0x031D\SpectCT2'"	"0x010D"	"SpectCT2"	"SpectCT2"	"SpectCT2"	"SpectCT2"	"SpectCT2"	"SpectCT2"	"SpectCT2"	"SpectCT2"	
"0x2308 'SpectCT2\SpectCT2.dP'"	"0x1100"	"dP"	"dP"	"dP"	"dP"	"dP"	"dP"	"dP"	"dP"	
"0x2308 'SpectCT2\SpectCT2.dP'"	"0x010D"	"SpectCT2.dP"	"SpectCT2.dP"	"SpectCT2.dP"	"SpectCT2.dP"	"SpectCT2.dP"	"SpectCT2.dP"	"SpectCT2.dP"	"SpectCT2.dP"	
"0x2304 'SpectCT2\SpectCT2.dP.RefIO'"	"0x1100"	"RefIO"	"RefIO"	"RefIO"	"RefIO"	"RefIO"	"RefIO"	"RefIO"	"RefIO"	
"0x2304 'SpectCT2\SpectCT2.dP.RefIO'"	"0x010D"	"SpectCT2.dP.RefIO"	"SpectCT2.dP.RefIO"	"SpectCT2.dP.RefIO"	"SpectCT2.dP.RefIO"	"SpectCT2.dP.RefIO"	"SpectCT2.dP.RefIO"	"SpectCT2.dP.RefIO"	"SpectCT2.dP.RefIO"	
"0x2203 'SpectCT2\SpectCT2.dP.Val'"	"0x1100"	"Val"	"Val"	"Val"	"Val"	"Val"	"Val"	"Val"	"Val"	
"0x2203 'SpectCT2\SpectCT2.dP.Val'"	"0x010D"	"SpectCT2.dP.Val"	"SpectCT2.dP.Val"	"SpectCT2.dP.Val"	"SpectCT2.dP.Val"	"SpectCT2.dP.Val"	"SpectCT2.dP.Val"	"SpectCT2.dP.Val"	"SpectCT2.dP.Val"	
"0x2203 'SpectCT2\SpectCT2.dP.Val'"	"0x1102"	"Pa"	"Pa"	"Pa"	"Pa"	"Pa"	"Pa"	"Pa"	"Pa"	
"0x2203 'SpectCT2\SpectCT2.dP.Val'"	"0x1214"	"Pa"	"Pa"	"Pa"	"Pa"	"Pa"	"Pa"	"Pa"	"Pa"	
"0x2300 'SpectCT2\SpectCT2.SpdP'"	"0x1100"	"SpdP"	"SpdP"	"SpdP"	"SpdP"	"SpdP"	"SpdP"	"SpdP"	"SpdP"	
"0x2300 'SpectCT2\SpectCT2.SpdP'"	"0x010D"	"SpectCT2.SpdP"	"SpectCT2.SpdP"	"SpectCT2.SpdP"	"SpectCT2.SpdP"	"SpectCT2.SpdP"	"SpectCT2.SpdP"	"SpectCT2.SpdP"	"SpectCT2.SpdP"	
"0x2300 'SpectCT2\SpectCT2.SpdP'"	"0x1102"	"Pa"	"Pa"	"Pa"	"Pa"	"Pa"	"Pa"	"Pa"	"Pa"	
"0x2308 'SpectCT2\SpectCT2.dPCtl'"	"0x1100"	"dPCtl"	"dPCtl"	"dPCtl"	"dPCtl"	"dPCtl"	"dPCtl"	"dPCtl"	"dPCtl"	
"0x2308 'SpectCT2\SpectCT2.dPCtl'"	"0x010D"	"SpectCT2.dPCtl"	"SpectCT2.dPCtl"	"SpectCT2.dPCtl"	"SpectCT2.dPCtl"	"SpectCT2.dPCtl"	"SpectCT2.dPCtl"	"SpectCT2.dPCtl"	"SpectCT2.dPCtl"	
"0x2202 'SpectCT2\SpectCT2.dPCtl.AggrMod'"	"0x1100"	"AggrMod"	"AggrMod"	"AggrMod"	"AggrMod"	"AggrMod"	"AggrMod"	"AggrMod"	"AggrMod"	
"0x2202 'SpectCT2\SpectCT2.dPCtl.AggrMod'"	"0x010D"	"SpectCT2.dPCtl.AggrMod"	"SpectCT2.dPCtl.AggrMod"	"SpectCT2.dPCtl.AggrMod"	"SpectCT2.dPCtl.AggrMod"	"SpectCT2.dPCtl.AggrMod"	"SpectCT2.dPCtl.AggrMod"	"SpectCT2.dPCtl.AggrMod"	"SpectCT2.dPCtl.AggrMod"	
"0x2202 'SpectCT2\SpectCT2.dPCtl.AggrMod'"	"0x1101"	"Auto*Off*On*Dmd*Loop*Low*High"	"Auto*Off*On*Dmd*Loop*Low*High"	"Auto*Off*On*Dmd*Loop*Low*High"	"Auto*Off*On*Dmd*Loop*Low*High"	"Auto*Off*On*Dmd*Loop*Low*High"	"Auto*Off*On*Dmd*Loop*Low*High"	"Auto*Off*On*Dmd*Loop*Low*High"	"Auto*Off*On*Dmd*Loop*Low*High"	
"0x2300 'SpectCT2\SpectCT2.dPCtl.SwiOn'"	"0x1100"	"SwiOn"	"SwiOn"	"SwiOn"	"SwiOn"	"SwiOn"	"SwiOn"	"SwiOn"	"SwiOn"	
"0x2300 'SpectCT2\SpectCT2.dPCtl.SwiOn'"	"0x010D"	"SpectCT2.dPCtl.SwiOn"	"SpectCT2.dPCtl.SwiOn"	"SpectCT2.dPCtl.SwiOn"	"SpectCT2.dPCtl.SwiOn"	"SpectCT2.dPCtl.SwiOn"	"SpectCT2.dPCtl.SwiOn"	"SpectCT2.dPCtl.SwiOn"	"SpectCT2.dPCtl.SwiOn"	
"0x2300 'SpectCT2\SpectCT2.dPCtl.SwiOn'"	"0x1102"	"%"	"%"	"%"	"%"	"%"	"%"	"%"	"%"	
"0x2300 'SpectCT2\SpectCT2.dPCtl.Low'"	"0x1100"	"Low"	"Low"	"Low"	"Low"	"Low"	"Low"	"Low"	"Low"	
"0x2300 'SpectCT2\SpectCT2.dPCtl.Low'"	"0x010D"	"SpectCT2.dPCtl.Low"	"SpectCT2.dPCtl.Low"	"SpectCT2.dPCtl.Low"	"SpectCT2.dPCtl.Low"	"SpectCT2.dPCtl.Low"	"SpectCT2.dPCtl.Low"	"SpectCT2.dPCtl.Low"	"SpectCT2.dPCtl.Low"	
"0x2300 'SpectCT2\SpectCT2.dPCtl.Low'"	"0x1102"	"%"	"%"	"%"	"%"	"%"	"%"	"%"	"%"	
"0x2300 'SpectCT2\SpectCT2.dPCtl.High'"	"0x1100"	"High"	"High"	"High"	"High"	"High"	"High"	"High"	"High"	
"0x2300 'SpectCT2\SpectCT2.dPCtl.High'"	"0x010D"	"SpectCT2.dPCtl.High"	"SpectCT2.dPCtl.High"	"SpectCT2.dPCtl.High"	"SpectCT2.dPCtl.High"	"SpectCT2.dPCtl.High"	"SpectCT2.dPCtl.High"	"SpectCT2.dPCtl.High"	"SpectCT2.dPCtl.High"	
"0x2300 'SpectCT2\SpectCT2.dPCtl.High'"	"0x1102"	"%"	"%"	"%"	"%"	"%"	"%"	"%"	"%"	
"0x2308 'SpectCT2\SpectCT2.DmpSup'"	"0x1100"	"DmpSup"	"DmpSup"	"DmpSup"	"DmpSup"	"DmpSup"	"DmpSup"	"DmpSup"	"DmpSup"	
"0x2308 'SpectCT2\SpectCT2.DmpSup'"	"0x010D"	"SpectCT2.DmpSup"	"SpectCT2.DmpSup"	"SpectCT2.DmpSup"	"SpectCT2.DmpSup"	"SpectCT2.DmpSup"	"SpectCT2.DmpSup"	"SpectCT2.DmpSup"	"SpectCT2.DmpSup"	
"0x2304 'SpectCT2\SpectCT2.DmpSup.RefIO'"	"0x1100"	"RefIO"	"RefIO"	"RefIO"	"RefIO"	"RefIO"	"RefIO"	"RefIO"	"RefIO"	
"0x2304 'SpectCT2\SpectCT2.DmpSup.RefIO'"	"0x010D"	"SpectCT2.DmpSup.RefIO"	"SpectCT2.DmpSup.RefIO"	"SpectCT2.DmpSup.RefIO"	"SpectCT2.DmpSup.RefIO"	"SpectCT2.DmpSup.RefIO"	"SpectCT2.DmpSup.RefIO"	"SpectCT2.DmpSup.RefIO"	"SpectCT2.DmpSup.RefIO"	
"0x2206 'SpectCT2\SpectCT2.DmpSup.Cmd'"	"0x1100"	"Cmd"	"Cmd"	"Cmd"	"Cmd"	"Cmd"	"Cmd"	"Cmd"	"Cmd"	
"0x2206 'SpectCT2\SpectCT2.DmpSup.Cmd'"	"0x010D"	"SpectCT2.DmpSup.Cmd"	"SpectCT2.DmpSup.Cmd"	"SpectCT2.DmpSup.Cmd"	"SpectCT2.DmpSup.Cmd"	"SpectCT2.DmpSup.Cmd"	"SpectCT2.DmpSup.Cmd"	"SpectCT2.DmpSup.Cmd"	"SpectCT2.DmpSup.Cmd"	
"0x2206 'SpectCT2\SpectCT2.DmpSup.Cmd'"	"0x1102"	"%"	"%"	"%"	"%"	"%"	"%"	"%"	"%"	
"0x2206 'SpectCT2\SpectCT2.DmpSup.Cmd'"	"0x1214"	"%"	"%"	"%"	"%"	"%"	"%"	"%"	"%"	
"0x2310 'SpectCT2\SpectCT2.DmpSup.Pos'"	"0x1100"	"Pos"	"Pos"	"Pos"	"Pos"	"Pos"	"Pos"	"Pos"	"Pos"	
"0x2310 'SpectCT2\SpectCT2.DmpSup.Pos'"	"0x010D"	"SpectCT2.DmpSup.Pos"	"SpectCT2.DmpSup.Pos"	"SpectCT2.DmpSup.Pos"	"SpectCT2.DmpSup.Pos"	"SpectCT2.DmpSup.Pos"	"SpectCT2.DmpSup.Pos"	"SpectCT2.DmpSup.Pos"	"SpectCT2.DmpSup.Pos"	
"0x2310 'SpectCT2\SpectCT2.DmpSup.Pos'"	"0x1101"	"Idle*Pos+*Pos-*Sync+*Sync-"	"Idle*Pos+*Pos-*Sync+*Sync-"	"Idle*Pos+*Pos-*Sync+*Sync-"	"Idle*Pos+*Pos-*Sync+*Sync-"	"Idle*Pos+*Pos-*Sync+*Sync-"	"Idle*Pos+*Pos-*Sync+*Sync-"	"Idle*Pos+*Pos-*Sync+*Sync-"	"Idle*Pos+*Pos-*Sync+*Sync-"	
"0x2308 'SpectCT2\SpectCT2.DmpExt'"	"0x1100"	"DmpExt"	"DmpExt"	"DmpExt"	"DmpExt"	"DmpExt"	"DmpExt"	"DmpExt"	"DmpExt"	
"0x2308 'SpectCT2\SpectCT2.DmpExt'"	"0x010D"	"SpectCT2.DmpExt"	"SpectCT2.DmpExt"	"SpectCT2.DmpExt"	"SpectCT2.DmpExt"	"SpectCT2.DmpExt"	"SpectCT2.DmpExt"	"SpectCT2.DmpExt"	"SpectCT2.DmpExt"	
"0x2304 'SpectCT2\SpectCT2.DmpExt.RefIO'"	"0x1100"	"RefIO"	"RefIO"	"RefIO"	"RefIO"	"RefIO"	"RefIO"	"RefIO"	"RefIO"	
"0x2304 'SpectCT2\SpectCT2.DmpExt.RefIO'"	"0x010D"	"SpectCT2.DmpExt.RefIO"	"SpectCT2.DmpExt.RefIO"	"SpectCT2.DmpExt.RefIO"	"SpectCT2.DmpExt.RefIO"	"SpectCT2.DmpExt.RefIO"	"SpectCT2.DmpExt.RefIO"	"SpectCT2.DmpExt.RefIO"	"SpectCT2.DmpExt.RefIO"	
"0x2206 'SpectCT2\SpectCT2.DmpExt.Cmd'"	"0x1100"	"Cmd"	"Cmd"	"Cmd"	"Cmd"	"Cmd"	"Cmd"	"Cmd"	"Cmd"	
"0x2206 'SpectCT2\SpectCT2.DmpExt.Cmd'"	"0x010D"	"SpectCT2.DmpExt.Cmd"	"SpectCT2.DmpExt.Cmd"	"SpectCT2.DmpExt.Cmd"	"SpectCT2.DmpExt.Cmd"	"SpectCT2.DmpExt.Cmd"	"SpectCT2.DmpExt.Cmd"	"SpectCT2.DmpExt.Cmd"	"SpectCT2.DmpExt.Cmd"	
"0x2206 'SpectCT2\SpectCT2.DmpExt.Cmd'"	"0x1102"	"%"	"%"	"%"	"%"	"%"	"%"	"%"	"%"	
"0x2206 'SpectCT2\SpectCT2.DmpExt.Cmd'"	"0x1214"	"%"	"%"	"%"	"%"	"%"	"%"	"%"	"%"	
"0x2310 'SpectCT2\SpectCT2.DmpExt.Pos'"	"0x1100"	"Pos"	"Pos"	"Pos"	"Pos"	"Pos"	"Pos"	"Pos"	"Pos"	
"0x2310 'SpectCT2\SpectCT2.DmpExt.Pos'"	"0x010D"	"SpectCT2.DmpExt.Pos"	"SpectCT2.DmpExt.Pos"	"SpectCT2.DmpExt.Pos"	"SpectCT2.DmpExt.Pos"	"SpectCT2.DmpExt.Pos"	"SpectCT2.DmpExt.Pos"	"SpectCT2.DmpExt.Pos"	"SpectCT2.DmpExt.Pos"	
"0x2310 'SpectCT2\SpectCT2.DmpExt.Pos'"	"0x1101"	"Idle*Pos+*Pos-*Sync+*Sync-"	"Idle*Pos+*Pos-*Sync+*Sync-"	"Idle*Pos+*Pos-*Sync+*Sync-"	"Idle*Pos+*Pos-*Sync+*Sync-"	"Idle*Pos+*Pos-*Sync+*Sync-"	"Idle*Pos+*Pos-*Sync+*Sync-"	"Idle*Pos+*Pos-*Sync+*Sync-"	"Idle*Pos+*Pos-*Sync+*Sync-"	
"0x2308 'SpectCT2\SpectCT2.TR'"	"0x1100"	"TR"	"TR"	"TR"	"TR"	"TR"	"TR"	"TR"	"TR"	
"0x2308 'SpectCT2\SpectCT2.TR'"	"0x010D"	"SpectCT2.TR"	"SpectCT2.TR"	"SpectCT2.TR"	"SpectCT2.TR"	"SpectCT2.TR"	"SpectCT2.TR"	"SpectCT2.TR"	"SpectCT2.TR"	
"0x2300 'SpectCT2\SpectCT2.TR.SpTiCom'"	"0x1100"	"SpTiCom"	"SpTiCom"	"SpTiCom"	"SpTiCom"	"SpTiCom"	"SpTiCom"	"SpTiCom"	"SpTiCom"	
"0x2300 'SpectCT2\SpectCT2.TR.SpTiCom'"	"0x010D"	"SpectCT2.TR.SpTiCom"	"SpectCT2.TR.SpTiCom"	"SpectCT2.TR.SpTiCom"	"SpectCT2.TR.SpTiCom"	"SpectCT2.TR.SpTiCom"	"SpectCT2.TR.SpTiCom"	"SpectCT2.TR.SpTiCom"	"SpectCT2.TR.SpTiCom"	
"0x2300 'SpectCT2\SpectCT2.TR.SpTiCom'"	"0x1102"	"s"	"s"	"s"	"s"	"s"	"s"	"s"	"s"	
"0x2203 'SpectCT2\SpectCT2.TR.Val'"	"0x1100"	"Val"	"Val"	"Val"	"Val"	"Val"	"Val"	"Val"	"Val"	
"0x2203 'SpectCT2\SpectCT2.TR.Val'"	"0x010D"	"SpectCT2.TR.Val"	"SpectCT2.TR.Val"	"SpectCT2.TR.Val"	"SpectCT2.TR.Val"	"SpectCT2.TR.Val"	"SpectCT2.TR.Val"	"SpectCT2.TR.Val"	"SpectCT2.TR.Val"	
"0x2203 'SpectCT2\SpectCT2.TR.Val'"	"0x1102"	"°C"	"°C"	"°C"	"°C"	"°C"	"°C"	"°C"	"°C"	
"0x2203 'SpectCT2\SpectCT2.TR.Val'"	"0x1214"	"dK"	"dK"	"dK"	"dK"	"dK"	"dK"	"dK"	"dK"	
"0x2308 'SpectCT2\SpectCT2.TSup'"	"0x1100"	"TSup"	"TSup"	"TSup"	"TSup"	"TSup"	"TSup"	"TSup"	"TSup"	
"0x2308 'SpectCT2\SpectCT2.TSup'"	"0x010D"	"SpectCT2.TSup"	"SpectCT2.TSup"	"SpectCT2.TSup"	"SpectCT2.TSup"	"SpectCT2.TSup"	"SpectCT2.TSup"	"SpectCT2.TSup"	"SpectCT2.TSup"	
"0x2304 'SpectCT2\SpectCT2.TSup.RefIO'"	"0x1100"	"RefIO"	"RefIO"	"RefIO"	"RefIO"	"RefIO"	"RefIO"	"RefIO"	"RefIO"	
"0x2304 'SpectCT2\SpectCT2.TSup.RefIO'"	"0x010D"	"SpectCT2.TSup.RefIO"	"SpectCT2.TSup.RefIO"	"SpectCT2.TSup.RefIO"	"SpectCT2.TSup.RefIO"	"SpectCT2.TSup.RefIO"	"SpectCT2.TSup.RefIO"	"SpectCT2.TSup.RefIO"	"SpectCT2.TSup.RefIO"	
"0x2203 'SpectCT2\SpectCT2.TSup.Val'"	"0x1100"	"Val"	"Val"	"Val"	"Val"	"Val"	"Val"	"Val"	"Val"	
"0x2203 'SpectCT2\SpectCT2.TSup.Val'"	"0x010D"	"SpectCT2.TSup.Val"	"SpectCT2.TSup.Val"	"SpectCT2.TSup.Val"	"SpectCT2.TSup.Val"	"SpectCT2.TSup.Val"	"SpectCT2.TSup.Val"	"SpectCT2.TSup.Val"	"SpectCT2.TSup.Val"	
"0x2203 'SpectCT2\SpectCT2.TSup.Val'"	"0x1102"	"°C"	"°C"	"°C"	"°C"	"°C"	"°C"	"°C"	"°C"	
"0x2203 'SpectCT2\SpectCT2.TSup.Val'"	"0x1214"	"dK"	"dK"	"dK"	"dK"	"dK"	"dK"	"dK"	"dK"	
"0x2304 'SpectCT2\SpectCT2.Ime'"	"0x1100"	"Ime"	"Ime"	"Ime"	"Ime"	"Ime"	"Ime"	"Ime"	"Ime"	
"0x2304 'SpectCT2\SpectCT2.Ime'"	"0x010D"	"SpectCT2.Ime"	"SpectCT2.Ime"	"SpectCT2.Ime"	"SpectCT2.Ime"	"SpectCT2.Ime"	"SpectCT2.Ime"	"SpectCT2.Ime"	"SpectCT2.Ime"	
"0x2300 'SpectCT2\SpectCT2.SpSupPos'"	"0x1100"	"SpSupPos"	"SpSupPos"	"SpSupPos"	"SpSupPos"	"SpSupPos"	"SpSupPos"	"SpSupPos"	"SpSupPos"	
"0x2300 'SpectCT2\SpectCT2.SpSupPos'"	"0x010D"	"SpectCT2.SpSupPos"	"SpectCT2.SpSupPos"	"SpectCT2.SpSupPos"	"SpectCT2.SpSupPos"	"SpectCT2.SpSupPos"	"SpectCT2.SpSupPos"	"SpectCT2.SpSupPos"	"SpectCT2.SpSupPos"	
"0x2300 'SpectCT2\SpectCT2.SpSupPos'"	"0x1102"	"Pa"	"Pa"	"Pa"	"Pa"	"Pa"	"Pa"	"Pa"	"Pa"	
"0x2309 '0x031D\aoAvlaUnit'"	"0x1100"	"aoAvlaUnit"	"aoAvlaUnit"	"aoAvlaUnit"	"aoAvlaUnit"	"aoAvlaUnit"	"aoAvlaUnit"	"aoAvlaUnit"	"aoAvlaUnit"	
"0x2309 '0x031D\aoAvlaUnit'"	"0x010D"	"aoAvlaUnit"	"aoAvlaUnit"	"aoAvlaUnit"	"aoAvlaUnit"	"aoAvlaUnit"	"aoAvlaUnit"	"aoAvlaUnit"	"aoAvlaUnit"	
"0x2308 'aoAvlaUnit\aoAvlaUnit.TR'"	"0x1100"	"TR"	"TR"	"TR"	"TR"	"TR"	"TR"	"TR"	"TR"	
"0x2308 'aoAvlaUnit\aoAvlaUnit.TR'"	"0x010D"	"aoAvlaUnit.TR"	"aoAvlaUnit.TR"	"aoAvlaUnit.TR"	"aoAvlaUnit.TR"	"aoAvlaUnit.TR"	"aoAvlaUnit.TR"	"aoAvlaUnit.TR"	"aoAvlaUnit.TR"	
"0x2300 'aoAvlaUnit\aoAvlaUnit.TR.SpTiCom'"	"0x1100"	"SpTiCom"	"SpTiCom"	"SpTiCom"	"SpTiCom"	"SpTiCom"	"SpTiCom"	"SpTiCom"	"SpTiCom"	
"0x2300 'aoAvlaUnit\aoAvlaUnit.TR.SpTiCom'"	"0x010D"	"aoAvlaUnit.TR.SpTiCom"	"aoAvlaUnit.TR.SpTiCom"	"aoAvlaUnit.TR.SpTiCom"	"aoAvlaUnit.TR.SpTiCom"	"aoAvlaUnit.TR.SpTiCom"	"aoAvlaUnit.TR.SpTiCom"	"aoAvlaUnit.TR.SpTiCom"	"aoAvlaUnit.TR.SpTiCom"	
"0x2300 'aoAvlaUnit\aoAvlaUnit.TR.SpTiCom'"	"0x1102"	"s"	"s"	"s"	"s"	"s"	"s"	"s"	"s"	
"0x2203 'aoAvlaUnit\aoAvlaUnit.TR.Val'"	"0x1100"	"Val"	"Val"	"Val"	"Val"	"Val"	"Val"	"Val"	"Val"	
"0x2203 'aoAvlaUnit\aoAvlaUnit.TR.Val'"	"0x010D"	"aoAvlaUnit.TR.Val"	"aoAvlaUnit.TR.Val"	"aoAvlaUnit.TR.Val"	"aoAvlaUnit.TR.Val"	"aoAvlaUnit.TR.Val"	"aoAvlaUnit.TR.Val"	"aoAvlaUnit.TR.Val"	"aoAvlaUnit.TR.Val"	
"0x2203 'aoAvlaUnit\aoAvlaUnit.TR.Val'"	"0x1102"	"°C"	"°C"	"°C"	"°C"	"°C"	"°C"	"°C"	"°C"	
"0x2203 'aoAvlaUnit\aoAvlaUnit.TR.Val'"	"0x1214"	"dK"	"dK"	"dK"	"dK"	"dK"	"dK"	"dK"	"dK"	
"0x2308 'aoAvlaUnit\aoAvlaUnit.FlrAvla'"	"0x1100"	"FlrAvla"	"FlrAvla"	"FlrAvla"	"FlrAvla"	"FlrAvla"	"FlrAvla"	"FlrAvla"	"FlrAvla"	
"0x2308 'aoAvlaUnit\aoAvlaUnit.FlrAvla'"	"0x010D"	"aoAvlaUnit.FlrAvla"	"aoAvlaUnit.FlrAvla"	"aoAvlaUnit.FlrAvla"	"aoAvlaUnit.FlrAvla"	"aoAvlaUnit.FlrAvla"	"aoAvlaUnit.FlrAvla"	"aoAvlaUnit.FlrAvla"	"aoAvlaUnit.FlrAvla"	
"0x2304 'aoAvlaUnit\aoAvlaUnit.FlrAvla.RefIO'"	"0x1100"	"RefIO"	"RefIO"	"RefIO"	"RefIO"	"RefIO"	"RefIO"	"RefIO"	"RefIO"	
"0x2304 'aoAvlaUnit\aoAvlaUnit.FlrAvla.RefIO'"	"0x010D"	"aoAvlaUnit.FlrAvla.RefIO"	"aoAvlaUnit.FlrAvla.RefIO"	"aoAvlaUnit.FlrAvla.RefIO"	"aoAvlaUnit.FlrAvla.RefIO"	"aoAvlaUnit.FlrAvla.RefIO"	"aoAvlaUnit.FlrAvla.RefIO"	"aoAvlaUnit.FlrAvla.RefIO"	"aoAvlaUnit.FlrAvla.RefIO"	
"0x2207 'aoAvlaUnit\aoAvlaUnit.FlrAvla.Cmd'"	"0x1100"	"Cmd"	"Cmd"	"Cmd"	"Cmd"	"Cmd"	"Cmd"	"Cmd"	"Cmd"	
"0x2207 'aoAvlaUnit\aoAvlaUnit.FlrAvla.Cmd'"	"0x010D"	"aoAvlaUnit.FlrAvla.Cmd"	"aoAvlaUnit.FlrAvla.Cmd"	"aoAvlaUnit.FlrAvla.Cmd"	"aoAvlaUnit.FlrAvla.Cmd"	"aoAvlaUnit.FlrAvla.Cmd"	"aoAvlaUnit.FlrAvla.Cmd"	"aoAvlaUnit.FlrAvla.Cmd"	"aoAvlaUnit.FlrAvla.Cmd"	
"0x2207 'aoAvlaUnit\aoAvlaUnit.FlrAvla.Cmd'"	"0x1101"	"Off*On*Auto"	"Off*On*Auto"	"Off*On*Auto"	"Off*On*Auto"	"Off*On*Auto"	"Off*On*Auto"	"Off*On*Auto"	"Off*On*Auto"	
"0x2302 'aoAvlaUnit\aoAvlaUnit.OpModMan'"	"0x1100"	"OpModMan"	"OpModMan"	"OpModMan"	"OpModMan"	"OpModMan"	"OpModMan"	"OpModMan"	"OpModMan"	
"0x2302 'aoAvlaUnit\aoAvlaUnit.OpModMan'"	"0x010D"	"aoAvlaUnit.OpModMan"	"aoAvlaUnit.OpModMan"	"aoAvlaUnit.OpModMan"	"aoAvlaUnit.OpModMan"	"aoAvlaUnit.OpModMan"	"aoAvlaUnit.OpModMan"	"aoAvlaUnit.OpModMan"	"aoAvlaUnit.OpModMan"	
"0x2302 'aoAvlaUnit\aoAvlaUnit.OpModMan'"	"0x1101"	"Prt*Eco*Cmf*Auto"	"Prt*Eco*Cmf*Auto"	"Prt*Eco*Cmf*Auto"	"Prt*Eco*Cmf*Auto"	"Prt*Eco*Cmf*Auto"	"Prt*Eco*Cmf*Auto"	"Prt*Eco*Cmf*Auto"	"Prt*Eco*Cmf*Auto"	
"0x2302 'aoAvlaUnit\aoAvlaUnit.ShedSel'"	"0x1100"	"ShedSel"	"ShedSel"	"ShedSel"	"ShedSel"	"ShedSel"	"ShedSel"	"ShedSel"	"ShedSel"	
"0x2302 'aoAvlaUnit\aoAvlaUnit.ShedSel'"	"0x010D"	"aoAvlaUnit.ShedSel"	"aoAvlaUnit.ShedSel"	"aoAvlaUnit.ShedSel"	"aoAvlaUnit.ShedSel"	"aoAvlaUnit.ShedSel"	"aoAvlaUnit.ShedSel"	"aoAvlaUnit.ShedSel"	"aoAvlaUnit.ShedSel"	
"0x2302 'aoAvlaUnit\aoAvlaUnit.ShedSel'"	"0x1101"	"TSP_1*TSP_2*TSP_3"	"TSP_1*TSP_2*TSP_3"	"TSP_1*TSP_2*TSP_3"	"TSP_1*TSP_2*TSP_3"	"TSP_1*TSP_2*TSP_3"	"TSP_1*TSP_2*TSP_3"	"TSP_1*TSP_2*TSP_3"	"TSP_1*TSP_2*TSP_3"	
"0x2300 'aoAvlaUnit\aoAvlaUnit.SpTRPrt'"	"0x1100"	"SpTRPrt"	"SpTRPrt"	"SpTRPrt"	"SpTRPrt"	"SpTRPrt"	"SpTRPrt"	"SpTRPrt"	"SpTRPrt"	
"0x2300 'aoAvlaUnit\aoAvlaUnit.SpTRPrt'"	"0x010D"	"aoAvlaUnit.SpTRPrt"	"aoAvlaUnit.SpTRPrt"	"aoAvlaUnit.SpTRPrt"	"aoAvlaUnit.SpTRPrt"	"aoAvlaUnit.SpTRPrt"	"aoAvlaUnit.SpTRPrt"	"aoAvlaUnit.SpTRPrt"	"aoAvlaUnit.SpTRPrt"	
"0x2300 'aoAvlaUnit\aoAvlaUnit.SpTRPrt'"	"0x1102"	"°C"	"°C"	"°C"	"°C"	"°C"	"°C"	"°C"	"°C"	
"0x2300 'aoAvlaUnit\aoAvlaUnit.SpTREco'"	"0x1100"	"SpTREco"	"SpTREco"	"SpTREco"	"SpTREco"	"SpTREco"	"SpTREco"	"SpTREco"	"SpTREco"	
"0x2300 'aoAvlaUnit\aoAvlaUnit.SpTREco'"	"0x010D"	"aoAvlaUnit.SpTREco"	"aoAvlaUnit.SpTREco"	"aoAvlaUnit.SpTREco"	"aoAvlaUnit.SpTREco"	"aoAvlaUnit.SpTREco"	"aoAvlaUnit.SpTREco"	"aoAvlaUnit.SpTREco"	"aoAvlaUnit.SpTREco"	
"0x2300 'aoAvlaUnit\aoAvlaUnit.SpTREco'"	"0x1102"	"°C"	"°C"	"°C"	"°C"	"°C"	"°C"	"°C"	"°C"	
"0x2300 'aoAvlaUnit\aoAvlaUnit.SpTRCmf'"	"0x1100"	"SpTRCmf"	"SpTRCmf"	"SpTRCmf"	"SpTRCmf"	"SpTRCmf"	"SpTRCmf"	"SpTRCmf"	"SpTRCmf"	
"0x2300 'aoAvlaUnit\aoAvlaUnit.SpTRCmf'"	"0x010D"	"aoAvlaUnit.SpTRCmf"	"aoAvlaUnit.SpTRCmf"	"aoAvlaUnit.SpTRCmf"	"aoAvlaUnit.SpTRCmf"	"aoAvlaUnit.SpTRCmf"	"aoAvlaUnit.SpTRCmf"	"aoAvlaUnit.SpTRCmf"	"aoAvlaUnit.SpTRCmf"	
"0x2300 'aoAvlaUnit\aoAvlaUnit.SpTRCmf'"	"0x1102"	"°C"	"°C"	"°C"	"°C"	"°C"	"°C"	"°C"	"°C"	
"0x2202 'aoAvlaUnit\aoAvlaUnit.PltMod'"	"0x1100"	"PltMod"	"PltMod"	"PltMod"	"PltMod"	"PltMod"	"PltMod"	"PltMod"	"PltMod"	
"0x2202 'aoAvlaUnit\aoAvlaUnit.PltMod'"	"0x010D"	"aoAvlaUnit.PltMod"	"aoAvlaUnit.PltMod"	"aoAvlaUnit.PltMod"	"aoAvlaUnit.PltMod"	"aoAvlaUnit.PltMod"	"aoAvlaUnit.PltMod"	"aoAvlaUnit.PltMod"	"aoAvlaUnit.PltMod"	
"0x2202 'aoAvlaUnit\aoAvlaUnit.PltMod'"	"0x1101"	"Auto*Off*Ctl*Flt"	"Auto*Off*Ctl*Flt"	"Auto*Off*Ctl*Flt"	"Auto*Off*Ctl*Flt"	"Auto*Off*Ctl*Flt"	"Auto*Off*Ctl*Flt"	"Auto*Off*Ctl*Flt"	"Auto*Off*Ctl*Flt"	
"0x2300 'aoAvlaUnit\SpPWMPT'"	"0x1100"	"SpPWMPT"	"SpPWMPT"	"SpPWMPT"	"SpPWMPT"	"SpPWMPT"	"SpPWMPT"	"SpPWMPT"	"SpPWMPT"	
"0x2300 'aoAvlaUnit\SpPWMPT'"	"0x010D"	"SpPWMPT"	"SpPWMPT"	"SpPWMPT"	"SpPWMPT"	"SpPWMPT"	"SpPWMPT"	"SpPWMPT"	"SpPWMPT"	
"0x2300 'aoAvlaUnit\SpPWMPT'"	"0x1102"	"s"	"s"	"s"	"s"	"s"	"s"	"s"	"s"	
"0x2308 'aoAvlaUnit\HeatCtl'"	"0x1100"	"HeatCtl"	"HeatCtl"	"HeatCtl"	"HeatCtl"	"HeatCtl"	"HeatCtl"	"HeatCtl"	"HeatCtl"	
"0x2308 'aoAvlaUnit\HeatCtl'"	"0x010D"	"HeatCtl"	"HeatCtl"	"HeatCtl"	"HeatCtl"	"HeatCtl"	"HeatCtl"	"HeatCtl"	"HeatCtl"	
"0x2202 'aoAvlaUnit\HeatCtl.AggrMod'"	"0x1100"	"AggrMod"	"AggrMod"	"AggrMod"	"AggrMod"	"AggrMod"	"AggrMod"	"AggrMod"	"AggrMod"	
"0x2202 'aoAvlaUnit\HeatCtl.AggrMod'"	"0x010D"	"HeatCtl.AggrMod"	"HeatCtl.AggrMod"	"HeatCtl.AggrMod"	"HeatCtl.AggrMod"	"HeatCtl.AggrMod"	"HeatCtl.AggrMod"	"HeatCtl.AggrMod"	"HeatCtl.AggrMod"	
"0x2202 'aoAvlaUnit\HeatCtl.AggrMod'"	"0x1101"	"Auto*Off*On*Dmd*Loop*Low*High*Swi*Last*LoopDmd"	"Auto*Off*On*Dmd*Loop*Low*High*Swi*Last*LoopDmd"	"Auto*Off*On*Dmd*Loop*Low*High*Swi*Last*LoopDmd"	"Auto*Off*On*Dmd*Loop*Low*High*Swi*Last*LoopDmd"	"Auto*Off*On*Dmd*Loop*Low*High*Swi*Last*LoopDmd"	"Auto*Off*On*Dmd*Loop*Low*High*Swi*Last*LoopDmd"	"Auto*Off*On*Dmd*Loop*Low*High*Swi*Last*LoopDmd"	"Auto*Off*On*Dmd*Loop*Low*High*Swi*Last*LoopDmd"	
"0x2300 'aoAvlaUnit\HeatCtl.Low'"	"0x1100"	"Low"	"Low"	"Low"	"Low"	"Low"	"Low"	"Low"	"Low"	
"0x2300 'aoAvlaUnit\HeatCtl.Low'"	"0x010D"	"HeatCtl.Low"	"HeatCtl.Low"	"HeatCtl.Low"	"HeatCtl.Low"	"HeatCtl.Low"	"HeatCtl.Low"	"HeatCtl.Low"	"HeatCtl.Low"	
"0x2300 'aoAvlaUnit\HeatCtl.Low'"	"0x1102"	"%"	"%"	"%"	"%"	"%"	"%"	"%"	"%"	
"0x2300 'aoAvlaUnit\HeatCtl.High'"	"0x1100"	"High"	"High"	"High"	"High"	"High"	"High"	"High"	"High"	
"0x2300 'aoAvlaUnit\HeatCtl.High'"	"0x010D"	"HeatCtl.High"	"HeatCtl.High"	"HeatCtl.High"	"HeatCtl.High"	"HeatCtl.High"	"HeatCtl.High"	"HeatCtl.High"	"HeatCtl.High"	
"0x2300 'aoAvlaUnit\HeatCtl.High'"	"0x1102"	"%"	"%"	"%"	"%"	"%"	"%"	"%"	"%"	
"0x2300 'aoAvlaUnit\HeatCtl.TiDly'"	"0x1100"	"TiDly"	"TiDly"	"TiDly"	"TiDly"	"TiDly"	"TiDly"	"TiDly"	"TiDly"	
"0x2300 'aoAvlaUnit\HeatCtl.TiDly'"	"0x010D"	"HeatCtl.TiDly"	"HeatCtl.TiDly"	"HeatCtl.TiDly"	"HeatCtl.TiDly"	"HeatCtl.TiDly"	"HeatCtl.TiDly"	"HeatCtl.TiDly"	"HeatCtl.TiDly"	
"0x2300 'aoAvlaUnit\HeatCtl.TiDly'"	"0x1102"	"s"	"s"	"s"	"s"	"s"	"s"	"s"	"s"	
"0x2300 'aoAvlaUnit\HeatCtl.SwiOn'"	"0x1100"	"SwiOn"	"SwiOn"	"SwiOn"	"SwiOn"	"SwiOn"	"SwiOn"	"SwiOn"	"SwiOn"	
"0x2300 'aoAvlaUnit\HeatCtl.SwiOn'"	"0x010D"	"HeatCtl.SwiOn"	"HeatCtl.SwiOn"	"HeatCtl.SwiOn"	"HeatCtl.SwiOn"	"HeatCtl.SwiOn"	"HeatCtl.SwiOn"	"HeatCtl.SwiOn"	"HeatCtl.SwiOn"	
"0x2300 'aoAvlaUnit\HeatCtl.SwiOn'"	"0x1102"	"%"	"%"	"%"	"%"	"%"	"%"	"%"	"%"	
"0x2300 'aoAvlaUnit\HeatCtl.SwiOff'"	"0x1100"	"SwiOff"	"SwiOff"	"SwiOff"	"SwiOff"	"SwiOff"	"SwiOff"	"SwiOff"	"SwiOff"	
"0x2300 'aoAvlaUnit\HeatCtl.SwiOff'"	"0x010D"	"HeatCtl.SwiOff"	"HeatCtl.SwiOff"	"HeatCtl.SwiOff"	"HeatCtl.SwiOff"	"HeatCtl.SwiOff"	"HeatCtl.SwiOff"	"HeatCtl.SwiOff"	"HeatCtl.SwiOff"	
"0x2300 'aoAvlaUnit\HeatCtl.SwiOff'"	"0x1102"	"%"	"%"	"%"	"%"	"%"	"%"	"%"	"%"	
"0x2305 'aoAvlaUnit\HeatCtl.Ctl'"	"0x1100"	"Ctl"	"Ctl"	"Ctl"	"Ctl"	"Ctl"	"Ctl"	"Ctl"	"Ctl"	
"0x2305 'aoAvlaUnit\HeatCtl.Ctl'"	"0x010D"	"HeatCtl.Ctl"	"HeatCtl.Ctl"	"HeatCtl.Ctl"	"HeatCtl.Ctl"	"HeatCtl.Ctl"	"HeatCtl.Ctl"	"HeatCtl.Ctl"	"HeatCtl.Ctl"	
"0x2305 'aoAvlaUnit\HeatCtl.Ctl'"	"0x1102"	"°C"	"°C"	"°C"	"°C"	"°C"	"°C"	"°C"	"°C"	
"0x2305 'aoAvlaUnit\HeatCtl.Ctl'"	"0x1200"	"GESP*OG*UG*REG*Y-NV*UDEF"	"GESP*OG*UG*REG*Y-NV*UDEF"	"GESP*OG*UG*REG*Y-NV*UDEF"	"GESP*OG*UG*REG*Y-NV*UDEF"	"GESP*OG*UG*REG*Y-NV*UDEF"	"GESP*OG*UG*REG*Y-NV*UDEF"	"GESP*OG*UG*REG*Y-NV*UDEF"	"GESP*OG*UG*REG*Y-NV*UDEF"	
"0x2304 'aoAvlaUnit\aoAvlaUnit.Ime'"	"0x1100"	"Ime"	"Ime"	"Ime"	"Ime"	"Ime"	"Ime"	"Ime"	"Ime"	
"0x2304 'aoAvlaUnit\aoAvlaUnit.Ime'"	"0x010D"	"aoAvlaUnit.Ime"	"aoAvlaUnit.Ime"	"aoAvlaUnit.Ime"	"aoAvlaUnit.Ime"	"aoAvlaUnit.Ime"	"aoAvlaUnit.Ime"	"aoAvlaUnit.Ime"	"aoAvlaUnit.Ime"	
"0x2309 '0x031D\aoAdminUnit'"	"0x1100"	"aoAdminUnit"	"aoAdminUnit"	"aoAdminUnit"	"aoAdminUnit"	"aoAdminUnit"	"aoAdminUnit"	"aoAdminUnit"	"aoAdminUnit"	
"0x2309 '0x031D\aoAdminUnit'"	"0x010D"	"aoAdminUnit"	"aoAdminUnit"	"aoAdminUnit"	"aoAdminUnit"	"aoAdminUnit"	"aoAdminUnit"	"aoAdminUnit"	"aoAdminUnit"	
"0x2308 'aoAdminUnit\TR1'"	"0x1100"	"TR1"	"TR1"	"TR1"	"TR1"	"TR1"	"TR1"	"TR1"	"TR1"	
"0x2308 'aoAdminUnit\TR1'"	"0x010D"	"TR1"	"TR1"	"TR1"	"TR1"	"TR1"	"TR1"	"TR1"	"TR1"	
"0x2300 'aoAdminUnit\TR1.SpTiCom'"	"0x1100"	"SpTiCom"	"SpTiCom"	"SpTiCom"	"SpTiCom"	"SpTiCom"	"SpTiCom"	"SpTiCom"	"SpTiCom"	
"0x2300 'aoAdminUnit\TR1.SpTiCom'"	"0x010D"	"TR1.SpTiCom"	"TR1.SpTiCom"	"TR1.SpTiCom"	"TR1.SpTiCom"	"TR1.SpTiCom"	"TR1.SpTiCom"	"TR1.SpTiCom"	"TR1.SpTiCom"	
"0x2300 'aoAdminUnit\TR1.SpTiCom'"	"0x1102"	"s"	"s"	"s"	"s"	"s"	"s"	"s"	"s"	
"0x2203 'aoAdminUnit\TR1.Val'"	"0x1100"	"Val"	"Val"	"Val"	"Val"	"Val"	"Val"	"Val"	"Val"	
"0x2203 'aoAdminUnit\TR1.Val'"	"0x010D"	"TR1.Val"	"TR1.Val"	"TR1.Val"	"TR1.Val"	"TR1.Val"	"TR1.Val"	"TR1.Val"	"TR1.Val"	
"0x2203 'aoAdminUnit\TR1.Val'"	"0x1102"	"°C"	"°C"	"°C"	"°C"	"°C"	"°C"	"°C"	"°C"	
"0x2203 'aoAdminUnit\TR1.Val'"	"0x1214"	"dK"	"dK"	"dK"	"dK"	"dK"	"dK"	"dK"	"dK"	
"0x2308 'aoAdminUnit\TR2'"	"0x1100"	"TR2"	"TR2"	"TR2"	"TR2"	"TR2"	"TR2"	"TR2"	"TR2"	
"0x2308 'aoAdminUnit\TR2'"	"0x010D"	"TR2"	"TR2"	"TR2"	"TR2"	"TR2"	"TR2"	"TR2"	"TR2"	
"0x2300 'aoAdminUnit\TR2.SpTiCom'"	"0x1100"	"SpTiCom"	"SpTiCom"	"SpTiCom"	"SpTiCom"	"SpTiCom"	"SpTiCom"	"SpTiCom"	"SpTiCom"	
"0x2300 'aoAdminUnit\TR2.SpTiCom'"	"0x010D"	"TR2.SpTiCom"	"TR2.SpTiCom"	"TR2.SpTiCom"	"TR2.SpTiCom"	"TR2.SpTiCom"	"TR2.SpTiCom"	"TR2.SpTiCom"	"TR2.SpTiCom"	
"0x2300 'aoAdminUnit\TR2.SpTiCom'"	"0x1102"	"s"	"s"	"s"	"s"	"s"	"s"	"s"	"s"	
"0x2203 'aoAdminUnit\TR2.Val'"	"0x1100"	"Val"	"Val"	"Val"	"Val"	"Val"	"Val"	"Val"	"Val"	
"0x2203 'aoAdminUnit\TR2.Val'"	"0x010D"	"TR2.Val"	"TR2.Val"	"TR2.Val"	"TR2.Val"	"TR2.Val"	"TR2.Val"	"TR2.Val"	"TR2.Val"	
"0x2203 'aoAdminUnit\TR2.Val'"	"0x1102"	"°C"	"°C"	"°C"	"°C"	"°C"	"°C"	"°C"	"°C"	
"0x2203 'aoAdminUnit\TR2.Val'"	"0x1214"	"dK"	"dK"	"dK"	"dK"	"dK"	"dK"	"dK"	"dK"	
"0x2308 'aoAdminUnit\TR3'"	"0x1100"	"TR3"	"TR3"	"TR3"	"TR3"	"TR3"	"TR3"	"TR3"	"TR3"	
"0x2308 'aoAdminUnit\TR3'"	"0x010D"	"TR3"	"TR3"	"TR3"	"TR3"	"TR3"	"TR3"	"TR3"	"TR3"	
"0x2300 'aoAdminUnit\TR3.SpTiCom'"	"0x1100"	"SpTiCom"	"SpTiCom"	"SpTiCom"	"SpTiCom"	"SpTiCom"	"SpTiCom"	"SpTiCom"	"SpTiCom"	
"0x2300 'aoAdminUnit\TR3.SpTiCom'"	"0x010D"	"TR3.SpTiCom"	"TR3.SpTiCom"	"TR3.SpTiCom"	"TR3.SpTiCom"	"TR3.SpTiCom"	"TR3.SpTiCom"	"TR3.SpTiCom"	"TR3.SpTiCom"	
"0x2300 'aoAdminUnit\TR3.SpTiCom'"	"0x1102"	"s"	"s"	"s"	"s"	"s"	"s"	"s"	"s"	
"0x2203 'aoAdminUnit\TR3.Val'"	"0x1100"	"Val"	"Val"	"Val"	"Val"	"Val"	"Val"	"Val"	"Val"	
"0x2203 'aoAdminUnit\TR3.Val'"	"0x010D"	"TR3.Val"	"TR3.Val"	"TR3.Val"	"TR3.Val"	"TR3.Val"	"TR3.Val"	"TR3.Val"	"TR3.Val"	
"0x2203 'aoAdminUnit\TR3.Val'"	"0x1102"	"°C"	"°C"	"°C"	"°C"	"°C"	"°C"	"°C"	"°C"	
"0x2203 'aoAdminUnit\TR3.Val'"	"0x1214"	"dK"	"dK"	"dK"	"dK"	"dK"	"dK"	"dK"	"dK"	
"0x2304 'aoAdminUnit\aoAdminUnit.Ime'"	"0x1100"	"Ime"	"Ime"	"Ime"	"Ime"	"Ime"	"Ime"	"Ime"	"Ime"	
"0x2304 'aoAdminUnit\aoAdminUnit.Ime'"	"0x010D"	"aoAdminUnit.Ime"	"aoAdminUnit.Ime"	"aoAdminUnit.Ime"	"aoAdminUnit.Ime"	"aoAdminUnit.Ime"	"aoAdminUnit.Ime"	"aoAdminUnit.Ime"	"aoAdminUnit.Ime"	
"0x2308 'aoAdminUnit\aoAdminUnit.CndMon'"	"0x1100"	"CndMon"	"CndMon"	"CndMon"	"CndMon"	"CndMon"	"CndMon"	"CndMon"	"CndMon"	
"0x2308 'aoAdminUnit\aoAdminUnit.CndMon'"	"0x010D"	"aoAdminUnit.CndMon"	"aoAdminUnit.CndMon"	"aoAdminUnit.CndMon"	"aoAdminUnit.CndMon"	"aoAdminUnit.CndMon"	"aoAdminUnit.CndMon"	"aoAdminUnit.CndMon"	"aoAdminUnit.CndMon"	
"0x2304 'aoAdminUnit\aoAdminUnit.CndMon.RefIO'"	"0x1100"	"RefIO"	"RefIO"	"RefIO"	"RefIO"	"RefIO"	"RefIO"	"RefIO"	"RefIO"	
"0x2304 'aoAdminUnit\aoAdminUnit.CndMon.RefIO'"	"0x010D"	"aoAdminUnit.CndMon.RefIO"	"aoAdminUnit.CndMon.RefIO"	"aoAdminUnit.CndMon.RefIO"	"aoAdminUnit.CndMon.RefIO"	"aoAdminUnit.CndMon.RefIO"	"aoAdminUnit.CndMon.RefIO"	"aoAdminUnit.CndMon.RefIO"	"aoAdminUnit.CndMon.RefIO"	
"0x2204 'aoAdminUnit\aoAdminUnit.CndMon.Val'"	"0x1100"	"Val"	"Val"	"Val"	"Val"	"Val"	"Val"	"Val"	"Val"	
"0x2204 'aoAdminUnit\aoAdminUnit.CndMon.Val'"	"0x010D"	"aoAdminUnit.CndMon.Val"	"aoAdminUnit.CndMon.Val"	"aoAdminUnit.CndMon.Val"	"aoAdminUnit.CndMon.Val"	"aoAdminUnit.CndMon.Val"	"aoAdminUnit.CndMon.Val"	"aoAdminUnit.CndMon.Val"	"aoAdminUnit.CndMon.Val"	
"0x2204 'aoAdminUnit\aoAdminUnit.CndMon.Val'"	"0x1101"	"Passive*Active*Null"	"Passive*Active*Null"	"Passive*Active*Null"	"Passive*Active*Null"	"Passive*Active*Null"	"Passive*Active*Null"	"Passive*Active*Null"	"Passive*Active*Null"	
"0x2308 'aoAdminUnit\CndMon2'"	"0x1100"	"CndMon2"	"CndMon2"	"CndMon2"	"CndMon2"	"CndMon2"	"CndMon2"	"CndMon2"	"CndMon2"	
"0x2308 'aoAdminUnit\CndMon2'"	"0x010D"	"CndMon2"	"CndMon2"	"CndMon2"	"CndMon2"	"CndMon2"	"CndMon2"	"CndMon2"	"CndMon2"	
"0x2304 'aoAdminUnit\CndMon2.RefIO'"	"0x1100"	"RefIO"	"RefIO"	"RefIO"	"RefIO"	"RefIO"	"RefIO"	"RefIO"	"RefIO"	
"0x2304 'aoAdminUnit\CndMon2.RefIO'"	"0x010D"	"CndMon2.RefIO"	"CndMon2.RefIO"	"CndMon2.RefIO"	"CndMon2.RefIO"	"CndMon2.RefIO"	"CndMon2.RefIO"	"CndMon2.RefIO"	"CndMon2.RefIO"	
"0x2204 'aoAdminUnit\CndMon2.Val'"	"0x1100"	"Val"	"Val"	"Val"	"Val"	"Val"	"Val"	"Val"	"Val"	
"0x2204 'aoAdminUnit\CndMon2.Val'"	"0x010D"	"CndMon2.Val"	"CndMon2.Val"	"CndMon2.Val"	"CndMon2.Val"	"CndMon2.Val"	"CndMon2.Val"	"CndMon2.Val"	"CndMon2.Val"	
"0x2204 'aoAdminUnit\CndMon2.Val'"	"0x1101"	"Passive*Active*Null"	"Passive*Active*Null"	"Passive*Active*Null"	"Passive*Active*Null"	"Passive*Active*Null"	"Passive*Active*Null"	"Passive*Active*Null"	"Passive*Active*Null"	
"0x2308 'aoAdminUnit\CndMon3'"	"0x1100"	"CndMon3"	"CndMon3"	"CndMon3"	"CndMon3"	"CndMon3"	"CndMon3"	"CndMon3"	"CndMon3"	
"0x2308 'aoAdminUnit\CndMon3'"	"0x010D"	"CndMon3"	"CndMon3"	"CndMon3"	"CndMon3"	"CndMon3"	"CndMon3"	"CndMon3"	"CndMon3"	
"0x2304 'aoAdminUnit\CndMon3.RefIO'"	"0x1100"	"RefIO"	"RefIO"	"RefIO"	"RefIO"	"RefIO"	"RefIO"	"RefIO"	"RefIO"	
"0x2304 'aoAdminUnit\CndMon3.RefIO'"	"0x010D"	"CndMon3.RefIO"	"CndMon3.RefIO"	"CndMon3.RefIO"	"CndMon3.RefIO"	"CndMon3.RefIO"	"CndMon3.RefIO"	"CndMon3.RefIO"	"CndMon3.RefIO"	
"0x2204 'aoAdminUnit\CndMon3.Val'"	"0x1100"	"Val"	"Val"	"Val"	"Val"	"Val"	"Val"	"Val"	"Val"	
"0x2204 'aoAdminUnit\CndMon3.Val'"	"0x010D"	"CndMon3.Val"	"CndMon3.Val"	"CndMon3.Val"	"CndMon3.Val"	"CndMon3.Val"	"CndMon3.Val"	"CndMon3.Val"	"CndMon3.Val"	
"0x2204 'aoAdminUnit\CndMon3.Val'"	"0x1101"	"Passive*Active*Null"	"Passive*Active*Null"	"Passive*Active*Null"	"Passive*Active*Null"	"Passive*Active*Null"	"Passive*Active*Null"	"Passive*Active*Null"	"Passive*Active*Null"	
"0x2308 'aoAdminUnit\CndMon4'"	"0x1100"	"CndMon4"	"CndMon4"	"CndMon4"	"CndMon4"	"CndMon4"	"CndMon4"	"CndMon4"	"CndMon4"	
"0x2308 'aoAdminUnit\CndMon4'"	"0x010D"	"CndMon4"	"CndMon4"	"CndMon4"	"CndMon4"	"CndMon4"	"CndMon4"	"CndMon4"	"CndMon4"	
"0x2304 'aoAdminUnit\CndMon4.RefIO'"	"0x1100"	"RefIO"	"RefIO"	"RefIO"	"RefIO"	"RefIO"	"RefIO"	"RefIO"	"RefIO"	
"0x2304 'aoAdminUnit\CndMon4.RefIO'"	"0x010D"	"CndMon4.RefIO"	"CndMon4.RefIO"	"CndMon4.RefIO"	"CndMon4.RefIO"	"CndMon4.RefIO"	"CndMon4.RefIO"	"CndMon4.RefIO"	"CndMon4.RefIO"	
"0x2204 'aoAdminUnit\CndMon4.Val'"	"0x1100"	"Val"	"Val"	"Val"	"Val"	"Val"	"Val"	"Val"	"Val"	
"0x2204 'aoAdminUnit\CndMon4.Val'"	"0x010D"	"CndMon4.Val"	"CndMon4.Val"	"CndMon4.Val"	"CndMon4.Val"	"CndMon4.Val"	"CndMon4.Val"	"CndMon4.Val"	"CndMon4.Val"	
"0x2204 'aoAdminUnit\CndMon4.Val'"	"0x1101"	"Passive*Active*Null"	"Passive*Active*Null"	"Passive*Active*Null"	"Passive*Active*Null"	"Passive*Active*Null"	"Passive*Active*Null"	"Passive*Active*Null"	"Passive*Active*Null"	
"0x2308 'aoAdminUnit\CndMon6'"	"0x1100"	"CndMon6"	"CndMon6"	"CndMon6"	"CndMon6"	"CndMon6"	"CndMon6"	"CndMon6"	"CndMon6"	
"0x2308 'aoAdminUnit\CndMon6'"	"0x010D"	"CndMon6"	"CndMon6"	"CndMon6"	"CndMon6"	"CndMon6"	"CndMon6"	"CndMon6"	"CndMon6"	
"0x2304 'aoAdminUnit\CndMon6.RefIO'"	"0x1100"	"RefIO"	"RefIO"	"RefIO"	"RefIO"	"RefIO"	"RefIO"	"RefIO"	"RefIO"	
"0x2304 'aoAdminUnit\CndMon6.RefIO'"	"0x010D"	"CndMon6.RefIO"	"CndMon6.RefIO"	"CndMon6.RefIO"	"CndMon6.RefIO"	"CndMon6.RefIO"	"CndMon6.RefIO"	"CndMon6.RefIO"	"CndMon6.RefIO"	
"0x2204 'aoAdminUnit\CndMon6.Val'"	"0x1100"	"Val"	"Val"	"Val"	"Val"	"Val"	"Val"	"Val"	"Val"	
"0x2204 'aoAdminUnit\CndMon6.Val'"	"0x010D"	"CndMon6.Val"	"CndMon6.Val"	"CndMon6.Val"	"CndMon6.Val"	"CndMon6.Val"	"CndMon6.Val"	"CndMon6.Val"	"CndMon6.Val"	
"0x2204 'aoAdminUnit\CndMon6.Val'"	"0x1101"	"Passive*Active*Null"	"Passive*Active*Null"	"Passive*Active*Null"	"Passive*Active*Null"	"Passive*Active*Null"	"Passive*Active*Null"	"Passive*Active*Null"	"Passive*Active*Null"	
"0x2308 'aoAdminUnit\CndMon5'"	"0x1100"	"CndMon5"	"CndMon5"	"CndMon5"	"CndMon5"	"CndMon5"	"CndMon5"	"CndMon5"	"CndMon5"	
"0x2308 'aoAdminUnit\CndMon5'"	"0x010D"	"CndMon5"	"CndMon5"	"CndMon5"	"CndMon5"	"CndMon5"	"CndMon5"	"CndMon5"	"CndMon5"	
"0x2304 'aoAdminUnit\CndMon5.RefIO'"	"0x1100"	"RefIO"	"RefIO"	"RefIO"	"RefIO"	"RefIO"	"RefIO"	"RefIO"	"RefIO"	
"0x2304 'aoAdminUnit\CndMon5.RefIO'"	"0x010D"	"CndMon5.RefIO"	"CndMon5.RefIO"	"CndMon5.RefIO"	"CndMon5.RefIO"	"CndMon5.RefIO"	"CndMon5.RefIO"	"CndMon5.RefIO"	"CndMon5.RefIO"	
"0x2204 'aoAdminUnit\CndMon5.Val'"	"0x1100"	"Val"	"Val"	"Val"	"Val"	"Val"	"Val"	"Val"	"Val"	
"0x2204 'aoAdminUnit\CndMon5.Val'"	"0x010D"	"CndMon5.Val"	"CndMon5.Val"	"CndMon5.Val"	"CndMon5.Val"	"CndMon5.Val"	"CndMon5.Val"	"CndMon5.Val"	"CndMon5.Val"	
"0x2204 'aoAdminUnit\CndMon5.Val'"	"0x1101"	"Passive*Active*Null"	"Passive*Active*Null"	"Passive*Active*Null"	"Passive*Active*Null"	"Passive*Active*Null"	"Passive*Active*Null"	"Passive*Active*Null"	"Passive*Active*Null"	
"0x2308 'aoAdminUnit\CndMon7'"	"0x1100"	"CndMon7"	"CndMon7"	"CndMon7"	"CndMon7"	"CndMon7"	"CndMon7"	"CndMon7"	"CndMon7"	
"0x2308 'aoAdminUnit\CndMon7'"	"0x010D"	"CndMon7"	"CndMon7"	"CndMon7"	"CndMon7"	"CndMon7"	"CndMon7"	"CndMon7"	"CndMon7"	
"0x2304 'aoAdminUnit\CndMon7.RefIO'"	"0x1100"	"RefIO"	"RefIO"	"RefIO"	"RefIO"	"RefIO"	"RefIO"	"RefIO"	"RefIO"	
"0x2304 'aoAdminUnit\CndMon7.RefIO'"	"0x010D"	"CndMon7.RefIO"	"CndMon7.RefIO"	"CndMon7.RefIO"	"CndMon7.RefIO"	"CndMon7.RefIO"	"CndMon7.RefIO"	"CndMon7.RefIO"	"CndMon7.RefIO"	
"0x2204 'aoAdminUnit\CndMon7.Val'"	"0x1100"	"Val"	"Val"	"Val"	"Val"	"Val"	"Val"	"Val"	"Val"	
"0x2204 'aoAdminUnit\CndMon7.Val'"	"0x010D"	"CndMon7.Val"	"CndMon7.Val"	"CndMon7.Val"	"CndMon7.Val"	"CndMon7.Val"	"CndMon7.Val"	"CndMon7.Val"	"CndMon7.Val"	
"0x2204 'aoAdminUnit\CndMon7.Val'"	"0x1101"	"Passive*Active*Null"	"Passive*Active*Null"	"Passive*Active*Null"	"Passive*Active*Null"	"Passive*Active*Null"	"Passive*Active*Null"	"Passive*Active*Null"	"Passive*Active*Null"	
"0x2308 'aoAdminUnit\CndMon8'"	"0x1100"	"CndMon8"	"CndMon8"	"CndMon8"	"CndMon8"	"CndMon8"	"CndMon8"	"CndMon8"	"CndMon8"	
"0x2308 'aoAdminUnit\CndMon8'"	"0x010D"	"CndMon8"	"CndMon8"	"CndMon8"	"CndMon8"	"CndMon8"	"CndMon8"	"CndMon8"	"CndMon8"	
"0x2304 'aoAdminUnit\CndMon8.RefIO'"	"0x1100"	"RefIO"	"RefIO"	"RefIO"	"RefIO"	"RefIO"	"RefIO"	"RefIO"	"RefIO"	
"0x2304 'aoAdminUnit\CndMon8.RefIO'"	"0x010D"	"CndMon8.RefIO"	"CndMon8.RefIO"	"CndMon8.RefIO"	"CndMon8.RefIO"	"CndMon8.RefIO"	"CndMon8.RefIO"	"CndMon8.RefIO"	"CndMon8.RefIO"	
"0x2204 'aoAdminUnit\CndMon8.Val'"	"0x1100"	"Val"	"Val"	"Val"	"Val"	"Val"	"Val"	"Val"	"Val"	
"0x2204 'aoAdminUnit\CndMon8.Val'"	"0x010D"	"CndMon8.Val"	"CndMon8.Val"	"CndMon8.Val"	"CndMon8.Val"	"CndMon8.Val"	"CndMon8.Val"	"CndMon8.Val"	"CndMon8.Val"	
"0x2204 'aoAdminUnit\CndMon8.Val'"	"0x1101"	"Passive*Active*Null"	"Passive*Active*Null"	"Passive*Active*Null"	"Passive*Active*Null"	"Passive*Active*Null"	"Passive*Active*Null"	"Passive*Active*Null"	"Passive*Active*Null"	
"0x2302 'aoAdminUnit\aoAdminUnit.OpModMan'"	"0x1100"	"OpModMan"	"OpModMan"	"OpModMan"	"OpModMan"	"OpModMan"	"OpModMan"	"OpModMan"	"OpModMan"	
"0x2302 'aoAdminUnit\aoAdminUnit.OpModMan'"	"0x010D"	"aoAdminUnit.OpModMan"	"aoAdminUnit.OpModMan"	"aoAdminUnit.OpModMan"	"aoAdminUnit.OpModMan"	"aoAdminUnit.OpModMan"	"aoAdminUnit.OpModMan"	"aoAdminUnit.OpModMan"	"aoAdminUnit.OpModMan"	
"0x2302 'aoAdminUnit\aoAdminUnit.OpModMan'"	"0x1101"	"Prt*Eco*Cmf*Auto"	"Prt*Eco*Cmf*Auto"	"Prt*Eco*Cmf*Auto"	"Prt*Eco*Cmf*Auto"	"Prt*Eco*Cmf*Auto"	"Prt*Eco*Cmf*Auto"	"Prt*Eco*Cmf*Auto"	"Prt*Eco*Cmf*Auto"	
"0x2302 'aoAdminUnit\aoAdminUnit.ShedSel'"	"0x1100"	"ShedSel"	"ShedSel"	"ShedSel"	"ShedSel"	"ShedSel"	"ShedSel"	"ShedSel"	"ShedSel"	
"0x2302 'aoAdminUnit\aoAdminUnit.ShedSel'"	"0x010D"	"aoAdminUnit.ShedSel"	"aoAdminUnit.ShedSel"	"aoAdminUnit.ShedSel"	"aoAdminUnit.ShedSel"	"aoAdminUnit.ShedSel"	"aoAdminUnit.ShedSel"	"aoAdminUnit.ShedSel"	"aoAdminUnit.ShedSel"	
"0x2302 'aoAdminUnit\aoAdminUnit.ShedSel'"	"0x1101"	"TSP_1*TSP_2*TSP_3"	"TSP_1*TSP_2*TSP_3"	"TSP_1*TSP_2*TSP_3"	"TSP_1*TSP_2*TSP_3"	"TSP_1*TSP_2*TSP_3"	"TSP_1*TSP_2*TSP_3"	"TSP_1*TSP_2*TSP_3"	"TSP_1*TSP_2*TSP_3"	
"0x2300 'aoAdminUnit\aoAdminUnit.SpTRPrt'"	"0x1100"	"SpTRPrt"	"SpTRPrt"	"SpTRPrt"	"SpTRPrt"	"SpTRPrt"	"SpTRPrt"	"SpTRPrt"	"SpTRPrt"	
"0x2300 'aoAdminUnit\aoAdminUnit.SpTRPrt'"	"0x010D"	"aoAdminUnit.SpTRPrt"	"aoAdminUnit.SpTRPrt"	"aoAdminUnit.SpTRPrt"	"aoAdminUnit.SpTRPrt"	"aoAdminUnit.SpTRPrt"	"aoAdminUnit.SpTRPrt"	"aoAdminUnit.SpTRPrt"	"aoAdminUnit.SpTRPrt"	
"0x2300 'aoAdminUnit\aoAdminUnit.SpTRPrt'"	"0x1102"	"°C"	"°C"	"°C"	"°C"	"°C"	"°C"	"°C"	"°C"	
"0x2300 'aoAdminUnit\aoAdminUnit.SpTREco'"	"0x1100"	"SpTREco"	"SpTREco"	"SpTREco"	"SpTREco"	"SpTREco"	"SpTREco"	"SpTREco"	"SpTREco"	
"0x2300 'aoAdminUnit\aoAdminUnit.SpTREco'"	"0x010D"	"aoAdminUnit.SpTREco"	"aoAdminUnit.SpTREco"	"aoAdminUnit.SpTREco"	"aoAdminUnit.SpTREco"	"aoAdminUnit.SpTREco"	"aoAdminUnit.SpTREco"	"aoAdminUnit.SpTREco"	"aoAdminUnit.SpTREco"	
"0x2300 'aoAdminUnit\aoAdminUnit.SpTREco'"	"0x1102"	"°C"	"°C"	"°C"	"°C"	"°C"	"°C"	"°C"	"°C"	
"0x2300 'aoAdminUnit\aoAdminUnit.SpTRCmf'"	"0x1100"	"SpTRCmf"	"SpTRCmf"	"SpTRCmf"	"SpTRCmf"	"SpTRCmf"	"SpTRCmf"	"SpTRCmf"	"SpTRCmf"	
"0x2300 'aoAdminUnit\aoAdminUnit.SpTRCmf'"	"0x010D"	"aoAdminUnit.SpTRCmf"	"aoAdminUnit.SpTRCmf"	"aoAdminUnit.SpTRCmf"	"aoAdminUnit.SpTRCmf"	"aoAdminUnit.SpTRCmf"	"aoAdminUnit.SpTRCmf"	"aoAdminUnit.SpTRCmf"	"aoAdminUnit.SpTRCmf"	
"0x2300 'aoAdminUnit\aoAdminUnit.SpTRCmf'"	"0x1102"	"°C"	"°C"	"°C"	"°C"	"°C"	"°C"	"°C"	"°C"	
"0x2202 'aoAdminUnit\aoAdminUnit.PltMod'"	"0x1100"	"PltMod"	"PltMod"	"PltMod"	"PltMod"	"PltMod"	"PltMod"	"PltMod"	"PltMod"	
"0x2202 'aoAdminUnit\aoAdminUnit.PltMod'"	"0x010D"	"aoAdminUnit.PltMod"	"aoAdminUnit.PltMod"	"aoAdminUnit.PltMod"	"aoAdminUnit.PltMod"	"aoAdminUnit.PltMod"	"aoAdminUnit.PltMod"	"aoAdminUnit.PltMod"	"aoAdminUnit.PltMod"	
"0x2202 'aoAdminUnit\aoAdminUnit.PltMod'"	"0x1101"	"Null*Auto*Off*Ctl*Flt"	"Null*Auto*Off*Ctl*Flt"	"Null*Auto*Off*Ctl*Flt"	"Null*Auto*Off*Ctl*Flt"	"Null*Auto*Off*Ctl*Flt"	"Null*Auto*Off*Ctl*Flt"	"Null*Auto*Off*Ctl*Flt"	"Null*Auto*Off*Ctl*Flt"	
"0x2308 'aoAdminUnit\aoAdminUnit.VlvCtl'"	"0x1100"	"VlvCtl"	"VlvCtl"	"VlvCtl"	"VlvCtl"	"VlvCtl"	"VlvCtl"	"VlvCtl"	"VlvCtl"	
"0x2308 'aoAdminUnit\aoAdminUnit.VlvCtl'"	"0x010D"	"aoAdminUnit.VlvCtl"	"aoAdminUnit.VlvCtl"	"aoAdminUnit.VlvCtl"	"aoAdminUnit.VlvCtl"	"aoAdminUnit.VlvCtl"	"aoAdminUnit.VlvCtl"	"aoAdminUnit.VlvCtl"	"aoAdminUnit.VlvCtl"	
"0x2202 'aoAdminUnit\aoAdminUnit.VlvCtl.AggrMod'"	"0x1100"	"AggrMod"	"AggrMod"	"AggrMod"	"AggrMod"	"AggrMod"	"AggrMod"	"AggrMod"	"AggrMod"	
"0x2202 'aoAdminUnit\aoAdminUnit.VlvCtl.AggrMod'"	"0x010D"	"aoAdminUnit.VlvCtl.AggrMod"	"aoAdminUnit.VlvCtl.AggrMod"	"aoAdminUnit.VlvCtl.AggrMod"	"aoAdminUnit.VlvCtl.AggrMod"	"aoAdminUnit.VlvCtl.AggrMod"	"aoAdminUnit.VlvCtl.AggrMod"	"aoAdminUnit.VlvCtl.AggrMod"	"aoAdminUnit.VlvCtl.AggrMod"	
"0x2202 'aoAdminUnit\aoAdminUnit.VlvCtl.AggrMod'"	"0x1101"	"Auto*Off*On*Dmd*Loop*Low*High*Swi*Last*LoopDmd"	"Auto*Off*On*Dmd*Loop*Low*High*Swi*Last*LoopDmd"	"Auto*Off*On*Dmd*Loop*Low*High*Swi*Last*LoopDmd"	"Auto*Off*On*Dmd*Loop*Low*High*Swi*Last*LoopDmd"	"Auto*Off*On*Dmd*Loop*Low*High*Swi*Last*LoopDmd"	"Auto*Off*On*Dmd*Loop*Low*High*Swi*Last*LoopDmd"	"Auto*Off*On*Dmd*Loop*Low*High*Swi*Last*LoopDmd"	"Auto*Off*On*Dmd*Loop*Low*High*Swi*Last*LoopDmd"	
"0x2300 'aoAdminUnit\aoAdminUnit.VlvCtl.Low'"	"0x1100"	"Low"	"Low"	"Low"	"Low"	"Low"	"Low"	"Low"	"Low"	
"0x2300 'aoAdminUnit\aoAdminUnit.VlvCtl.Low'"	"0x010D"	"aoAdminUnit.VlvCtl.Low"	"aoAdminUnit.VlvCtl.Low"	"aoAdminUnit.VlvCtl.Low"	"aoAdminUnit.VlvCtl.Low"	"aoAdminUnit.VlvCtl.Low"	"aoAdminUnit.VlvCtl.Low"	"aoAdminUnit.VlvCtl.Low"	"aoAdminUnit.VlvCtl.Low"	
"0x2300 'aoAdminUnit\aoAdminUnit.VlvCtl.Low'"	"0x1102"	"%"	"%"	"%"	"%"	"%"	"%"	"%"	"%"	
"0x2300 'aoAdminUnit\aoAdminUnit.VlvCtl.High'"	"0x1100"	"High"	"High"	"High"	"High"	"High"	"High"	"High"	"High"	
"0x2300 'aoAdminUnit\aoAdminUnit.VlvCtl.High'"	"0x010D"	"aoAdminUnit.VlvCtl.High"	"aoAdminUnit.VlvCtl.High"	"aoAdminUnit.VlvCtl.High"	"aoAdminUnit.VlvCtl.High"	"aoAdminUnit.VlvCtl.High"	"aoAdminUnit.VlvCtl.High"	"aoAdminUnit.VlvCtl.High"	"aoAdminUnit.VlvCtl.High"	
"0x2300 'aoAdminUnit\aoAdminUnit.VlvCtl.High'"	"0x1102"	"%"	"%"	"%"	"%"	"%"	"%"	"%"	"%"	
"0x2300 'aoAdminUnit\aoAdminUnit.VlvCtl.TiDly'"	"0x1100"	"TiDly"	"TiDly"	"TiDly"	"TiDly"	"TiDly"	"TiDly"	"TiDly"	"TiDly"	
"0x2300 'aoAdminUnit\aoAdminUnit.VlvCtl.TiDly'"	"0x010D"	"aoAdminUnit.VlvCtl.TiDly"	"aoAdminUnit.VlvCtl.TiDly"	"aoAdminUnit.VlvCtl.TiDly"	"aoAdminUnit.VlvCtl.TiDly"	"aoAdminUnit.VlvCtl.TiDly"	"aoAdminUnit.VlvCtl.TiDly"	"aoAdminUnit.VlvCtl.TiDly"	"aoAdminUnit.VlvCtl.TiDly"	
"0x2300 'aoAdminUnit\aoAdminUnit.VlvCtl.TiDly'"	"0x1102"	"s"	"s"	"s"	"s"	"s"	"s"	"s"	"s"	
"0x2300 'aoAdminUnit\aoAdminUnit.VlvCtl.SwiOn'"	"0x1100"	"SwiOn"	"SwiOn"	"SwiOn"	"SwiOn"	"SwiOn"	"SwiOn"	"SwiOn"	"SwiOn"	
"0x2300 'aoAdminUnit\aoAdminUnit.VlvCtl.SwiOn'"	"0x010D"	"aoAdminUnit.VlvCtl.SwiOn"	"aoAdminUnit.VlvCtl.SwiOn"	"aoAdminUnit.VlvCtl.SwiOn"	"aoAdminUnit.VlvCtl.SwiOn"	"aoAdminUnit.VlvCtl.SwiOn"	"aoAdminUnit.VlvCtl.SwiOn"	"aoAdminUnit.VlvCtl.SwiOn"	"aoAdminUnit.VlvCtl.SwiOn"	
"0x2300 'aoAdminUnit\aoAdminUnit.VlvCtl.SwiOn'"	"0x1102"	"%"	"%"	"%"	"%"	"%"	"%"	"%"	"%"	
"0x2300 'aoAdminUnit\aoAdminUnit.VlvCtl.SwiOff'"	"0x1100"	"SwiOff"	"SwiOff"	"SwiOff"	"SwiOff"	"SwiOff"	"SwiOff"	"SwiOff"	"SwiOff"	
"0x2300 'aoAdminUnit\aoAdminUnit.VlvCtl.SwiOff'"	"0x010D"	"aoAdminUnit.VlvCtl.SwiOff"	"aoAdminUnit.VlvCtl.SwiOff"	"aoAdminUnit.VlvCtl.SwiOff"	"aoAdminUnit.VlvCtl.SwiOff"	"aoAdminUnit.VlvCtl.SwiOff"	"aoAdminUnit.VlvCtl.SwiOff"	"aoAdminUnit.VlvCtl.SwiOff"	"aoAdminUnit.VlvCtl.SwiOff"	
"0x2300 'aoAdminUnit\aoAdminUnit.VlvCtl.SwiOff'"	"0x1102"	"%"	"%"	"%"	"%"	"%"	"%"	"%"	"%"	
"0x2305 'aoAdminUnit\aoAdminUnit.VlvCtl.Ctl'"	"0x1100"	"Ctl"	"Ctl"	"Ctl"	"Ctl"	"Ctl"	"Ctl"	"Ctl"	"Ctl"	
"0x2305 'aoAdminUnit\aoAdminUnit.VlvCtl.Ctl'"	"0x010D"	"aoAdminUnit.VlvCtl.Ctl"	"aoAdminUnit.VlvCtl.Ctl"	"aoAdminUnit.VlvCtl.Ctl"	"aoAdminUnit.VlvCtl.Ctl"	"aoAdminUnit.VlvCtl.Ctl"	"aoAdminUnit.VlvCtl.Ctl"	"aoAdminUnit.VlvCtl.Ctl"	"aoAdminUnit.VlvCtl.Ctl"	
"0x2305 'aoAdminUnit\aoAdminUnit.VlvCtl.Ctl'"	"0x1102"	"°C"	"°C"	"°C"	"°C"	"°C"	"°C"	"°C"	"°C"	
"0x2305 'aoAdminUnit\aoAdminUnit.VlvCtl.Ctl'"	"0x1200"	"GESP*OG*UG*REG*Y-NV*UDEF"	"GESP*OG*UG*REG*Y-NV*UDEF"	"GESP*OG*UG*REG*Y-NV*UDEF"	"GESP*OG*UG*REG*Y-NV*UDEF"	"GESP*OG*UG*REG*Y-NV*UDEF"	"GESP*OG*UG*REG*Y-NV*UDEF"	"GESP*OG*UG*REG*Y-NV*UDEF"	"GESP*OG*UG*REG*Y-NV*UDEF"	
"0x2308 'aoAdminUnit\aoAdminUnit.Vlv'"	"0x1100"	"Vlv"	"Vlv"	"Vlv"	"Vlv"	"Vlv"	"Vlv"	"Vlv"	"Vlv"	
"0x2308 'aoAdminUnit\aoAdminUnit.Vlv'"	"0x010D"	"aoAdminUnit.Vlv"	"aoAdminUnit.Vlv"	"aoAdminUnit.Vlv"	"aoAdminUnit.Vlv"	"aoAdminUnit.Vlv"	"aoAdminUnit.Vlv"	"aoAdminUnit.Vlv"	"aoAdminUnit.Vlv"	
"0x2304 'aoAdminUnit\aoAdminUnit.Vlv.RefIO'"	"0x1100"	"RefIO"	"RefIO"	"RefIO"	"RefIO"	"RefIO"	"RefIO"	"RefIO"	"RefIO"	
"0x2304 'aoAdminUnit\aoAdminUnit.Vlv.RefIO'"	"0x010D"	"aoAdminUnit.Vlv.RefIO"	"aoAdminUnit.Vlv.RefIO"	"aoAdminUnit.Vlv.RefIO"	"aoAdminUnit.Vlv.RefIO"	"aoAdminUnit.Vlv.RefIO"	"aoAdminUnit.Vlv.RefIO"	"aoAdminUnit.Vlv.RefIO"	"aoAdminUnit.Vlv.RefIO"	
"0x2206 'aoAdminUnit\aoAdminUnit.Vlv.Cmd'"	"0x1100"	"Cmd"	"Cmd"	"Cmd"	"Cmd"	"Cmd"	"Cmd"	"Cmd"	"Cmd"	
"0x2206 'aoAdminUnit\aoAdminUnit.Vlv.Cmd'"	"0x010D"	"aoAdminUnit.Vlv.Cmd"	"aoAdminUnit.Vlv.Cmd"	"aoAdminUnit.Vlv.Cmd"	"aoAdminUnit.Vlv.Cmd"	"aoAdminUnit.Vlv.Cmd"	"aoAdminUnit.Vlv.Cmd"	"aoAdminUnit.Vlv.Cmd"	"aoAdminUnit.Vlv.Cmd"	
"0x2206 'aoAdminUnit\aoAdminUnit.Vlv.Cmd'"	"0x1102"	"%"	"%"	"%"	"%"	"%"	"%"	"%"	"%"	
"0x2206 'aoAdminUnit\aoAdminUnit.Vlv.Cmd'"	"0x1214"	"%"	"%"	"%"	"%"	"%"	"%"	"%"	"%"	
"0x2310 'aoAdminUnit\aoAdminUnit.Vlv.Pos'"	"0x1100"	"Pos"	"Pos"	"Pos"	"Pos"	"Pos"	"Pos"	"Pos"	"Pos"	
"0x2310 'aoAdminUnit\aoAdminUnit.Vlv.Pos'"	"0x010D"	"aoAdminUnit.Vlv.Pos"	"aoAdminUnit.Vlv.Pos"	"aoAdminUnit.Vlv.Pos"	"aoAdminUnit.Vlv.Pos"	"aoAdminUnit.Vlv.Pos"	"aoAdminUnit.Vlv.Pos"	"aoAdminUnit.Vlv.Pos"	"aoAdminUnit.Vlv.Pos"	
"0x2310 'aoAdminUnit\aoAdminUnit.Vlv.Pos'"	"0x1101"	"Idle*Pos+*Pos-*Sync+*Sync-"	"Idle*Pos+*Pos-*Sync+*Sync-"	"Idle*Pos+*Pos-*Sync+*Sync-"	"Idle*Pos+*Pos-*Sync+*Sync-"	"Idle*Pos+*Pos-*Sync+*Sync-"	"Idle*Pos+*Pos-*Sync+*Sync-"	"Idle*Pos+*Pos-*Sync+*Sync-"	"Idle*Pos+*Pos-*Sync+*Sync-"	
"0x2308 'aoAdminUnit\Vlv2'"	"0x1100"	"Vlv2"	"Vlv2"	"Vlv2"	"Vlv2"	"Vlv2"	"Vlv2"	"Vlv2"	"Vlv2"	
"0x2308 'aoAdminUnit\Vlv2'"	"0x010D"	"Vlv2"	"Vlv2"	"Vlv2"	"Vlv2"	"Vlv2"	"Vlv2"	"Vlv2"	"Vlv2"	
"0x2304 'aoAdminUnit\Vlv2.RefIO'"	"0x1100"	"RefIO"	"RefIO"	"RefIO"	"RefIO"	"RefIO"	"RefIO"	"RefIO"	"RefIO"	
"0x2304 'aoAdminUnit\Vlv2.RefIO'"	"0x010D"	"Vlv2.RefIO"	"Vlv2.RefIO"	"Vlv2.RefIO"	"Vlv2.RefIO"	"Vlv2.RefIO"	"Vlv2.RefIO"	"Vlv2.RefIO"	"Vlv2.RefIO"	
"0x2206 'aoAdminUnit\Vlv2.Cmd'"	"0x1100"	"Cmd"	"Cmd"	"Cmd"	"Cmd"	"Cmd"	"Cmd"	"Cmd"	"Cmd"	
"0x2206 'aoAdminUnit\Vlv2.Cmd'"	"0x010D"	"Vlv2.Cmd"	"Vlv2.Cmd"	"Vlv2.Cmd"	"Vlv2.Cmd"	"Vlv2.Cmd"	"Vlv2.Cmd"	"Vlv2.Cmd"	"Vlv2.Cmd"	
"0x2206 'aoAdminUnit\Vlv2.Cmd'"	"0x1102"	"%"	"%"	"%"	"%"	"%"	"%"	"%"	"%"	
"0x2206 'aoAdminUnit\Vlv2.Cmd'"	"0x1214"	"%"	"%"	"%"	"%"	"%"	"%"	"%"	"%"	
"0x2310 'aoAdminUnit\Vlv2.Pos'"	"0x1100"	"Pos"	"Pos"	"Pos"	"Pos"	"Pos"	"Pos"	"Pos"	"Pos"	
"0x2310 'aoAdminUnit\Vlv2.Pos'"	"0x010D"	"Vlv2.Pos"	"Vlv2.Pos"	"Vlv2.Pos"	"Vlv2.Pos"	"Vlv2.Pos"	"Vlv2.Pos"	"Vlv2.Pos"	"Vlv2.Pos"	
"0x2310 'aoAdminUnit\Vlv2.Pos'"	"0x1101"	"Idle*Pos+*Pos-*Sync+*Sync-"	"Idle*Pos+*Pos-*Sync+*Sync-"	"Idle*Pos+*Pos-*Sync+*Sync-"	"Idle*Pos+*Pos-*Sync+*Sync-"	"Idle*Pos+*Pos-*Sync+*Sync-"	"Idle*Pos+*Pos-*Sync+*Sync-"	"Idle*Pos+*Pos-*Sync+*Sync-"	"Idle*Pos+*Pos-*Sync+*Sync-"	
"0x2308 'aoAdminUnit\Vlv3'"	"0x1100"	"Vlv3"	"Vlv3"	"Vlv3"	"Vlv3"	"Vlv3"	"Vlv3"	"Vlv3"	"Vlv3"	
"0x2308 'aoAdminUnit\Vlv3'"	"0x010D"	"Vlv3"	"Vlv3"	"Vlv3"	"Vlv3"	"Vlv3"	"Vlv3"	"Vlv3"	"Vlv3"	
"0x2304 'aoAdminUnit\Vlv3.RefIO'"	"0x1100"	"RefIO"	"RefIO"	"RefIO"	"RefIO"	"RefIO"	"RefIO"	"RefIO"	"RefIO"	
"0x2304 'aoAdminUnit\Vlv3.RefIO'"	"0x010D"	"Vlv3.RefIO"	"Vlv3.RefIO"	"Vlv3.RefIO"	"Vlv3.RefIO"	"Vlv3.RefIO"	"Vlv3.RefIO"	"Vlv3.RefIO"	"Vlv3.RefIO"	
"0x2206 'aoAdminUnit\Vlv3.Cmd'"	"0x1100"	"Cmd"	"Cmd"	"Cmd"	"Cmd"	"Cmd"	"Cmd"	"Cmd"	"Cmd"	
"0x2206 'aoAdminUnit\Vlv3.Cmd'"	"0x010D"	"Vlv3.Cmd"	"Vlv3.Cmd"	"Vlv3.Cmd"	"Vlv3.Cmd"	"Vlv3.Cmd"	"Vlv3.Cmd"	"Vlv3.Cmd"	"Vlv3.Cmd"	
"0x2206 'aoAdminUnit\Vlv3.Cmd'"	"0x1102"	"%"	"%"	"%"	"%"	"%"	"%"	"%"	"%"	
"0x2206 'aoAdminUnit\Vlv3.Cmd'"	"0x1214"	"%"	"%"	"%"	"%"	"%"	"%"	"%"	"%"	
"0x2310 'aoAdminUnit\Vlv3.Pos'"	"0x1100"	"Pos"	"Pos"	"Pos"	"Pos"	"Pos"	"Pos"	"Pos"	"Pos"	
"0x2310 'aoAdminUnit\Vlv3.Pos'"	"0x010D"	"Vlv3.Pos"	"Vlv3.Pos"	"Vlv3.Pos"	"Vlv3.Pos"	"Vlv3.Pos"	"Vlv3.Pos"	"Vlv3.Pos"	"Vlv3.Pos"	
"0x2310 'aoAdminUnit\Vlv3.Pos'"	"0x1101"	"Idle*Pos+*Pos-*Sync+*Sync-"	"Idle*Pos+*Pos-*Sync+*Sync-"	"Idle*Pos+*Pos-*Sync+*Sync-"	"Idle*Pos+*Pos-*Sync+*Sync-"	"Idle*Pos+*Pos-*Sync+*Sync-"	"Idle*Pos+*Pos-*Sync+*Sync-"	"Idle*Pos+*Pos-*Sync+*Sync-"	"Idle*Pos+*Pos-*Sync+*Sync-"	
"0x2308 'aoAdminUnit\Vlv4'"	"0x1100"	"Vlv4"	"Vlv4"	"Vlv4"	"Vlv4"	"Vlv4"	"Vlv4"	"Vlv4"	"Vlv4"	
"0x2308 'aoAdminUnit\Vlv4'"	"0x010D"	"Vlv4"	"Vlv4"	"Vlv4"	"Vlv4"	"Vlv4"	"Vlv4"	"Vlv4"	"Vlv4"	
"0x2304 'aoAdminUnit\Vlv4.RefIO'"	"0x1100"	"RefIO"	"RefIO"	"RefIO"	"RefIO"	"RefIO"	"RefIO"	"RefIO"	"RefIO"	
"0x2304 'aoAdminUnit\Vlv4.RefIO'"	"0x010D"	"Vlv4.RefIO"	"Vlv4.RefIO"	"Vlv4.RefIO"	"Vlv4.RefIO"	"Vlv4.RefIO"	"Vlv4.RefIO"	"Vlv4.RefIO"	"Vlv4.RefIO"	
"0x2206 'aoAdminUnit\Vlv4.Cmd'"	"0x1100"	"Cmd"	"Cmd"	"Cmd"	"Cmd"	"Cmd"	"Cmd"	"Cmd"	"Cmd"	
"0x2206 'aoAdminUnit\Vlv4.Cmd'"	"0x010D"	"Vlv4.Cmd"	"Vlv4.Cmd"	"Vlv4.Cmd"	"Vlv4.Cmd"	"Vlv4.Cmd"	"Vlv4.Cmd"	"Vlv4.Cmd"	"Vlv4.Cmd"	
"0x2206 'aoAdminUnit\Vlv4.Cmd'"	"0x1102"	"%"	"%"	"%"	"%"	"%"	"%"	"%"	"%"	
"0x2206 'aoAdminUnit\Vlv4.Cmd'"	"0x1214"	"%"	"%"	"%"	"%"	"%"	"%"	"%"	"%"	
"0x2310 'aoAdminUnit\Vlv4.Pos'"	"0x1100"	"Pos"	"Pos"	"Pos"	"Pos"	"Pos"	"Pos"	"Pos"	"Pos"	
"0x2310 'aoAdminUnit\Vlv4.Pos'"	"0x010D"	"Vlv4.Pos"	"Vlv4.Pos"	"Vlv4.Pos"	"Vlv4.Pos"	"Vlv4.Pos"	"Vlv4.Pos"	"Vlv4.Pos"	"Vlv4.Pos"	
"0x2310 'aoAdminUnit\Vlv4.Pos'"	"0x1101"	"Idle*Pos+*Pos-*Sync+*Sync-"	"Idle*Pos+*Pos-*Sync+*Sync-"	"Idle*Pos+*Pos-*Sync+*Sync-"	"Idle*Pos+*Pos-*Sync+*Sync-"	"Idle*Pos+*Pos-*Sync+*Sync-"	"Idle*Pos+*Pos-*Sync+*Sync-"	"Idle*Pos+*Pos-*Sync+*Sync-"	"Idle*Pos+*Pos-*Sync+*Sync-"	
"0x2308 'aoAdminUnit\Vlv5'"	"0x1100"	"Vlv5"	"Vlv5"	"Vlv5"	"Vlv5"	"Vlv5"	"Vlv5"	"Vlv5"	"Vlv5"	
"0x2308 'aoAdminUnit\Vlv5'"	"0x010D"	"Vlv5"	"Vlv5"	"Vlv5"	"Vlv5"	"Vlv5"	"Vlv5"	"Vlv5"	"Vlv5"	
"0x2304 'aoAdminUnit\Vlv5.RefIO'"	"0x1100"	"RefIO"	"RefIO"	"RefIO"	"RefIO"	"RefIO"	"RefIO"	"RefIO"	"RefIO"	
"0x2304 'aoAdminUnit\Vlv5.RefIO'"	"0x010D"	"Vlv5.RefIO"	"Vlv5.RefIO"	"Vlv5.RefIO"	"Vlv5.RefIO"	"Vlv5.RefIO"	"Vlv5.RefIO"	"Vlv5.RefIO"	"Vlv5.RefIO"	
"0x2206 'aoAdminUnit\Vlv5.Cmd'"	"0x1100"	"Cmd"	"Cmd"	"Cmd"	"Cmd"	"Cmd"	"Cmd"	"Cmd"	"Cmd"	
"0x2206 'aoAdminUnit\Vlv5.Cmd'"	"0x010D"	"Vlv5.Cmd"	"Vlv5.Cmd"	"Vlv5.Cmd"	"Vlv5.Cmd"	"Vlv5.Cmd"	"Vlv5.Cmd"	"Vlv5.Cmd"	"Vlv5.Cmd"	
"0x2206 'aoAdminUnit\Vlv5.Cmd'"	"0x1102"	"%"	"%"	"%"	"%"	"%"	"%"	"%"	"%"	
"0x2206 'aoAdminUnit\Vlv5.Cmd'"	"0x1214"	"%"	"%"	"%"	"%"	"%"	"%"	"%"	"%"	
"0x2310 'aoAdminUnit\Vlv5.Pos'"	"0x1100"	"Pos"	"Pos"	"Pos"	"Pos"	"Pos"	"Pos"	"Pos"	"Pos"	
"0x2310 'aoAdminUnit\Vlv5.Pos'"	"0x010D"	"Vlv5.Pos"	"Vlv5.Pos"	"Vlv5.Pos"	"Vlv5.Pos"	"Vlv5.Pos"	"Vlv5.Pos"	"Vlv5.Pos"	"Vlv5.Pos"	
"0x2310 'aoAdminUnit\Vlv5.Pos'"	"0x1101"	"Idle*Pos+*Pos-*Sync+*Sync-"	"Idle*Pos+*Pos-*Sync+*Sync-"	"Idle*Pos+*Pos-*Sync+*Sync-"	"Idle*Pos+*Pos-*Sync+*Sync-"	"Idle*Pos+*Pos-*Sync+*Sync-"	"Idle*Pos+*Pos-*Sync+*Sync-"	"Idle*Pos+*Pos-*Sync+*Sync-"	"Idle*Pos+*Pos-*Sync+*Sync-"	
"0x2308 'aoAdminUnit\Vlv6'"	"0x1100"	"Vlv6"	"Vlv6"	"Vlv6"	"Vlv6"	"Vlv6"	"Vlv6"	"Vlv6"	"Vlv6"	
"0x2308 'aoAdminUnit\Vlv6'"	"0x010D"	"Vlv6"	"Vlv6"	"Vlv6"	"Vlv6"	"Vlv6"	"Vlv6"	"Vlv6"	"Vlv6"	
"0x2304 'aoAdminUnit\Vlv6.RefIO'"	"0x1100"	"RefIO"	"RefIO"	"RefIO"	"RefIO"	"RefIO"	"RefIO"	"RefIO"	"RefIO"	
"0x2304 'aoAdminUnit\Vlv6.RefIO'"	"0x010D"	"Vlv6.RefIO"	"Vlv6.RefIO"	"Vlv6.RefIO"	"Vlv6.RefIO"	"Vlv6.RefIO"	"Vlv6.RefIO"	"Vlv6.RefIO"	"Vlv6.RefIO"	
"0x2206 'aoAdminUnit\Vlv6.Cmd'"	"0x1100"	"Cmd"	"Cmd"	"Cmd"	"Cmd"	"Cmd"	"Cmd"	"Cmd"	"Cmd"	
"0x2206 'aoAdminUnit\Vlv6.Cmd'"	"0x010D"	"Vlv6.Cmd"	"Vlv6.Cmd"	"Vlv6.Cmd"	"Vlv6.Cmd"	"Vlv6.Cmd"	"Vlv6.Cmd"	"Vlv6.Cmd"	"Vlv6.Cmd"	
"0x2206 'aoAdminUnit\Vlv6.Cmd'"	"0x1102"	"%"	"%"	"%"	"%"	"%"	"%"	"%"	"%"	
"0x2206 'aoAdminUnit\Vlv6.Cmd'"	"0x1214"	"%"	"%"	"%"	"%"	"%"	"%"	"%"	"%"	
"0x2310 'aoAdminUnit\Vlv6.Pos'"	"0x1100"	"Pos"	"Pos"	"Pos"	"Pos"	"Pos"	"Pos"	"Pos"	"Pos"	
"0x2310 'aoAdminUnit\Vlv6.Pos'"	"0x010D"	"Vlv6.Pos"	"Vlv6.Pos"	"Vlv6.Pos"	"Vlv6.Pos"	"Vlv6.Pos"	"Vlv6.Pos"	"Vlv6.Pos"	"Vlv6.Pos"	
"0x2310 'aoAdminUnit\Vlv6.Pos'"	"0x1101"	"Idle*Pos+*Pos-*Sync+*Sync-"	"Idle*Pos+*Pos-*Sync+*Sync-"	"Idle*Pos+*Pos-*Sync+*Sync-"	"Idle*Pos+*Pos-*Sync+*Sync-"	"Idle*Pos+*Pos-*Sync+*Sync-"	"Idle*Pos+*Pos-*Sync+*Sync-"	"Idle*Pos+*Pos-*Sync+*Sync-"	"Idle*Pos+*Pos-*Sync+*Sync-"	
"0x2308 'aoAdminUnit\Vlv7'"	"0x1100"	"Vlv7"	"Vlv7"	"Vlv7"	"Vlv7"	"Vlv7"	"Vlv7"	"Vlv7"	"Vlv7"	
"0x2308 'aoAdminUnit\Vlv7'"	"0x010D"	"Vlv7"	"Vlv7"	"Vlv7"	"Vlv7"	"Vlv7"	"Vlv7"	"Vlv7"	"Vlv7"	
"0x2304 'aoAdminUnit\Vlv7.RefIO'"	"0x1100"	"RefIO"	"RefIO"	"RefIO"	"RefIO"	"RefIO"	"RefIO"	"RefIO"	"RefIO"	
"0x2304 'aoAdminUnit\Vlv7.RefIO'"	"0x010D"	"Vlv7.RefIO"	"Vlv7.RefIO"	"Vlv7.RefIO"	"Vlv7.RefIO"	"Vlv7.RefIO"	"Vlv7.RefIO"	"Vlv7.RefIO"	"Vlv7.RefIO"	
"0x2206 'aoAdminUnit\Vlv7.Cmd'"	"0x1100"	"Cmd"	"Cmd"	"Cmd"	"Cmd"	"Cmd"	"Cmd"	"Cmd"	"Cmd"	
"0x2206 'aoAdminUnit\Vlv7.Cmd'"	"0x010D"	"Vlv7.Cmd"	"Vlv7.Cmd"	"Vlv7.Cmd"	"Vlv7.Cmd"	"Vlv7.Cmd"	"Vlv7.Cmd"	"Vlv7.Cmd"	"Vlv7.Cmd"	
"0x2206 'aoAdminUnit\Vlv7.Cmd'"	"0x1102"	"%"	"%"	"%"	"%"	"%"	"%"	"%"	"%"	
"0x2206 'aoAdminUnit\Vlv7.Cmd'"	"0x1214"	"%"	"%"	"%"	"%"	"%"	"%"	"%"	"%"	
"0x2310 'aoAdminUnit\Vlv7.Pos'"	"0x1100"	"Pos"	"Pos"	"Pos"	"Pos"	"Pos"	"Pos"	"Pos"	"Pos"	
"0x2310 'aoAdminUnit\Vlv7.Pos'"	"0x010D"	"Vlv7.Pos"	"Vlv7.Pos"	"Vlv7.Pos"	"Vlv7.Pos"	"Vlv7.Pos"	"Vlv7.Pos"	"Vlv7.Pos"	"Vlv7.Pos"	
"0x2310 'aoAdminUnit\Vlv7.Pos'"	"0x1101"	"Idle*Pos+*Pos-*Sync+*Sync-"	"Idle*Pos+*Pos-*Sync+*Sync-"	"Idle*Pos+*Pos-*Sync+*Sync-"	"Idle*Pos+*Pos-*Sync+*Sync-"	"Idle*Pos+*Pos-*Sync+*Sync-"	"Idle*Pos+*Pos-*Sync+*Sync-"	"Idle*Pos+*Pos-*Sync+*Sync-"	"Idle*Pos+*Pos-*Sync+*Sync-"	
"0x2308 'aoAdminUnit\Vlv8'"	"0x1100"	"Vlv8"	"Vlv8"	"Vlv8"	"Vlv8"	"Vlv8"	"Vlv8"	"Vlv8"	"Vlv8"	
"0x2308 'aoAdminUnit\Vlv8'"	"0x010D"	"Vlv8"	"Vlv8"	"Vlv8"	"Vlv8"	"Vlv8"	"Vlv8"	"Vlv8"	"Vlv8"	
"0x2304 'aoAdminUnit\Vlv8.RefIO'"	"0x1100"	"RefIO"	"RefIO"	"RefIO"	"RefIO"	"RefIO"	"RefIO"	"RefIO"	"RefIO"	
"0x2304 'aoAdminUnit\Vlv8.RefIO'"	"0x010D"	"Vlv8.RefIO"	"Vlv8.RefIO"	"Vlv8.RefIO"	"Vlv8.RefIO"	"Vlv8.RefIO"	"Vlv8.RefIO"	"Vlv8.RefIO"	"Vlv8.RefIO"	
"0x2206 'aoAdminUnit\Vlv8.Cmd'"	"0x1100"	"Cmd"	"Cmd"	"Cmd"	"Cmd"	"Cmd"	"Cmd"	"Cmd"	"Cmd"	
"0x2206 'aoAdminUnit\Vlv8.Cmd'"	"0x010D"	"Vlv8.Cmd"	"Vlv8.Cmd"	"Vlv8.Cmd"	"Vlv8.Cmd"	"Vlv8.Cmd"	"Vlv8.Cmd"	"Vlv8.Cmd"	"Vlv8.Cmd"	
"0x2206 'aoAdminUnit\Vlv8.Cmd'"	"0x1102"	"%"	"%"	"%"	"%"	"%"	"%"	"%"	"%"	
"0x2206 'aoAdminUnit\Vlv8.Cmd'"	"0x1214"	"%"	"%"	"%"	"%"	"%"	"%"	"%"	"%"	
"0x2310 'aoAdminUnit\Vlv8.Pos'"	"0x1100"	"Pos"	"Pos"	"Pos"	"Pos"	"Pos"	"Pos"	"Pos"	"Pos"	
"0x2310 'aoAdminUnit\Vlv8.Pos'"	"0x010D"	"Vlv8.Pos"	"Vlv8.Pos"	"Vlv8.Pos"	"Vlv8.Pos"	"Vlv8.Pos"	"Vlv8.Pos"	"Vlv8.Pos"	"Vlv8.Pos"	
"0x2310 'aoAdminUnit\Vlv8.Pos'"	"0x1101"	"Idle*Pos+*Pos-*Sync+*Sync-"	"Idle*Pos+*Pos-*Sync+*Sync-"	"Idle*Pos+*Pos-*Sync+*Sync-"	"Idle*Pos+*Pos-*Sync+*Sync-"	"Idle*Pos+*Pos-*Sync+*Sync-"	"Idle*Pos+*Pos-*Sync+*Sync-"	"Idle*Pos+*Pos-*Sync+*Sync-"	"Idle*Pos+*Pos-*Sync+*Sync-"	
